-- DAVY --
smlua_anim_util_register_animation('cr_anim_davy_menu', 0, 0, 0, 0, 50, { 
	0x0000, 0x0000, 0x0000, 0x0000, 0x0000, 0x0000, 0x0000, 0xFFFF, 0xFFFF, 
	0xFFFF, 0xFFFF, 0xFFFF, 0xFFFF, 0xFFFE, 0xFFFE, 0xFFFE, 0xFFFE, 0xFFFE, 
	0xFFFE, 0xFFFE, 0xFFFD, 0xFFFD, 0xFFFD, 0xFFFD, 0xFFFD, 0xFFFD, 0xFFFD, 
	0xFFFD, 0xFFFD, 0xFFFD, 0xFFFD, 0xFFFE, 0xFFFE, 0xFFFE, 0xFFFE, 0xFFFE, 
	0xFFFE, 0xFFFE, 0xFFFF, 0xFFFF, 0xFFFF, 0xFFFF, 0xFFFF, 0xFFFF, 0x0000, 
	0x008F, 0x008F, 0x008E, 0x008E, 0x008E, 0x008E, 0x008E, 0x008D, 0x008D, 
	0x008C, 0x008C, 0x008B, 0x008B, 0x008B, 0x008A, 0x008A, 0x0089, 0x0089, 
	0x0088, 0x0088, 0x0088, 0x0087, 0x0087, 0x0087, 0x0087, 0x0087, 0x0087, 
	0x0087, 0x0087, 0x0087, 0x0088, 0x0088, 0x0088, 0x0089, 0x0089, 0x008A, 
	0x008A, 0x008B, 0x008B, 0x008B, 0x008C, 0x008C, 0x008D, 0x008D, 0x008E, 
	0x008E, 0x008E, 0x008E, 0x008E, 0x008F, 0x0000, 0x0000, 0x3FFF, 0x0000, 
	0xEE97, 0x0D36, 0x4BCD, 0xFF96, 0xFF96, 0xFF96, 0xFF97, 0xFF97, 0xFF98, 
	0xFF99, 0xFF9A, 0xFF9B, 0xFF9C, 0xFF9D, 0xFF9E, 0xFF9F, 0xFFA1, 0xFFA2, 
	0xFFA3, 0xFFA4, 0xFFA5, 0xFFA6, 0xFFA7, 0xFFA8, 0xFFA9, 0xFFA9, 0xFFAA, 
	0xFFAA, 0xFFAA, 0xFFAA, 0xFFAA, 0xFFA9, 0xFFA9, 0xFFA8, 0xFFA7, 0xFFA6, 
	0xFFA5, 0xFFA4, 0xFFA3, 0xFFA2, 0xFFA1, 0xFF9F, 0xFF9E, 0xFF9D, 0xFF9C, 
	0xFF9B, 0xFF9A, 0xFF99, 0xFF98, 0xFF97, 0xFF97, 0xFF96, 0xFEDE, 0xFEDE, 
	0xFEDE, 0xFEDE, 0xFEDE, 0xFEDE, 0xFEDD, 0xFEDD, 0xFEDD, 0xFEDC, 0xFEDC, 
	0xFEDC, 0xFEDB, 0xFEDB, 0xFEDA, 0xFEDA, 0xFEDA, 0xFED9, 0xFED9, 0xFED9, 
	0xFED8, 0xFED8, 0xFED8, 0xFED8, 0xFED8, 0xFED8, 0xFED8, 0xFED8, 0xFED8, 
	0xFED8, 0xFED8, 0xFED9, 0xFED9, 0xFED9, 0xFEDA, 0xFEDA, 0xFEDA, 0xFEDB, 
	0xFEDB, 0xFEDC, 0xFEDC, 0xFEDC, 0xFEDD, 0xFEDD, 0xFEDD, 0xFEDE, 0x095B, 
	0x0957, 0x094D, 0x093E, 0x0929, 0x090F, 0x08F1, 0x08CF, 0x08AA, 0x0883, 
	0x0859, 0x082F, 0x0803, 0x07D7, 0x07AC, 0x0781, 0x0758, 0x0730, 0x070C, 
	0x06EA, 0x06CC, 0x06B2, 0x069D, 0x068D, 0x0683, 0x0680, 0x0683, 0x068D, 
	0x069D, 0x06B2, 0x06CC, 0x06EA, 0x070C, 0x0730, 0x0758, 0x0781, 0x07AC, 
	0x07D7, 0x0803, 0x082F, 0x0859, 0x0883, 0x08AA, 0x08CF, 0x08F1, 0x090F, 
	0x0929, 0x093E, 0x094D, 0x0957, 0x095B, 0xFE3A, 0xFE3B, 0xFE3C, 0xFE3D, 
	0xFE3F, 0xFE41, 0xFE44, 0xFE47, 0xFE4B, 0xFE4E, 0xFE52, 0xFE56, 0xFE5A, 
	0xFE5E, 0xFE62, 0xFE66, 0xFE6A, 0xFE6D, 0xFE71, 0xFE74, 0xFE77, 0xFE79, 
	0xFE7B, 0xFE7C, 0xFE7D, 0xFE7E, 0xFE7D, 0xFE7C, 0xFE7B, 0xFE79, 0xFE77, 
	0xFE74, 0xFE71, 0xFE6D, 0xFE6A, 0xFE66, 0xFE62, 0xFE5E, 0xFE5A, 0xFE56, 
	0xFE52, 0xFE4E, 0xFE4B, 0xFE47, 0xFE44, 0xFE41, 0xFE3F, 0xFE3D, 0xFE3C, 
	0xFE3B, 0xFE3A, 0xFC44, 0xFC44, 0xFC43, 0xFC42, 0xFC42, 0xFC41, 0xFC3F, 
	0xFC3E, 0xFC3D, 0xFC3B, 0xFC39, 0xFC38, 0xFC36, 0xFC34, 0xFC33, 0xFC31, 
	0xFC2F, 0xFC2E, 0xFC2C, 0xFC2B, 0xFC2A, 0xFC29, 0xFC28, 0xFC27, 0xFC27, 
	0xFC27, 0xFC27, 0xFC27, 0xFC28, 0xFC29, 0xFC2A, 0xFC2B, 0xFC2C, 0xFC2E, 
	0xFC2F, 0xFC31, 0xFC33, 0xFC34, 0xFC36, 0xFC38, 0xFC39, 0xFC3B, 0xFC3D, 
	0xFC3E, 0xFC3F, 0xFC41, 0xFC42, 0xFC42, 0xFC43, 0xFC44, 0x0480, 0x047D, 
	0x0473, 0x0464, 0x044F, 0x0435, 0x0417, 0x03F6, 0x03D2, 0x03AB, 0x0382, 
	0x0358, 0x032D, 0x0301, 0x02D6, 0x02AC, 0x0283, 0x025C, 0x0238, 0x0216, 
	0x01F9, 0x01DF, 0x01CA, 0x01BB, 0x01B1, 0x01AE, 0x01B1, 0x01BB, 0x01CA, 
	0x01DF, 0x01F9, 0x0216, 0x0238, 0x025C, 0x0283, 0x02AC, 0x02D6, 0x0301, 
	0x032D, 0x0358, 0x0382, 0x03AB, 0x03D2, 0x03F6, 0x0417, 0x0435, 0x044F, 
	0x0464, 0x0473, 0x047D, 0x0480, 0xFFFE, 0x0001, 0xC170, 0x0A6D, 0x0A70, 
	0x0A7A, 0x0A8A, 0x0A9F, 0x0AB9, 0x0AD7, 0x0AF8, 0x0B1D, 0x0B44, 0x0B6E, 
	0x0B98, 0x0BC4, 0x0BF0, 0x0C1B, 0x0C46, 0x0C6F, 0x0C96, 0x0CBB, 0x0CDD, 
	0x0CFB, 0x0D15, 0x0D2A, 0x0D3A, 0x0D44, 0x0D47, 0x0D44, 0x0D3A, 0x0D2A, 
	0x0D15, 0x0CFB, 0x0CDD, 0x0CBB, 0x0C96, 0x0C6F, 0x0C46, 0x0C1B, 0x0BF0, 
	0x0BC4, 0x0B98, 0x0B6E, 0x0B44, 0x0B1D, 0x0AF8, 0x0AD7, 0x0AB9, 0x0A9F, 
	0x0A8A, 0x0A7A, 0x0A70, 0x0A6D, 0xE256, 0xE257, 0xE25C, 0xE263, 0xE26C, 
	0xE278, 0xE285, 0xE295, 0xE2A5, 0xE2B7, 0xE2CA, 0xE2DD, 0xE2F1, 0xE304, 
	0xE318, 0xE32B, 0xE33E, 0xE350, 0xE360, 0xE36F, 0xE37D, 0xE389, 0xE392, 
	0xE399, 0xE39E, 0xE39F, 0xE39E, 0xE399, 0xE392, 0xE389, 0xE37D, 0xE36F, 
	0xE360, 0xE350, 0xE33E, 0xE32B, 0xE318, 0xE304, 0xE2F1, 0xE2DD, 0xE2CA, 
	0xE2B7, 0xE2A5, 0xE295, 0xE285, 0xE278, 0xE26C, 0xE263, 0xE25C, 0xE257, 
	0xE256, 0xE3F5, 0xE3F1, 0xE3E5, 0xE3D3, 0xE3BA, 0xE39B, 0xE377, 0xE34F, 
	0xE324, 0xE2F5, 0xE2C4, 0xE291, 0xE25E, 0xE22A, 0xE1F6, 0xE1C3, 0xE192, 
	0xE164, 0xE138, 0xE110, 0xE0EC, 0xE0CD, 0xE0B4, 0xE0A2, 0xE096, 0xE092, 
	0xE096, 0xE0A2, 0xE0B4, 0xE0CD, 0xE0EC, 0xE110, 0xE138, 0xE164, 0xE192, 
	0xE1C3, 0xE1F6, 0xE22A, 0xE25E, 0xE291, 0xE2C4, 0xE2F5, 0xE324, 0xE34F, 
	0xE377, 0xE39B, 0xE3BA, 0xE3D3, 0xE3E5, 0xE3F1, 0xE3F5, 0x4126, 0x4126, 
	0x4126, 0x4126, 0x4125, 0x4125, 0x4125, 0x4124, 0x4124, 0x4123, 0x4123, 
	0x4122, 0x4121, 0x4121, 0x4120, 0x4120, 0x411F, 0x411F, 0x411E, 0x411E, 
	0x411D, 0x411D, 0x411D, 0x411C, 0x411C, 0x411C, 0x411C, 0x411C, 0x411D, 
	0x411D, 0x411D, 0x411E, 0x411E, 0x411F, 0x411F, 0x4120, 0x4120, 0x4121, 
	0x4121, 0x4122, 0x4123, 0x4123, 0x4124, 0x4124, 0x4125, 0x4125, 0x4125, 
	0x4126, 0x0541, 0x0540, 0x053E, 0x0539, 0x0534, 0x052D, 0x0524, 0x051B, 
	0x0511, 0x0506, 0x04FB, 0x04EF, 0x04E3, 0x04D7, 0x04CB, 0x04BF, 0x04B4, 
	0x04A9, 0x049F, 0x0496, 0x048D, 0x0486, 0x0480, 0x047C, 0x0479, 0x0478, 
	0x0479, 0x047C, 0x0480, 0x0486, 0x048D, 0x0496, 0x049F, 0x04A9, 0x04B4, 
	0x04BF, 0x04CB, 0x04D7, 0x04E3, 0x04EF, 0x04FB, 0x0506, 0x0511, 0x051B, 
	0x0524, 0x052D, 0x0534, 0x0539, 0x053E, 0x0540, 0x0541, 0xB0B7, 0xB0B2, 
	0xB0A4, 0xB08E, 0xB070, 0xB04C, 0xB022, 0xAFF3, 0xAFBF, 0xAF88, 0xAF4F, 
	0xAF13, 0xAED6, 0xAE99, 0xAE5C, 0xAE20, 0xADE6, 0xADAF, 0xAD7C, 0xAD4D, 
	0xAD23, 0xACFE, 0xACE1, 0xACCB, 0xACBD, 0xACB8, 0xACBD, 0xACCB, 0xACE1, 
	0xACFE, 0xAD23, 0xAD4D, 0xAD7C, 0xADAF, 0xADE6, 0xAE20, 0xAE5C, 0xAE99, 
	0xAED6, 0xAF13, 0xAF4F, 0xAF88, 0xAFBF, 0xAFF3, 0xB022, 0xB04C, 0xB070, 
	0xB08E, 0xB0A4, 0xB0B2, 0xB0B7, 0xD805, 0xD7FC, 0xD7E2, 0xD7B9, 0xD781, 
	0xD73E, 0xD6EF, 0xD696, 0xD635, 0xD5CE, 0xD561, 0xD4F1, 0xD47F, 0xD40C, 
	0xD399, 0xD329, 0xD2BD, 0xD255, 0xD1F4, 0xD19C, 0xD14D, 0xD109, 0xD0D1, 
	0xD0A8, 0xD08E, 0xD085, 0xD08E, 0xD0A8, 0xD0D1, 0xD109, 0xD14D, 0xD19C, 
	0xD1F4, 0xD255, 0xD2BD, 0xD329, 0xD399, 0xD40C, 0xD47F, 0xD4F1, 0xD561, 
	0xD5CE, 0xD635, 0xD696, 0xD6EF, 0xD73E, 0xD781, 0xD7B9, 0xD7E2, 0xD7FC, 
	0xD805, 0x2387, 0x238E, 0x23A1, 0x23C1, 0x23EA, 0x241E, 0x245A, 0x249D, 
	0x24E6, 0x2534, 0x2586, 0x25DB, 0x2631, 0x2688, 0x26DF, 0x2734, 0x2786, 
	0x27D4, 0x281D, 0x2860, 0x289C, 0x28CF, 0x28F9, 0x2918, 0x292C, 0x2933, 
	0x292C, 0x2918, 0x28F9, 0x28CF, 0x289C, 0x2860, 0x281D, 0x27D4, 0x2786, 
	0x2734, 0x26DF, 0x2688, 0x2631, 0x25DB, 0x2586, 0x2534, 0x24E6, 0x249D, 
	0x245A, 0x241E, 0x23EA, 0x23C1, 0x23A1, 0x238E, 0x2387, 0xED56, 0xED4D, 
	0xED32, 0xED07, 0xECCE, 0xEC89, 0xEC37, 0xEBDC, 0xEB79, 0xEB0F, 0xEA9F, 
	0xEA2C, 0xE9B7, 0xE940, 0xE8CB, 0xE858, 0xE7E8, 0xE77E, 0xE71B, 0xE6C0, 
	0xE66E, 0xE629, 0xE5F0, 0xE5C5, 0xE5AA, 0xE5A1, 0xE5AA, 0xE5C5, 0xE5F0, 
	0xE629, 0xE66E, 0xE6C0, 0xE71B, 0xE77E, 0xE7E8, 0xE858, 0xE8CB, 0xE940, 
	0xE9B7, 0xEA2C, 0xEA9F, 0xEB0F, 0xEB79, 0xEBDC, 0xEC37, 0xEC89, 0xECCE, 
	0xED07, 0xED32, 0xED4D, 0xED56, 0x0000, 0xFFFF, 0xBFFF, 0x1852, 0x1851, 
	0x184C, 0x1844, 0x1839, 0x182C, 0x181D, 0x180C, 0x17FA, 0x17E6, 0x17D2, 
	0x17BC, 0x17A7, 0x1791, 0x177B, 0x1765, 0x1751, 0x173D, 0x172B, 0x171A, 
	0x170B, 0x16FE, 0x16F3, 0x16EB, 0x16E6, 0x16E5, 0x16E6, 0x16EB, 0x16F3, 
	0x16FE, 0x170B, 0x171A, 0x172B, 0x173D, 0x1751, 0x1765, 0x177B, 0x1791, 
	0x17A7, 0x17BC, 0x17D2, 0x17E6, 0x17FA, 0x180C, 0x181D, 0x182C, 0x1839, 
	0x1844, 0x184C, 0x1851, 0x1852, 0x0E56, 0x0E5A, 0x0E66, 0x0E79, 0x0E93, 
	0x0EB2, 0x0ED6, 0x0EFF, 0x0F2B, 0x0F5B, 0x0F8D, 0x0FC0, 0x0FF5, 0x102A, 
	0x105E, 0x1092, 0x10C4, 0x10F3, 0x1120, 0x1148, 0x116D, 0x118C, 0x11A5, 
	0x11B8, 0x11C4, 0x11C8, 0x11C4, 0x11B8, 0x11A5, 0x118C, 0x116D, 0x1148, 
	0x1120, 0x10F3, 0x10C4, 0x1092, 0x105E, 0x102A, 0x0FF5, 0x0FC0, 0x0F8D, 
	0x0F5B, 0x0F2B, 0x0EFF, 0x0ED6, 0x0EB2, 0x0E93, 0x0E79, 0x0E66, 0x0E5A, 
	0x0E56, 0xA01B, 0xA019, 0xA014, 0xA00B, 0x9FFF, 0x9FF1, 0x9FE1, 0x9FCF, 
	0x9FBA, 0x9FA5, 0x9F8E, 0x9F77, 0x9F5F, 0x9F47, 0x9F30, 0x9F18, 0x9F02, 
	0x9EEC, 0x9ED8, 0x9EC6, 0x9EB5, 0x9EA7, 0x9E9C, 0x9E93, 0x9E8E, 0x9E8C, 
	0x9E8E, 0x9E93, 0x9E9C, 0x9EA7, 0x9EB5, 0x9EC6, 0x9ED8, 0x9EEC, 0x9F02, 
	0x9F18, 0x9F30, 0x9F47, 0x9F5F, 0x9F77, 0x9F8E, 0x9FA5, 0x9FBA, 0x9FCF, 
	0x9FE1, 0x9FF1, 0x9FFF, 0xA00B, 0xA014, 0xA019, 0xA01B, 0xFFB4, 0xFFB4, 
	0xFFB5, 0xFFB5, 0xFFB5, 0xFFB6, 0xFFB6, 0xFFB6, 0xFFB7, 0xFFB8, 0xFFB8, 
	0xFFB9, 0xFFB9, 0xFFBA, 0xFFBB, 0xFFBB, 0xFFBC, 0xFFBD, 0xFFBD, 0xFFBE, 
	0xFFBE, 0xFFBE, 0xFFBF, 0xFFBF, 0xFFBF, 0xFFBF, 0xFFBF, 0xFFBF, 0xFFBF, 
	0xFFBE, 0xFFBE, 0xFFBE, 0xFFBD, 0xFFBD, 0xFFBC, 0xFFBB, 0xFFBB, 0xFFBA, 
	0xFFB9, 0xFFB9, 0xFFB8, 0xFFB8, 0xFFB7, 0xFFB6, 0xFFB6, 0xFFB6, 0xFFB5, 
	0xFFB5, 0xFFB5, 0xFFB4, 0xFF12, 0xFF12, 0xFF12, 0xFF12, 0xFF12, 0xFF12, 
	0xFF11, 0xFF11, 0xFF11, 0xFF11, 0xFF11, 0xFF11, 0xFF10, 0xFF10, 0xFF10, 
	0xFF10, 0xFF10, 0xFF0F, 0xFF0F, 0xFF0F, 0xFF0F, 0xFF0F, 0xFF0F, 0xFF0F, 
	0xFF0F, 0xFF0F, 0xFF0F, 0xFF0F, 0xFF0F, 0xFF0F, 0xFF0F, 0xFF0F, 0xFF0F, 
	0xFF0F, 0xFF10, 0xFF10, 0xFF10, 0xFF10, 0xFF10, 0xFF11, 0xFF11, 0xFF11, 
	0xFF11, 0xFF11, 0xFF11, 0xFF12, 0xB22A, 0xB228, 0xB222, 0xB217, 0xB20A, 
	0xB1F9, 0xB1E5, 0xB1CF, 0xB1B8, 0xB19E, 0xB183, 0xB167, 0xB14B, 0xB12F, 
	0xB112, 0xB0F7, 0xB0DC, 0xB0C2, 0xB0AA, 0xB094, 0xB081, 0xB070, 0xB062, 
	0xB058, 0xB052, 0xB04F, 0xB052, 0xB058, 0xB062, 0xB070, 0xB081, 0xB094, 
	0xB0AA, 0xB0C2, 0xB0DC, 0xB0F7, 0xB112, 0xB12F, 0xB14B, 0xB167, 0xB183, 
	0xB19E, 0xB1B8, 0xB1CF, 0xB1E5, 0xB1F9, 0xB20A, 0xB217, 0xB222, 0xB228, 
	0xB22A, 0x35C1, 0x35C2, 0x35C6, 0x35CB, 0x35D1, 0x35DA, 0x35E3, 0x35EE, 
	0x35FA, 0x3606, 0x3613, 0x3621, 0x362F, 0x363D, 0x364B, 0x3658, 0x3666, 
	0x3672, 0x367E, 0x3689, 0x3692, 0x369B, 0x36A1, 0x36A6, 0x36A9, 0x36AB, 
	0x36A9, 0x36A6, 0x36A1, 0x369B, 0x3692, 0x3689, 0x367E, 0x3672, 0x3666, 
	0x3658, 0x364B, 0x363D, 0x362F, 0x3621, 0x3613, 0x3606, 0x35FA, 0x35EE, 
	0x35E3, 0x35DA, 0x35D1, 0x35CB, 0x35C6, 0x35C2, 0x35C1, 0xF6B5, 0xF6B4, 
	0xF6B1, 0xF6AC, 0xF6A6, 0xF69E, 0xF694, 0xF68A, 0xF67F, 0xF673, 0xF666, 
	0xF659, 0xF64B, 0xF63E, 0xF631, 0xF623, 0xF617, 0xF60B, 0xF5FF, 0xF5F5, 
	0xF5EC, 0xF5E4, 0xF5DD, 0xF5D8, 0xF5D5, 0xF5D4, 0xF5D5, 0xF5D8, 0xF5DD, 
	0xF5E4, 0xF5EC, 0xF5F5, 0xF5FF, 0xF60B, 0xF617, 0xF623, 0xF631, 0xF63E, 
	0xF64B, 0xF659, 0xF666, 0xF673, 0xF67F, 0xF68A, 0xF694, 0xF69E, 0xF6A6, 
	0xF6AC, 0xF6B1, 0xF6B4, 0xF6B5, 0xDCF1, 0xDCEC, 0xDCE0, 0xDCCB, 0xDCB0, 
	0xDC8F, 0xDC69, 0xDC3E, 0xDC0E, 0xDBDC, 0xDBA7, 0xDB70, 0xDB39, 0xDB01, 
	0xDAC9, 0xDA92, 0xDA5D, 0xDA2B, 0xD9FC, 0xD9D0, 0xD9AA, 0xD989, 0xD96E, 
	0xD95A, 0xD94D, 0xD949, 0xD94D, 0xD95A, 0xD96E, 0xD989, 0xD9AA, 0xD9D0, 
	0xD9FC, 0xDA2B, 0xDA5D, 0xDA92, 0xDAC9, 0xDB01, 0xDB39, 0xDB70, 0xDBA7, 
	0xDBDC, 0xDC0E, 0xDC3E, 0xDC69, 0xDC8F, 0xDCB0, 0xDCCB, 0xDCE0, 0xDCEC, 
	0xDCF1, 0x0000, 0x0000, 0xBF5E, 0xDA6F, 0xDA70, 0xDA74, 0xDA7B, 0xDA84, 
	0xDA8F, 0xDA9C, 0xDAAB, 0xDABA, 0xDACB, 0xDADD, 0xDAEF, 0xDB02, 0xDB14, 
	0xDB27, 0xDB39, 0xDB4B, 0xDB5C, 0xDB6B, 0xDB7A, 0xDB87, 0xDB92, 0xDB9B, 
	0xDBA2, 0xDBA6, 0xDBA7, 0xDBA6, 0xDBA2, 0xDB9B, 0xDB92, 0xDB87, 0xDB7A, 
	0xDB6B, 0xDB5C, 0xDB4B, 0xDB39, 0xDB27, 0xDB14, 0xDB02, 0xDAEF, 0xDADD, 
	0xDACB, 0xDABA, 0xDAAB, 0xDA9C, 0xDA8F, 0xDA84, 0xDA7B, 0xDA74, 0xDA70, 
	0xDA6F, 0xE4D6, 0xE4D4, 0xE4CD, 0xE4C3, 0xE4B5, 0xE4A4, 0xE490, 0xE479, 
	0xE461, 0xE447, 0xE42C, 0xE40F, 0xE3F2, 0xE3D5, 0xE3B9, 0xE39C, 0xE381, 
	0xE367, 0xE34E, 0xE338, 0xE324, 0xE313, 0xE305, 0xE2FB, 0xE2F4, 0xE2F2, 
	0xE2F4, 0xE2FB, 0xE305, 0xE313, 0xE324, 0xE338, 0xE34E, 0xE367, 0xE381, 
	0xE39C, 0xE3B9, 0xE3D5, 0xE3F2, 0xE40F, 0xE42C, 0xE447, 0xE461, 0xE479, 
	0xE490, 0xE4A4, 0xE4B5, 0xE4C3, 0xE4CD, 0xE4D4, 0xE4D6, 0xA984, 0xA981, 
	0xA97B, 0xA970, 0xA962, 0xA951, 0xA93C, 0xA926, 0xA90D, 0xA8F3, 0xA8D7, 
	0xA8BA, 0xA89D, 0xA87F, 0xA862, 0xA845, 0xA82A, 0xA80F, 0xA7F7, 0xA7E0, 
	0xA7CC, 0xA7BA, 0xA7AC, 0xA7A2, 0xA79B, 0xA799, 0xA79B, 0xA7A2, 0xA7AC, 
	0xA7BA, 0xA7CC, 0xA7E0, 0xA7F7, 0xA80F, 0xA82A, 0xA846, 0xA862, 0xA87F, 
	0xA89D, 0xA8BA, 0xA8D7, 0xA8F3, 0xA90D, 0xA926, 0xA93C, 0xA951, 0xA962, 
	0xA970, 0xA97B, 0xA981, 0xA984, 0x0000, 0xFFFF, 0xFFFF, 0x0000, 0xFFFF, 
	0xFFFF, 0xFFFF, 0x0000, 0x0000, 0x0000, 0x0000, 0xFFFF, 0x0000, 0x0000, 
	0x0000, 0x0000, 0x0000, 0x0000, 0x0000, 0x0000, 0xFFFF, 0x0000, 0x0000, 
	0xFFFF, 0x0000, 0x0000, 0x0000, 0xFFFF, 0x0000, 0x0000, 0xFFFF, 0xFFFF, 
	0x0000, 0x0000, 0x0000, 0x0000, 0x0000, 0x0000, 0x0000, 0xFFFF, 0x0000, 
	0x0000, 0xFFFF, 0xFFFF, 0xFFFF, 0x0000, 0xFFFF, 0x0000, 0xFFFF, 0xFFFF, 
	0x0000, 0x0000, 0xFFFF, 0xFFFF, 0x0000, 0xFFFF, 0xFFFF, 0xFFFF, 0xFFFF, 
	0xFFFF, 0x0000, 0x0000, 0x0000, 0x0000, 0x0000, 0xFFFF, 0xFFFF, 0xFFFF, 
	0xFFFF, 0xFFFF, 0xFFFF, 0xFFFF, 0xFFFF, 0xFFFF, 0xFFFF, 0xFFFF, 0xFFFF, 
	0xFFFF, 0xFFFF, 0xFFFF, 0xFFFF, 0xFFFF, 0xFFFF, 0xFFFF, 0xFFFF, 0xFFFF, 
	0xFFFF, 0xFFFF, 0xFFFF, 0x0000, 0x0000, 0xFFFF, 0xFFFF, 0xFFFF, 0x0000, 
	0xFFFF, 0xFFFF, 0xFFFF, 0x0000, 0xFFFF, 0xFFFF, 0x0000, 0x0000, 0x0000, 
	0xFFFF, 0xFFFF, 0xFFFF, 0x0000, 0x0000, 0x0000, 0x0000, 0x0000, 0x0000, 
	0xFFFF, 0x0000, 0xFFFF, 0x0000, 0x0000, 0x0000, 0x0000, 0x0000, 0x0000, 
	0xFFFF, 0xFFFF, 0x0000, 0xFFFF, 0x0000, 0x0000, 0x0000, 0xFFFF, 0x0000, 
	0xFFFF, 0xFFFF, 0xFFFF, 0xFFFF, 0x0000, 0x0000, 0xFFFF, 0x0000, 0x0000, 
	0xFFFF, 0xFFFF, 0xFFFF, 0xFFFF, 0xFFFF, 0xFFFF, 0xFFFF, 0xFFFF, 0xFFFF, 
	0xFFFF, 0xFFFF, 0x0000, 0xFFFF, 0x0000, 0xFFFF, 0xFFFF, 0xFFFF, 0x0000, 
	0xFFFF, 0x0000, 0xFFFF, 0xFFFF, 0xFFFF, 0xFFFF, 0xFFFF, 0xFFFF, 0xFFFF, 
	0xFFFF, 0x0000, 0xFFFF, 0xFFFF, 0xFFFF, 0x0000, 0xFFFF, 0x0000, 0xFFFF, 
	0xFFFF, 0x0000, 0xFFFF, 0x0000, 0x0000, 0xFFFF, 0x0000, 0x0000, 0x0000, 
	0x0000, 0x0000, 0xFFFF, 0x0000, 0xFFFF, 0x0000, 0xFFFF, 0x0000, 0xFFFF, 
	0xFFFF, 0x0000, 0x0000, 0x0000, 0xFFFF, 0xFFFF, 0x0000, 0x0000, 0xFFFF, 
	0x0000, 0x0000, 0x0000, 0xFFFF, 0xFFFF, 0xFFFF, 0xFFFF, 0xFFFF, 0xFFFF, 
	0xFFFF, 0xFFFF, 0xFFFF, 0xFFFF, 0xFFFF, 0xFFFF, 0xFFFF, 0x0000, 0xFFFF, 
	0x0000, 0xFFFF, 0xFFFF, 0x0000, 0xFFFF, 0xFFFF, 0xFFFF, 0x0000, 0x0000, 
	0x0000, 0x0000, 0x0000, 0x0000, 0x0000, 0x0000, 0x0000, 0x0000, 0x0000, 
	0x0000, 0x0000, 0x0000, 0x0000, 0xFFFF, 0x0000, 0x0000, 0xFFFF, 0x0000, 
	0xBF3F, 0xBF57, 0xBF9B, 0xC009, 0xC09B, 0xC14F, 0xC21F, 0xC30A, 0xC409, 
	0xC51A, 0xC639, 0xC761, 0xC88F, 0xC9BF, 0xCAEE, 0xCC16, 0xCD35, 0xCE46, 
	0xCF45, 0xD02F, 0xD100, 0xD1B3, 0xD246, 0xD2B3, 0xD2F8, 0xD30F, 0xD2F8, 
	0xD2B3, 0xD246, 0xD1B3, 0xD100, 0xD02F, 0xCF45, 0xCE46, 0xCD35, 0xCC16, 
	0xCAEE, 0xC9BF, 0xC88F, 0xC761, 0xC639, 0xC51A, 0xC409, 0xC309, 0xC21F, 
	0xC14F, 0xC09B, 0xC009, 0xBF9B, 0xBF57, 0xBF3F, 0x0000, 0x0000, 0xBF5E, 
	0x03FB, 0x03FA, 0x03F7, 0x03F2, 0x03EC, 0x03E4, 0x03DB, 0x03D1, 0x03C5, 
	0x03B9, 0x03AD, 0x03A0, 0x0392, 0x0385, 0x0377, 0x036A, 0x035E, 0x0352, 
	0x0347, 0x033C, 0x0333, 0x032B, 0x0325, 0x0320, 0x031D, 0x031C, 0x031D, 
	0x0320, 0x0325, 0x032B, 0x0333, 0x033C, 0x0347, 0x0352, 0x035E, 0x036A, 
	0x0377, 0x0385, 0x0392, 0x03A0, 0x03AD, 0x03B9, 0x03C5, 0x03D1, 0x03DB, 
	0x03E4, 0x03EC, 0x03F2, 0x03F7, 0x03FA, 0x03FB, 0x0F95, 0x0F95, 0x0F96, 
	0x0F97, 0x0F98, 0x0F9A, 0x0F9C, 0x0F9E, 0x0FA1, 0x0FA3, 0x0FA6, 0x0FA9, 
	0x0FAC, 0x0FAE, 0x0FB1, 0x0FB4, 0x0FB7, 0x0FB9, 0x0FBC, 0x0FBE, 0x0FC0, 
	0x0FC2, 0x0FC3, 0x0FC4, 0x0FC5, 0x0FC5, 0x0FC5, 0x0FC4, 0x0FC3, 0x0FC2, 
	0x0FC0, 0x0FBE, 0x0FBC, 0x0FB9, 0x0FB7, 0x0FB4, 0x0FB1, 0x0FAE, 0x0FAC, 
	0x0FA9, 0x0FA6, 0x0FA3, 0x0FA1, 0x0F9E, 0x0F9C, 0x0F9A, 0x0F98, 0x0F97, 
	0x0F96, 0x0F95, 0x84CE, 0x84CB, 0x84C3, 0x84B6, 0x84A5, 0x8490, 0x8478, 
	0x845C, 0x843E, 0x841E, 0x83FC, 0x83DA, 0x83B6, 0x8392, 0x836F, 0x834C, 
	0x832A, 0x830A, 0x82EC, 0x82D1, 0x82B8, 0x82A3, 0x8292, 0x8285, 0x827D, 
	0x827B, 0x827D, 0x8285, 0x8292, 0x82A3, 0x82B8, 0x82D1, 0x82EC, 0x830A, 
	0x832A, 0x834C, 0x836F, 0x8392, 0x83B6, 0x83DA, 0x83FC, 0x841E, 0x843E, 
	0x845C, 0x8478, 0x8490, 0x84A5, 0x84B6, 0x84C3, 0x84CB, 0x84CE, 0xFFA7, 
	0xFFA7, 0xFFA6, 0xFFA5, 0xFFA4, 0xFFA2, 0xFFA1, 0xFF9F, 0xFF9C, 0xFF9A, 
	0xFF98, 0xFF95, 0xFF93, 0xFF90, 0xFF8D, 0xFF8B, 0xFF88, 0xFF86, 0xFF84, 
	0xFF82, 0xFF80, 0xFF7E, 0xFF7D, 0xFF7C, 0xFF7C, 0xFF7B, 0xFF7C, 0xFF7C, 
	0xFF7D, 0xFF7E, 0xFF80, 0xFF82, 0xFF84, 0xFF86, 0xFF88, 0xFF8B, 0xFF8D, 
	0xFF90, 0xFF93, 0xFF95, 0xFF98, 0xFF9A, 0xFF9C, 0xFF9F, 0xFFA1, 0xFFA2, 
	0xFFA4, 0xFFA5, 0xFFA6, 0xFFA7, 0xFEB6, 0xFEB7, 0xFEB7, 0xFEB7, 0xFEB7, 
	0xFEB8, 0xFEB9, 0xFEB9, 0xFEBA, 0xFEBB, 0xFEBC, 0xFEBD, 0xFEBD, 0xFEBE, 
	0xFEBF, 0xFEC0, 0xFEC1, 0xFEC2, 0xFEC2, 0xFEC3, 0xFEC4, 0xFEC4, 0xFEC5, 
	0xFEC5, 0xFEC5, 0xFEC5, 0xFEC5, 0xFEC5, 0xFEC5, 0xFEC4, 0xFEC4, 0xFEC3, 
	0xFEC2, 0xFEC2, 0xFEC1, 0xFEC0, 0xFEBF, 0xFEBE, 0xFEBD, 0xFEBD, 0xFEBC, 
	0xFEBB, 0xFEBA, 0xFEB9, 0xFEB9, 0xFEB8, 0xFEB7, 0xFEB7, 0xFEB7, 0xFEB7, 
	0xFEB6, 0x36DA, 0x36E0, 0x36F3, 0x3712, 0x373A, 0x376C, 0x37A7, 0x37E8, 
	0x382F, 0x387B, 0x38CB, 0x391D, 0x3971, 0x39C6, 0x3A1A, 0x3A6C, 0x3ABC, 
	0x3B08, 0x3B4F, 0x3B90, 0x3BCA, 0x3BFC, 0x3C25, 0x3C44, 0x3C57, 0x3C5D, 
	0x3C57, 0x3C44, 0x3C25, 0x3BFC, 0x3BCA, 0x3B90, 0x3B4F, 0x3B08, 0x3ABC, 
	0x3A6C, 0x3A1A, 0x39C6, 0x3971, 0x391D, 0x38CB, 0x387B, 0x382F, 0x37E8, 
	0x37A7, 0x376C, 0x373A, 0x3712, 0x36F3, 0x36E0, 0x36DA, 0xFC43, 0xFC43, 
	0xFC44, 0xFC44, 0xFC45, 0xFC46, 0xFC47, 0xFC48, 0xFC4A, 0xFC4B, 0xFC4D, 
	0xFC4E, 0xFC50, 0xFC52, 0xFC53, 0xFC55, 0xFC56, 0xFC58, 0xFC59, 0xFC5A, 
	0xFC5C, 0xFC5D, 0xFC5D, 0xFC5E, 0xFC5E, 0xFC5E, 0xFC5E, 0xFC5E, 0xFC5D, 
	0xFC5D, 0xFC5C, 0xFC5A, 0xFC59, 0xFC58, 0xFC56, 0xFC55, 0xFC53, 0xFC52, 
	0xFC50, 0xFC4E, 0xFC4D, 0xFC4B, 0xFC4A, 0xFC48, 0xFC47, 0xFC46, 0xFC45, 
	0xFC44, 0xFC44, 0xFC43, 0xFF02, 0xFF01, 0xFF00, 0xFEFE, 0xFEFC, 0xFEF9, 
	0xFEF5, 0xFEF1, 0xFEED, 0xFEE8, 0xFEE3, 0xFEDE, 0xFED9, 0xFED4, 0xFECE, 
	0xFEC9, 0xFEC4, 0xFEC0, 0xFEBB, 0xFEB7, 0xFEB4, 0xFEB1, 0xFEAE, 0xFEAC, 
	0xFEAB, 0xFEAB, 0xFEAB, 0xFEAC, 0xFEAE, 0xFEB1, 0xFEB4, 0xFEB7, 0xFEBB, 
	0xFEC0, 0xFEC4, 0xFEC9, 0xFECE, 0xFED4, 0xFED9, 0xFEDE, 0xFEE3, 0xFEE8, 
	0xFEED, 0xFEF1, 0xFEF5, 0xFEF9, 0xFEFC, 0xFEFE, 0xFF00, 0xFF01, 0xFF02, 
	0xC2CB, 0xC2C6, 0xC2B9, 0xC2A4, 0xC289, 0xC267, 0xC23F, 0xC213, 0xC1E2, 
	0xC1AF, 0xC178, 0xC140, 0xC107, 0xC0CD, 0xC094, 0xC05C, 0xC025, 0xBFF2, 
	0xBFC1, 0xBF95, 0xBF6D, 0xBF4B, 0xBF30, 0xBF1B, 0xBF0E, 0xBF09, 0xBF0E, 
	0xBF1B, 0xBF30, 0xBF4B, 0xBF6D, 0xBF95, 0xBFC1, 0xBFF2, 0xC025, 0xC05C, 
	0xC094, 0xC0CD, 0xC107, 0xC140, 0xC178, 0xC1AF, 0xC1E2, 0xC213, 0xC23F, 
	0xC267, 0xC289, 0xC2A4, 0xC2B9, 0xC2C6, 0xC2CB, 
},{ 
	0x002D, 0x0000, 0x0032, 0x002D, 0x0001, 0x005F, 0x0001, 0x0060, 0x0001, 
	0x0061, 0x0001, 0x0062, 0x0001, 0x0063, 0x0001, 0x0064, 0x0001, 0x0065, 
	0x0031, 0x0066, 0x002E, 0x0097, 0x0033, 0x00C5, 0x0033, 0x00F8, 0x0032, 
	0x012B, 0x0033, 0x015D, 0x0001, 0x0190, 0x0001, 0x0191, 0x0001, 0x0192, 
	0x0033, 0x0193, 0x0033, 0x01C6, 0x0033, 0x01F9, 0x0030, 0x022C, 0x0033, 
	0x025C, 0x0033, 0x028F, 0x0033, 0x02C2, 0x0033, 0x02F5, 0x0033, 0x0328, 
	0x0001, 0x035B, 0x0001, 0x035C, 0x0001, 0x035D, 0x0033, 0x035E, 0x0033, 
	0x0391, 0x0033, 0x03C4, 0x0032, 0x03F7, 0x002E, 0x0429, 0x0033, 0x0457, 
	0x0033, 0x048A, 0x0033, 0x04BD, 0x0033, 0x04F0, 0x0001, 0x0523, 0x0001, 
	0x0524, 0x0001, 0x0525, 0x0033, 0x0526, 0x0033, 0x0559, 0x0033, 0x058C, 
	0x0033, 0x05BF, 0x0033, 0x05F2, 0x0032, 0x0625, 0x0033, 0x0657, 0x002D, 
	0x068A, 0x0033, 0x06B7, 0x0001, 0x06EA, 0x0001, 0x06EB, 0x0001, 0x06EC, 
	0x0033, 0x06ED, 0x0032, 0x0720, 0x0033, 0x0752, 0x0032, 0x0785, 0x0033, 
	0x07B7, 0x0033, 0x07EA, 0x0032, 0x081D, 0x0033, 0x084F, 0x0033, 0x0882, 
});
smlua_anim_util_register_animation('cr_anim_davy_missile', 1, 0, 0, 0, 1, { 
	0x0000, 0x0000, 0x0000, 0x4000, 0xFFFF, 0x3FFF, 0xFFFF, 0x0000, 0x40A1, 
	0x0000, 0x0000, 0xFF25, 0x0000, 0xFFFF, 0x0215, 0xFFFE, 0x0001, 0xC170, 
	0xFFFF, 0xF1C6, 0xBFFF, 0x0000, 0x0000, 0xFFFF, 0xFF89, 0xF97F, 0xF06E, 
	0xFFFE, 0x0001, 0xC170, 0xFFFF, 0x0E39, 0xBFFF, 0x0000, 0x0000, 0xFFFF, 
	0xFFFF, 0xFFFF, 0xED8B, 0xFFFF, 0x0000, 0xBF5E, 0x0040, 0x0056, 0xBCD2, 
	0xFFFF, 0x0000, 0x054B, 0x0029, 0xFF0B, 0xF6EE, 0xFFFF, 0x0000, 0xBF5E, 
	0xFEE8, 0xFF3E, 0xBC51, 0xFFFF, 0x0000, 0x0640, 0x015A, 0x01E9, 0xF5DB, 
},{ 
	0x0001, 0x0000, 0x0001, 0x0001, 0x0001, 0x0002, 0x0001, 0x0003, 0x0001, 
	0x0004, 0x0001, 0x0005, 0x0001, 0x0006, 0x0001, 0x0007, 0x0001, 0x0008, 
	0x0001, 0x0009, 0x0001, 0x000A, 0x0001, 0x000B, 0x0001, 0x000C, 0x0001, 
	0x000D, 0x0001, 0x000E, 0x0001, 0x000F, 0x0001, 0x0010, 0x0001, 0x0011, 
	0x0001, 0x0012, 0x0001, 0x0013, 0x0001, 0x0014, 0x0001, 0x0015, 0x0001, 
	0x0016, 0x0001, 0x0017, 0x0001, 0x0018, 0x0001, 0x0019, 0x0001, 0x001A, 
	0x0001, 0x001B, 0x0001, 0x001C, 0x0001, 0x001D, 0x0001, 0x001E, 0x0001, 
	0x001F, 0x0001, 0x0020, 0x0001, 0x0021, 0x0001, 0x0022, 0x0001, 0x0023, 
	0x0001, 0x0024, 0x0001, 0x0025, 0x0001, 0x0026, 0x0001, 0x0027, 0x0001, 
	0x0028, 0x0001, 0x0029, 0x0001, 0x002A, 0x0001, 0x002B, 0x0001, 0x002C, 
	0x0001, 0x002D, 0x0001, 0x002E, 0x0001, 0x002F, 0x0001, 0x0030, 0x0001, 
	0x0031, 0x0001, 0x0032, 0x0001, 0x0033, 0x0001, 0x0034, 0x0001, 0x0035, 
	0x0001, 0x0036, 0x0001, 0x0037, 0x0001, 0x0038, 0x0001, 0x0039, 0x0001, 
	0x003A, 0x0001, 0x003B, 0x0001, 0x003C, 0x0001, 0x003D, 0x0001, 0x003E, 
});
smlua_anim_util_register_animation('cr_anim_davy_flutter', 0, 0, 0, 0, 9, { 
	0x0000, 0x0070, 0x0074, 0x007C, 0x0086, 0x008E, 0x0091, 0x008E, 0x0086, 
	0x007C, 0x0074, 0x0000, 0x0000, 0x4000, 0x0000, 0x0000, 0xFFFF, 0x4000, 
	0x0000, 0x0000, 0x0000, 0x0000, 0x0000, 0x0000, 0x0000, 0xFFFF, 0xBFFF, 
	0xFFFF, 0x0000, 0x0000, 0x0000, 0x0000, 0x0000, 0x0000, 0x0000, 0x0000, 
	0xFFFF, 0xAAAA, 0xAF1A, 0xB9AF, 0xC650, 0xD0E5, 0xD554, 0xD0E5, 0xC650, 
	0xB9AF, 0xAF1A, 0xBFFF, 0xFFFF, 0x0000, 0x0000, 0x0000, 0x0000, 0x0000, 
	0xFFFF, 0x0000, 0xF8E3, 0xF8FF, 0xF9C6, 0xFBE3, 0x0000, 0x071C, 0x0600, 
	0x038E, 0x011C, 0xFFFF, 0x0000, 0x0000, 0x0000, 0x0000, 0x0000, 0xFFFF, 
	0xFFFF, 0x0316, 0x0293, 0x015D, 0xFFE9, 0xFEB2, 0xFE30, 0xFE78, 0xFF17, 
	0xFFB7, 0xFC71, 0xF603, 0xF716, 0xF9A7, 0xFCB6, 0xFF47, 0x005B, 0xFFBD, 
	0xFE65, 0xFD0D, 0xEE38, 0xEDB5, 0xEDC3, 0xEDE4, 0xEE0C, 0xEE2D, 0xEE3B, 
	0xEE3A, 0xEE39, 0xEE38, 0x0000, 0xFFFF, 0xBFFF, 0xFFFF, 0xFFFF, 0x0000, 
	0xFFFF, 0x0000, 0x0000, 0x0000, 0xFFFF, 0x5555, 0x50E5, 0x4650, 0x39AF, 
	0x2F1A, 0x2AAB, 0x2F1A, 0x39AF, 0x4650, 0x50E5, 0xBFFF, 0x0000, 0xFFFF, 
	0xFFFF, 0xFFFF, 0xFFFF, 0x0000, 0x0000, 0x071C, 0x0700, 0x0639, 0x041C, 
	0xFFFF, 0xF8E3, 0xF9FF, 0xFC71, 0xFEE3, 0x0000, 0x0000, 0x0000, 0x0000, 
	0x0000, 0xFFFF, 0xFFFF, 0xFCE9, 0xFD6C, 0xFEA2, 0x0016, 0x014D, 0x01CF, 
	0x0187, 0x00E8, 0x0048, 0x038E, 0x09FC, 0x08E9, 0x0658, 0x0349, 0x00B8, 
	0xFFA4, 0x0042, 0x019A, 0x02F2, 0xEE38, 0xEDB5, 0xEDC3, 0xEDE4, 0xEE0C, 
	0xEE2D, 0xEE3B, 0xEE3A, 0xEE39, 0xEE38, 0xFFFF, 0xFFFF, 0xBFFF, 0xFFFF, 
	0xFFFF, 0xFFFF, 0xFFFF, 0xFFFF, 0x0000, 0xFFFF, 0xD174, 0xBD95, 0xA9B6, 
	0xA091, 0x976C, 0x8E47, 0x9BB6, 0xA925, 0xB695, 0xC404, 0x0000, 0x0000, 
	0xFFFF, 0xFFFF, 0xFFFF, 0x0000, 0x0000, 0xFFFF, 0x0000, 0xFFFF, 0x0000, 
	0xFFFF, 0xFFFF, 0xFFFF, 0x0000, 0xFFFF, 0x3155, 0x3F63, 0x4D71, 0x32EF, 
	0x186C, 0xFDE9, 0x0833, 0x127B, 0x1CC4, 0x270C, 0x0000, 0x0000, 0xFFFF, 
	0xFFFF, 0xFFFF, 0x0000, 0xFFFF, 0xFFFF, 0xFFFF, 0xFFFF, 0xFFFF, 0x0000, 
	0xEAAA, 0xF06A, 0xF629, 0xE953, 0xDC7D, 0xCFA7, 0xD50E, 0xDA75, 0xDFDC, 
	0xE543, 0xFFFF, 0xFFFF, 0xBFFF, 0xFFFF, 0x0000, 0x0000, 0x0000, 0x0000, 
	0xFFFF, 0x0000, 0x0000, 0xFFFF, 0x8FEC, 0x9BD6, 0xA7C0, 0xB3A9, 0xBF93, 
	0xCB7D, 0xB5C8, 0xA014, 0x9AB1, 0x954F, 0x0000, 0x0000, 0x0000, 0x0000, 
	0x0000, 0xFFFF, 0xFFFF, 0xFFFF, 0xFFFF, 0x0000, 0x0000, 0xFFFF, 0x0FE4, 
	0x1760, 0x1EDD, 0x2659, 0x2DD5, 0x3552, 0x408D, 0x4BC7, 0x37D1, 0x23DA, 
	0xFFFF, 0xFFFF, 0xFFFF, 0xFFFF, 0xFFFF, 0x0000, 0xFFFF, 0xFFFF, 0x0000, 
	0x0000, 0x0000, 0xFFFF, 0xFFFF, 0x0000, 0xFFFF, 0xCDAD, 0xD529, 0xDCA6, 
	0xE422, 0xEB9E, 0xF31B, 0xF7B8, 0xFC56, 0xECC8, 0xDD3A, 
},{ 
	0x0001, 0x0000, 0x000A, 0x0001, 0x0001, 0x000B, 0x0001, 0x000C, 0x0001, 
	0x000D, 0x0001, 0x000E, 0x0001, 0x000F, 0x0001, 0x0010, 0x0001, 0x0011, 
	0x0001, 0x0012, 0x0001, 0x0013, 0x0001, 0x0014, 0x0001, 0x0015, 0x0001, 
	0x0016, 0x0001, 0x0017, 0x0001, 0x0018, 0x0001, 0x0019, 0x0001, 0x001A, 
	0x000A, 0x001B, 0x000A, 0x0025, 0x0001, 0x002F, 0x0007, 0x0030, 0x000A, 
	0x0037, 0x0007, 0x0041, 0x000A, 0x0048, 0x000A, 0x0052, 0x000A, 0x005C, 
	0x0001, 0x0066, 0x0001, 0x0067, 0x0001, 0x0068, 0x0008, 0x0069, 0x000A, 
	0x0071, 0x0001, 0x007B, 0x0006, 0x007C, 0x000A, 0x0082, 0x0006, 0x008C, 
	0x000A, 0x0092, 0x000A, 0x009C, 0x000A, 0x00A6, 0x0001, 0x00B0, 0x0001, 
	0x00B1, 0x0001, 0x00B2, 0x0006, 0x00B3, 0x0001, 0x00B9, 0x000A, 0x00BA, 
	0x0006, 0x00C4, 0x000A, 0x00CA, 0x000A, 0x00D4, 0x0006, 0x00DE, 0x0006, 
	0x00E4, 0x000A, 0x00EA, 0x0001, 0x00F4, 0x0001, 0x00F5, 0x0001, 0x00F6, 
	0x0001, 0x00F7, 0x0008, 0x00F8, 0x000A, 0x0100, 0x0006, 0x010A, 0x0006, 
	0x0110, 0x000A, 0x0116, 0x0006, 0x0120, 0x0009, 0x0126, 0x000A, 0x012F, 
});
smlua_anim_util_register_animation('cr_anim_davy_idle',0, 0, 0, 0, 29, { 
	0x0000, 0x0197, 0x0197, 0x0197, 0x0198, 0x0198, 0x0199, 0x019A, 0x019B, 
	0x019C, 0x019D, 0x019D, 0x019E, 0x019F, 0x019F, 0x019F, 0x019F, 0x019F, 
	0x019E, 0x019E, 0x019D, 0x019C, 0x019B, 0x019B, 0x019A, 0x0199, 0x0198, 
	0x0198, 0x0197, 0x0000, 0xFFFF, 0xFFFE, 0xFFFC, 0xFFF9, 0xFFF6, 0xFFF2, 
	0xFFEF, 0xFFEB, 0xFFE7, 0xFFE4, 0xFFE1, 0xFFDF, 0xFFDE, 0xFFDD, 0xFFDE, 
	0xFFDF, 0xFFE1, 0xFFE3, 0xFFE6, 0xFFE9, 0xFFED, 0xFFF0, 0xFFF4, 0xFFF7, 
	0xFFFA, 0xFFFC, 0xFFFE, 0x0000, 0x0000, 0x4000, 0x0000, 0x0000, 0xFFFF, 
	0x3C72, 0xFFFF, 0xFFFF, 0x0000, 0xFFFF, 0xFFFF, 0xFFFF, 0xFFFF, 0xFFFF, 
	0xFFFF, 0xFFFF, 0x0000, 0xFFFF, 0x0000, 0x0000, 0x0000, 0xFFFF, 0x0000, 
	0xFFFF, 0xFFFF, 0x0000, 0xFFFF, 0x0000, 0xFFFF, 0xFFFF, 0xFFFF, 0x0000, 
	0xFFFF, 0x000D, 0x0032, 0x006B, 0x00B4, 0x0109, 0x0166, 0x01C7, 0x0228, 
	0x0285, 0x02DA, 0x0323, 0x035C, 0x0381, 0x038E, 0x0383, 0x0362, 0x0330, 
	0x02EF, 0x02A2, 0x024E, 0x01F5, 0x019A, 0x0140, 0x00EC, 0x00A0, 0x005F, 
	0x002C, 0x000C, 0xFFFF, 0xFFFF, 0xFFFF, 0xFFFF, 0xFFFF, 0xFFFF, 0xFFFF, 
	0x0000, 0xFFFF, 0x0000, 0xFFFF, 0xFFFF, 0x0000, 0xFFFF, 0x0000, 0xFFFF, 
	0xFFFF, 0xFFFF, 0x0000, 0xFFFF, 0xFFFF, 0xFFFF, 0xFFFF, 0x0000, 0xFFFF, 
	0xFFFF, 0xFFFF, 0x0000, 0xFFFF, 0x0000, 0x0000, 0x0000, 0x0000, 0xFFFF, 
	0x0000, 0xFFFF, 0xFFFF, 0x0000, 0x0000, 0xFFFF, 0xFFFF, 0xFFFF, 0xFFFF, 
	0xFFFF, 0x0000, 0xFFFF, 0x0000, 0xFFFF, 0x0000, 0xFFFF, 0x0000, 0x000D, 
	0x0032, 0x006B, 0x00B4, 0x0109, 0x0166, 0x01C7, 0x0228, 0x0285, 0x02DA, 
	0x0323, 0x035C, 0x0381, 0x038E, 0x0383, 0x0362, 0x0330, 0x02EF, 0x02A2, 
	0x024E, 0x01F5, 0x019A, 0x0140, 0x00EC, 0x00A0, 0x005F, 0x002C, 0x000C, 
	0x0000, 0xFFFE, 0x0001, 0xC170, 0x2AAB, 0x2AAA, 0x2AAA, 0x2AAA, 0x2AAA, 
	0x2AAA, 0x2AAA, 0x2AAA, 0x2AAA, 0x2AAA, 0x2AAA, 0x2AAA, 0x2AAA, 0x2AAA, 
	0x2AAA, 0x2AAA, 0x2AAA, 0x2AAA, 0x2AAA, 0x2AAA, 0x2AAA, 0x2AAA, 0x2AAA, 
	0x2AAA, 0x2AAA, 0x2AAA, 0x2AAA, 0x2AAA, 0x2AAA, 0x2AAB, 0xDC71, 0xCE38, 
	0xCE2B, 0xCE06, 0xCDCD, 0xCD84, 0xCD2F, 0xCCD2, 0xCC71, 0xCC10, 0xCBB3, 
	0xCB5E, 0xCB15, 0xCADC, 0xCAB7, 0xCAAA, 0xCAB6, 0xCAD6, 0xCB09, 0xCB4A, 
	0xCB96, 0xCBEA, 0xCC44, 0xCC9E, 0xCCF8, 0xCD4C, 0xCD98, 0xCDD9, 0xCE0C, 
	0xCE2C, 0xCE38, 0xFFFF, 0xFFFF, 0xFFFF, 0x0000, 0x0000, 0xFFFF, 0x0000, 
	0xFFFF, 0xFFFF, 0x0000, 0x0000, 0x0000, 0xFFFF, 0xFFFF, 0x0000, 0xFFFF, 
	0x0000, 0xFFFF, 0x0000, 0x0000, 0xFFFF, 0xFFFF, 0x0000, 0x0000, 0xFFFF, 
	0x0000, 0xFFFF, 0xFFFF, 0x0000, 0xFFFF, 0xFFFF, 0xFFFF, 0xFFFF, 0x0000, 
	0x0000, 0xFFFF, 0xFFFF, 0x0000, 0xFFFF, 0xFFFF, 0x0000, 0x0000, 0xFFFF, 
	0xFFFF, 0xFFFF, 0xFFFF, 0xFFFF, 0x0000, 0xFFFF, 0x0000, 0xFFFF, 0x0000, 
	0x0000, 0x0000, 0x0000, 0x0000, 0xFFFF, 0xB8E3, 0x3555, 0x071C, 0x3555, 
	0xFFFE, 0x0001, 0xC170, 0xD554, 0x238E, 0xCE38, 0xCE2B, 0xCE06, 0xCDCD, 
	0xCD84, 0xCD2F, 0xCCD2, 0xCC71, 0xCC10, 0xCBB3, 0xCB5E, 0xCB15, 0xCADC, 
	0xCAB7, 0xCAAA, 0xCAB5, 0xCAD6, 0xCB08, 0xCB49, 0xCB96, 0xCBEA, 0xCC43, 
	0xCC9E, 0xCCF8, 0xCD4C, 0xCD98, 0xCDD9, 0xCE0C, 0xCE2C, 0xCE38, 0xFFFF, 
	0x0000, 0x0000, 0xFFFF, 0xFFFF, 0xFFFF, 0xFFFF, 0x0000, 0x0000, 0xFFFF, 
	0x0000, 0x0000, 0xFFFF, 0x0000, 0xFFFF, 0x0000, 0x0000, 0x0000, 0xFFFF, 
	0x0000, 0xFFFF, 0x0000, 0x0000, 0xFFFF, 0xFFFF, 0x0000, 0xFFFF, 0x0000, 
	0xFFFF, 0xFFFF, 0x0000, 0xFFFF, 0xFFFF, 0x0000, 0x0000, 0xFFFF, 0xFFFF, 
	0x0000, 0xFFFF, 0xFFFF, 0x0000, 0xFFFF, 0x0000, 0xFFFF, 0xFFFF, 0xFFFF, 
	0x0000, 0xFFFF, 0x0000, 0xFFFF, 0x0000, 0xFFFF, 0xFFFF, 0xFFFF, 0x0000, 
	0xFFFF, 0x0000, 0xB8E3, 0xCAAA, 0xF8E3, 0x3555, 0x0000, 0x0000, 0xBF5E, 
	0xEAAA, 0xF8E3, 0xC38D, 0xC380, 0xC35B, 0xC322, 0xC2D9, 0xC284, 0xC227, 
	0xC1C6, 0xC165, 0xC109, 0xC0B4, 0xC06B, 0xC032, 0xC00D, 0xBFFF, 0xC00B, 
	0xC02B, 0xC05E, 0xC09F, 0xC0EB, 0xC140, 0xC199, 0xC1F4, 0xC24D, 0xC2A1, 
	0xC2EE, 0xC32F, 0xC361, 0xC382, 0xC38D, 0x0000, 0xFFFF, 0x0000, 0xFFFF, 
	0x0000, 0x0000, 0x0000, 0xFFFF, 0xFFFF, 0x0000, 0x0000, 0xFFFF, 0x0000, 
	0xFFFF, 0xFFFF, 0x0000, 0x0000, 0x0000, 0x0000, 0x0000, 0xFFFF, 0x0000, 
	0x0000, 0xFFFF, 0x0000, 0xFFFF, 0xFFFF, 0xFFFF, 0x0000, 0x0000, 0x0000, 
	0xFFFF, 0xFFFF, 0x0000, 0x0000, 0x0000, 0x0000, 0xFFFF, 0xFFFF, 0x0000, 
	0xFFFF, 0xFFFF, 0xFFFF, 0x0000, 0x0000, 0x0000, 0x0000, 0xFFFF, 0x0000, 
	0x0000, 0xFFFF, 0x0000, 0xFFFF, 0x071C, 0xFA4F, 0xFA48, 0xFA34, 0xFA17, 
	0xF9F1, 0xF9C4, 0xF994, 0xF962, 0xF92F, 0xF8FF, 0xF8D3, 0xF8AD, 0xF88F, 
	0xF87C, 0xF875, 0xF87B, 0xF88C, 0xF8A6, 0xF8C8, 0xF8F0, 0xF91B, 0xF94A, 
	0xF979, 0xF9A8, 0xF9D4, 0xF9FC, 0xFA1D, 0xFA38, 0xFA49, 0xFA4F, 0x016C, 
	0x016D, 0x016E, 0x0170, 0x0173, 0x0177, 0x017A, 0x017E, 0x0182, 0x0186, 
	0x0189, 0x018C, 0x018E, 0x0190, 0x0190, 0x0190, 0x018F, 0x018D, 0x018A, 
	0x0187, 0x0184, 0x0180, 0x017C, 0x0179, 0x0176, 0x0172, 0x0170, 0x016E, 
	0x016D, 0x016C, 0xCB60, 0xCB54, 0xCB34, 0xCB02, 0xCAC3, 0xCA78, 0xCA27, 
	0xC9D3, 0xC97F, 0xC92E, 0xC8E3, 0xC8A4, 0xC872, 0xC852, 0xC846, 0xC850, 
	0xC86D, 0xC899, 0xC8D1, 0xC914, 0xC95E, 0xC9AB, 0xC9FB, 0xCA48, 0xCA92, 
	0xCAD5, 0xCB0D, 0xCB39, 0xCB56, 0xCB60, 0x0000, 0x0000, 0xBF5E, 0x1555, 
	0x071C, 0xC38D, 0xC380, 0xC35B, 0xC322, 0xC2D9, 0xC284, 0xC227, 0xC1C6, 
	0xC165, 0xC109, 0xC0B4, 0xC06B, 0xC032, 0xC00D, 0xBFFF, 0xC00B, 0xC02B, 
	0xC05E, 0xC09F, 0xC0EB, 0xC140, 0xC199, 0xC1F4, 0xC24D, 0xC2A1, 0xC2EE, 
	0xC32F, 0xC361, 0xC382, 0xC38D, 0xFFFF, 0xFFFF, 0xFFFF, 0xFFFF, 0x0000, 
	0x0000, 0x0000, 0x0000, 0xFFFF, 0xFFFF, 0xFFFF, 0xFFFF, 0xFFFF, 0xFFFF, 
	0x0000, 0x0000, 0xFFFF, 0xFFFF, 0x0000, 0xFFFF, 0xFFFF, 0xFFFF, 0xFFFF, 
	0xFFFF, 0x0000, 0xFFFF, 0x0000, 0xFFFF, 0x0000, 0xFFFF, 0xFFFF, 0xFFFF, 
	0x0000, 0x0000, 0xFFFF, 0x0000, 0xFFFF, 0xFFFF, 0x0000, 0xFFFF, 0x0000, 
	0xFFFF, 0x0000, 0xFFFF, 0xFFFF, 0x0000, 0x0000, 0x0000, 0x0000, 0x0000, 
	0xFFFF, 0x0000, 0xFFFF, 0x0000, 0x071C, 0x05B0, 0x05B7, 0x05CB, 0x05E8, 
	0x060E, 0x063B, 0x066B, 0x069D, 0x06D0, 0x0700, 0x072C, 0x0752, 0x0770, 
	0x0783, 0x078A, 0x0784, 0x0773, 0x0759, 0x0737, 0x070F, 0x06E4, 0x06B5, 
	0x0686, 0x0657, 0x062B, 0x0603, 0x05E2, 0x05C7, 0x05B6, 0x05B0, 0xFE93, 
	0xFE92, 0xFE91, 0xFE8F, 0xFE8C, 0xFE88, 0xFE85, 0xFE81, 0xFE7D, 0xFE79, 
	0xFE76, 0xFE73, 0xFE71, 0xFE6F, 0xFE6F, 0xFE6F, 0xFE70, 0xFE72, 0xFE75, 
	0xFE78, 0xFE7B, 0xFE7F, 0xFE83, 0xFE86, 0xFE89, 0xFE8D, 0xFE8F, 0xFE91, 
	0xFE92, 0xFE93, 0xCB60, 0xCB54, 0xCB34, 0xCB02, 0xCAC3, 0xCA78, 0xCA27, 
	0xC9D3, 0xC97F, 0xC92E, 0xC8E3, 0xC8A4, 0xC872, 0xC852, 0xC846, 0xC850, 
	0xC86D, 0xC899, 0xC8D1, 0xC914, 0xC95E, 0xC9AB, 0xC9FB, 0xCA48, 0xCA92, 
	0xCAD5, 0xCB0D, 0xCB39, 0xCB56, 0xCB60, 

},{ 
	0x0001, 0x0000, 0x001C, 0x0001, 0x001D, 0x001D, 0x0001, 0x003A, 0x0001, 
	0x003B, 0x0001, 0x003C, 0x0001, 0x003D, 0x0001, 0x003E, 0x0001, 0x003F, 
	0x000C, 0x0040, 0x000E, 0x004C, 0x001E, 0x005A, 0x0013, 0x0078, 0x001E, 
	0x008B, 0x001E, 0x00A9, 0x0001, 0x00C7, 0x0001, 0x00C8, 0x0001, 0x00C9, 
	0x001E, 0x00CA, 0x0001, 0x00E8, 0x001E, 0x00E9, 0x001E, 0x0107, 0x001B, 
	0x0125, 0x0001, 0x0140, 0x0001, 0x0141, 0x0001, 0x0142, 0x0001, 0x0143, 
	0x0001, 0x0144, 0x0001, 0x0145, 0x0001, 0x0146, 0x0001, 0x0147, 0x0001, 
	0x0148, 0x001E, 0x0149, 0x001B, 0x0167, 0x001E, 0x0182, 0x0001, 0x01A0, 
	0x0001, 0x01A1, 0x0001, 0x01A2, 0x0001, 0x01A3, 0x0001, 0x01A4, 0x0001, 
	0x01A5, 0x0001, 0x01A6, 0x0001, 0x01A7, 0x0001, 0x01A8, 0x001E, 0x01A9, 
	0x0019, 0x01C7, 0x001C, 0x01E0, 0x0001, 0x01FC, 0x001E, 0x01FD, 0x001E, 
	0x021B, 0x001E, 0x0239, 0x0001, 0x0257, 0x0001, 0x0258, 0x0001, 0x0259, 
	0x0001, 0x025A, 0x0001, 0x025B, 0x001E, 0x025C, 0x001A, 0x027A, 0x001C, 
	0x0294, 0x0001, 0x02B0, 0x001E, 0x02B1, 0x001E, 0x02CF, 0x001E, 0x02ED, 
	

});
smlua_anim_util_register_animation('cr_anim_davy_single_jump', 1, 0, 0, 0, 20, { 
	0x0000, 0x006C, 0x0000, 0x0000, 0x4000, 0x0000, 0xFFFF, 0xFFFF, 0x0000, 
	0xFFFF, 0xFFFF, 0x0000, 0xFFFF, 0xFFFF, 0xFFFF, 0xFFFF, 0xFFFF, 0x0000, 
	0xFFFF, 0x0000, 0x0000, 0x0000, 0x0000, 0x0000, 0x0000, 0x0000, 0xFFFF, 
	0xFFFF, 0x0000, 0x0000, 0xFFFF, 0x0000, 0xFFFF, 0x0000, 0x0000, 0x0000, 
	0xFFFF, 0xFFFF, 0xFFFF, 0xFFFF, 0x0000, 0x40A1, 0x3494, 0x1771, 0xF3BD, 
	0xD23A, 0xB488, 0x9A86, 0x840F, 0x7100, 0x6137, 0x548F, 0x4AE6, 0x4417, 
	0x4000, 0x3D99, 0x3BE1, 0x3ABA, 0x3A07, 0x39AB, 0x3989, 0x3984, 0x0000, 
	0xFFFF, 0xFFFF, 0xFFFF, 0xFFFF, 0xFFFF, 0xFFFF, 0xFFFF, 0xFFFF, 0xFFFF, 
	0xFFFF, 0xFFFF, 0xFFFF, 0xFFFF, 0x0000, 0x0B74, 0x0B32, 0x0A7B, 0x0964, 
	0x0802, 0x066B, 0x04B4, 0x02F2, 0x013B, 0xFFA3, 0xFE42, 0xFD2A, 0xFC73, 
	0xFC32, 0xFFFF, 0x0000, 0x0002, 0x0006, 0x000F, 0x001E, 0x0033, 0x0052, 
	0x007A, 0x00AE, 0x00EE, 0x013D, 0x019B, 0x020B, 0x0298, 0x0341, 0x03F4, 
	0x049F, 0x0530, 0x0594, 0x05B9, 0x0000, 0xFFFA, 0xFFE9, 0xFFCB, 0xFF9B, 
	0xFF57, 0xFEFD, 0xFE89, 0xFDFA, 0xFD4C, 0xFC7E, 0xFB8B, 0xFA71, 0xF92F, 
	0xF7C5, 0xF64A, 0xF4D8, 0xF389, 0xF27A, 0xF1C3, 0xF181, 0x13DC, 0x13A5, 
	0x1307, 0x120F, 0x10C6, 0x0F38, 0x0D70, 0x0B7A, 0x0961, 0x0730, 0x04F2, 
	0x02B2, 0x007C, 0xFE5A, 0xFC59, 0xFA85, 0xF8E9, 0xF794, 0xF690, 0xF5EB, 
	0xF5B2, 0xFFFE, 0x0005, 0x0017, 0x0033, 0x0058, 0x0084, 0x00B8, 0x00F0, 
	0x012C, 0x016A, 0x01AA, 0x01EA, 0x0229, 0x0265, 0x029D, 0x02D0, 0x02FC, 
	0x0321, 0x033D, 0x034F, 0x0355, 0x0001, 0x0001, 0x0002, 0x0002, 0x0004, 
	0x0005, 0x0006, 0x0008, 0x000A, 0x000C, 0x000D, 0x000F, 0x0011, 0x0013, 
	0x0014, 0x0016, 0x0017, 0x0018, 0x0019, 0x001A, 0xC170, 0xC16E, 0xC167, 
	0xC15C, 0xC14D, 0xC13C, 0xC128, 0xC112, 0xC0FB, 0xC0E2, 0xC0C9, 0xC0B0, 
	0xC098, 0xC080, 0xC06A, 0xC056, 0xC045, 0xC036, 0xC02B, 0xC024, 0xC022, 
	0xBFFE, 0xC3DB, 0x47B9, 0x47B9, 0x47B9, 0x47B9, 0x47B9, 0x47B9, 0x47B9, 
	0xC96B, 0xCD75, 0xD248, 0xD652, 0xD804, 0xD554, 0xAEB5, 0xF7E8, 0xF7E8, 
	0xF7E8, 0xF7E8, 0xF7E8, 0xF7E8, 0xF7E8, 0x90D3, 0xA5A8, 0xBE85, 0xD35A, 
	0xDC17, 0x18E5, 0x14B2, 0x907F, 0x907F, 0x907F, 0x907F, 0x907F, 0x907F, 
	0x907F, 0x12D5, 0x1866, 0x1F0B, 0x249C, 0x26F2, 0x0000, 0x0000, 0x0000, 
	0xFFFF, 0xFFFF, 0x0000, 0x0000, 0x0000, 0x0000, 0x0000, 0xFFFF, 0xFFFF, 
	0xFFFF, 0xFFFF, 0x0006, 0x0015, 0x002A, 0x0040, 0x0055, 0x0064, 0x006A, 
	0xFFFF, 0xFFFF, 0x0000, 0x0000, 0x0000, 0x0000, 0x0000, 0x0000, 0x0000, 
	0x0000, 0x0000, 0x0000, 0x0000, 0x0000, 0xFFF5, 0xFFDA, 0xFFB5, 0xFF8E, 
	0xFF69, 0xFF4F, 0xFF44, 0xD554, 0xCE8B, 0xC7C1, 0xC7C1, 0xC7C1, 0xC7C1, 
	0xC7C1, 0xC7C1, 0xC7C1, 0xC8A7, 0xCAF4, 0xCE0E, 0xD15D, 0xD447, 0xD673, 
	0xD802, 0xD90D, 0xD9AF, 0xDA02, 0xDA21, 0xDA26, 0xFF89, 0xF97F, 0xF06E, 
	0xFFFE, 0xFFFC, 0xFFF7, 0xFFEF, 0xFFE4, 0xFFD8, 0xFFC9, 0xFFB9, 0xFFA8, 
	0xFF96, 0xFF83, 0xFF71, 0xFF5F, 0xFF4E, 0xFF3D, 0xFF2F, 0xFF22, 0xFF17, 
	0xFF0F, 0xFF0A, 0xFF08, 0x0001, 0x0001, 0xFFFE, 0xFFFC, 0xFFF9, 0xFFF5, 
	0xFFF1, 0xFFED, 0xFFE8, 0xFFE3, 0xFFDE, 0xFFD9, 0xFFD4, 0xFFD0, 0xFFCB, 
	0xFFC7, 0xFFC4, 0xFFC1, 0xFFBE, 0xFFBD, 0xC170, 0xC16B, 0xC15C, 0xC145, 
	0xC126, 0xC101, 0xC0D7, 0xC0A8, 0xC076, 0xC042, 0xC00C, 0xBFD7, 0xBFA3, 
	0xBF71, 0xBF42, 0xBF18, 0xBEF3, 0xBED4, 0xBEBC, 0xBEAE, 0xBEA9, 0x3FFB, 
	0x598C, 0x4664, 0x4664, 0x4664, 0x4664, 0x4664, 0x4664, 0x4664, 0x4D3D, 
	0xDD8F, 0xF10B, 0x015F, 0x0838, 0x2984, 0x4902, 0x7146, 0x7146, 0x7146, 
	0x7146, 0x7146, 0x7146, 0x7146, 0x71F6, 0x0C67, 0x0A72, 0x08CF, 0x081F, 
	0x1813, 0x17E9, 0x06B8, 0x06B8, 0x06B8, 0x06B8, 0x06B8, 0x06B8, 0x06B8, 
	0x006C, 0x7166, 0x5F78, 0x5072, 0x4A25, 0xFFFF, 0xFFFF, 0xFFFF, 0xFFFF, 
	0xFFFF, 0xFFFF, 0xFFFF, 0xFFFF, 0xFFFF, 0xFFFF, 0xFFFF, 0xFFFF, 0xFFFF, 
	0x0000, 0x0007, 0x001A, 0x0034, 0x0051, 0x006B, 0x007E, 0x0085, 0xFFFF, 
	0xFFFF, 0xFFFF, 0xFFFF, 0xFFFF, 0xFFFF, 0xFFFF, 0xFFFF, 0xFFFF, 0xFFFF, 
	0xFFFF, 0xFFFF, 0xFFFF, 0x0000, 0x0001, 0x0003, 0x0005, 0x0008, 0x000B, 
	0x000D, 0x000E, 0xD554, 0xCEBE, 0xC827, 0xC827, 0xC827, 0xC827, 0xC827, 
	0xC827, 0xC827, 0xCDF5, 0xDBCF, 0xEC57, 0xFA30, 0xFFFF, 0xFFE8, 0xFFAE, 
	0xFF5F, 0xFF08, 0xFEB8, 0xFE7E, 0xFE68, 0x0000, 0x0000, 0x0000, 0xFFFF, 
	0x0000, 0xFFFF, 0xFFFF, 0xFFFF, 0x0000, 0xFFFF, 0xFFFF, 0xFFFF, 0x0000, 
	0x0000, 0x0000, 0x0000, 0x0000, 0x0000, 0x0000, 0xFFFF, 0x0000, 0xFFFF, 
	0x0000, 0xFFFF, 0x0000, 0xFFFF, 0x0000, 0xFFFF, 0xFFFF, 0xFFFF, 0xFFFF, 
	0x0000, 0xFFFF, 0x0000, 0xFFFF, 0xFFFF, 0x0000, 0x0000, 0xFFFF, 0x0000, 
	0xED8B, 0xFFFF, 0xFFFF, 0xFFFF, 0xFFFF, 0x0000, 0xFFFF, 0x0000, 0xFFFF, 
	0xFFFF, 0xFFFF, 0xFFFF, 0xFFFF, 0x0000, 0x0000, 0x0000, 0xFFFF, 0xFFFF, 
	0xFFFF, 0xFFFF, 0x0000, 0xFFFF, 0xFFFF, 0xFFFF, 0x0000, 0xFFFF, 0xFFFF, 
	0x0000, 0xFFFF, 0x0000, 0x0000, 0xFFFF, 0x0000, 0xFFFF, 0xFFFF, 0x0000, 
	0xFFFF, 0xFFFF, 0xFFFF, 0xFFFF, 0xFFFF, 0xFFFF, 0x0000, 0xBF5E, 0xFDD2, 
	0xFC4B, 0xF8F0, 0xF595, 0xF40E, 0xF5EC, 0xFA07, 0xFE21, 0x0000, 0xFF51, 
	0xFDB3, 0xFBC4, 0xFA26, 0xF978, 0xF97A, 0xF97D, 0xF982, 0xF987, 0xF98C, 
	0xF98F, 0xF990, 0xF17C, 0xF352, 0xF778, 0xFBE3, 0xFE8B, 0xFF62, 0xFFD0, 
	0xFFF9, 0xFFFF, 0xFC3B, 0xF333, 0xE84E, 0xDEF1, 0xDA83, 0xD9CC, 0xD949, 
	0xD8F0, 0xD8BB, 0xD8A0, 0xD895, 0xD894, 0x8C83, 0x996C, 0xB5D3, 0xD23A, 
	0xDF23, 0xCF71, 0xACEA, 0x8A63, 0x7AB1, 0x7C6A, 0x8089, 0x857A, 0x89AC, 
	0x8B8C, 0x8BB6, 0x8BD5, 0x8BE9, 0x8BF6, 0x8BFC, 0x8BFE, 0x8BFF, 0xFFFF, 
	0xFFFF, 0xFFFF, 0xFFFF, 0xFFFF, 0xFFFF, 0xFFFF, 0xFFFF, 0x0000, 0x0000, 
	0x0000, 0x0000, 0x0000, 0x0000, 0x000C, 0x0029, 0x0052, 0x007E, 0x00A7, 
	0x00C5, 0x00D0, 0xFFFF, 0xFFFF, 0xFFFF, 0x0000, 0x0000, 0x0000, 0x0000, 
	0x0000, 0x0000, 0x0000, 0x0000, 0x0000, 0x0000, 0xFFFF, 0xFFF1, 0xFFCE, 
	0xFF9E, 0xFF6A, 0xFF3A, 0xFF16, 0xFF09, 0x49A6, 0x3ED6, 0x3405, 0x3A4E, 
	0x46EB, 0x520B, 0x5A10, 0x5EEC, 0x608E, 0x5A7F, 0x4BCF, 0x39B9, 0x2976, 
	0x2041, 0x1CDA, 0x1A6A, 0x18C8, 0x17CA, 0x1748, 0x1718, 0x1711, 0xFC0E, 
	0xFC2E, 0xFC73, 0xFCB7, 0xFCD7, 0xFCC7, 0xFC9B, 0xFC5C, 0xFC11, 0xFBC3, 
	0xFB78, 0xFB39, 0xFB0E, 0xFAFD, 0xFB16, 0xFB55, 0xFBAB, 0xFC09, 0xFC5F, 
	0xFC9E, 0xFCB7, 0x005B, 0x00C6, 0x01B0, 0x0299, 0x0304, 0x02D4, 0x0252, 
	0x0197, 0x00B9, 0xFFCE, 0xFEF0, 0xFE35, 0xFDB4, 0xFD83, 0xFD89, 0xFD99, 
	0xFDAE, 0xFDC6, 0xFDDB, 0xFDEB, 0xFDF1, 0xBADC, 0xC20F, 0xD1E6, 0xE1BD, 
	0xE8F0, 0xE88B, 0xE76E, 0xE5B6, 0xE37D, 0xE0DF, 0xDDF8, 0xDAE4, 0xD7BF, 
	0xD4A3, 0xD1AC, 0xCEF0, 0xCC84, 0xCA7C, 0xC8EF, 0xC7F2, 0xC798, 0xFFFF, 
	0x0000, 0x0000, 0xFFFF, 0xFFFF, 0xFFFF, 0xFFFF, 0x0000, 0xFFFF, 0xFFFF, 
	0x0000, 0xFFFF, 0x0000, 0xFFFF, 0xFFFF, 0xFFFF, 0xFFFF, 0xFFFF, 0x0000, 
	0x0000, 0xFFFF, 0xFFFF, 0xFFFF, 0x0000, 0xFFFF, 0xFFFF, 0x0000, 0xFFFF, 
	0x0000, 0x0000, 0xFFFF, 0x0000, 0xFFFF, 0x0000, 0x0000, 0xFFFF, 0xFFFF, 
	0xFFFF, 0xFFFF, 0xFFFF, 0x0000, 0xBF5E, 0x0B2C, 0x0D35, 0x11AF, 0x1629, 
	0x1832, 0x146A, 0x0C19, 0x03C8, 0xFFFF, 0x0234, 0x0793, 0x0E40, 0x1461, 
	0x181A, 0x19BD, 0x1AEA, 0x1BB3, 0x1C2D, 0x1C6C, 0x1C83, 0x1C86, 0x1C43, 
	0x1793, 0x0D41, 0x02F0, 0xFE3F, 0xFE46, 0xFE77, 0xFEFC, 0xFFFF, 0x0478, 
	0x0D3B, 0x173F, 0x1F7C, 0x22E7, 0x225E, 0x20FC, 0x1F18, 0x1D09, 0x1B25, 
	0x19C3, 0x193A, 0x8E07, 0x9AA0, 0xB658, 0xD210, 0xDEA9, 0xCF0A, 0xACAD, 
	0x8A50, 0x7AB1, 0x7D53, 0x83B9, 0x8BAA, 0x92EB, 0x9740, 0x9917, 0x9A69, 
	0x9B4B, 0x9BD5, 0x9C1B, 0x9C35, 0x9C39, 0xFFFF, 0xFFFF, 0xFFFF, 0xFFFF, 
	0xFFFF, 0x0000, 0x0000, 0x0000, 0x0000, 0x0000, 0x0000, 0x0000, 0x0000, 
	0x0000, 0x0020, 0x0072, 0x00E3, 0x015E, 0x01CF, 0x0221, 0x0241, 0x0000, 
	0x0000, 0x0000, 0x0000, 0x0000, 0x0000, 0x0000, 0x0000, 0x0000, 0x0000, 
	0x0000, 0x0000, 0x0000, 0xFFFF, 0x0001, 0x0003, 0x0005, 0x0008, 0x000A, 
	0x000C, 0x000D, 0x4864, 0x3AFF, 0x2D9A, 0x2F50, 0x35AD, 0x417F, 0x4F68, 
	0x5AFD, 0x5FD5, 0x569A, 0x409A, 0x2657, 0x1056, 0x071C, 0x0763, 0x081A, 
	0x0915, 0x0A25, 0x0B20, 0x0BD7, 0x0C1E, 0xFF57, 0xFF67, 0xFF89, 0xFFAA, 
	0xFFBA, 0xFFBA, 0xFFB9, 0xFFB8, 0xFFB5, 0xFFB0, 0xFFA8, 0xFF9E, 0xFF90, 
	0xFF7F, 0xFF62, 0xFF37, 0xFF04, 0xFED2, 0xFEA5, 0xFE85, 0xFE79, 0xFFF5, 
	0x000D, 0x0041, 0x0075, 0x008D, 0x008D, 0x008C, 0x008C, 0x008A, 0x0087, 
	0x0083, 0x007E, 0x0076, 0x006D, 0x0046, 0xFFF2, 0xFF86, 0xFF12, 0xFEA8, 
	0xFE5C, 0xFE3E, 0xB8D0, 0xC055, 0xD0DF, 0xE16A, 0xE8EF, 0xE88A, 0xE771, 
	0xE5CA, 0xE3B7, 0xE15D, 0xDEDF, 0xDC62, 0xDA09, 0xD7F9, 0xD64C, 0xD500, 
	0xD40A, 0xD35D, 0xD2F0, 0xD2B7, 0xD2A7, 
},{ 
	0x0001, 0x0000, 0x0001, 0x0001, 0x0001, 0x0002, 0x0001, 0x0003, 0x0001, 
	0x0004, 0x0001, 0x0005, 0x0015, 0x0006, 0x000E, 0x001B, 0x0015, 0x0029, 
	0x0001, 0x003E, 0x000E, 0x003F, 0x000E, 0x004D, 0x0015, 0x005B, 0x0015, 
	0x0070, 0x0015, 0x0085, 0x0015, 0x009A, 0x0014, 0x00AF, 0x0015, 0x00C3, 
	0x000E, 0x00D8, 0x000E, 0x00E6, 0x000E, 0x00F4, 0x0015, 0x0102, 0x0015, 
	0x0117, 0x0015, 0x012C, 0x0001, 0x0141, 0x0001, 0x0142, 0x0001, 0x0143, 
	0x0015, 0x0144, 0x0014, 0x0159, 0x0015, 0x016D, 0x000E, 0x0182, 0x000E, 
	0x0190, 0x000E, 0x019E, 0x0015, 0x01AC, 0x0015, 0x01C1, 0x0015, 0x01D6, 
	0x0014, 0x01EB, 0x0014, 0x01FF, 0x0001, 0x0213, 0x0015, 0x0214, 0x0015, 
	0x0229, 0x0001, 0x023E, 0x0015, 0x023F, 0x0015, 0x0254, 0x0015, 0x0269, 
	0x0015, 0x027E, 0x0015, 0x0293, 0x0015, 0x02A8, 0x0015, 0x02BD, 0x0015, 
	0x02D2, 0x0015, 0x02E7, 0x0015, 0x02FC, 0x0014, 0x0311, 0x0001, 0x0325, 
	0x0015, 0x0326, 0x0015, 0x033B, 0x0015, 0x0350, 0x0015, 0x0365, 0x0015, 
	0x037A, 0x0015, 0x038F, 0x0015, 0x03A4, 0x0015, 0x03B9, 0x0015, 0x03CE, 
});
smlua_anim_util_register_animation('cr_anim_davy_run',0, 0, 0, 0, 80, { 
	0x0000, 0x00AE, 0x00AF, 0x00B2, 0x00B5, 0x00BA, 0x00C0, 0x00C5, 0x00CB, 
	0x00D0, 0x00D5, 0x00D9, 0x00DB, 0x00DC, 0x00DC, 0x00DB, 0x00D9, 0x00D5, 
	0x00D1, 0x00CB, 0x00C3, 0x00BB, 0x00B3, 0x00AB, 0x00A3, 0x009C, 0x0096, 
	0x0092, 0x008F, 0x008D, 0x008C, 0x008C, 0x008B, 0x008B, 0x008C, 0x008F, 
	0x0093, 0x0098, 0x009E, 0x00A5, 0x00AC, 0x00B3, 0x00BA, 0x00C1, 0x00C8, 
	0x00CE, 0x00D3, 0x00D8, 0x00DC, 0x00DF, 0x00E1, 0x00E3, 0x00E5, 0x00E5, 
	0x00E6, 0x00E4, 0x00E0, 0x00D9, 0x00D1, 0x00C7, 0x00BD, 0x00B2, 0x00A7, 
	0x009E, 0x0095, 0x008F, 0x008A, 0x0089, 0x0089, 0x008B, 0x008D, 0x0090, 
	0x0093, 0x0097, 0x009B, 0x009F, 0x00A3, 0x00A6, 0x00A9, 0x00AC, 0x00AE, 
	0x0000, 0x0000, 0x4000, 0x0000, 0xFFFF, 0x0000, 0x3A85, 0xEC09, 0xEC09, 
	0xEC09, 0xEC09, 0xEC0A, 0xEC0B, 0xEC0C, 0xEC0D, 0xEC0F, 0xEC12, 0xEC15, 
	0xEC1A, 0xEC1F, 0xEC38, 0xEC76, 0xECD6, 0xED55, 0xEDEF, 0xEEA2, 0xEF69, 
	0xF042, 0xF12A, 0xF21C, 0xF317, 0xF416, 0xF516, 0xF615, 0xF710, 0xF810, 
	0xF91D, 0xFA42, 0xFB86, 0xFCF4, 0xFE91, 0x0053, 0x0227, 0x03FE, 0x05CA, 
	0x077A, 0x08FF, 0x0A49, 0x0B48, 0x0BEC, 0x0C27, 0x0C27, 0x0C27, 0x0C27, 
	0x0C27, 0x0C27, 0x0C27, 0x0C27, 0x0C27, 0x0C27, 0x0C27, 0x0C10, 0x0BCE, 
	0x0B68, 0x0AE4, 0x0A48, 0x0999, 0x08DF, 0x081E, 0x075D, 0x06A2, 0x05F3, 
	0x0557, 0x04D2, 0x0465, 0x03FC, 0x037C, 0x02C8, 0x01C8, 0x005F, 0xFE71, 
	0xFBE7, 0xF8BA, 0xF53A, 0xF1CF, 0xEEDE, 0xECCF, 0xEC09, 0xFFFF, 0xFFF5, 
	0xFFDB, 0xFFB3, 0xFF81, 0xFF48, 0xFF0B, 0xFECF, 0xFE96, 0xFE63, 0xFE3B, 
	0xFE21, 0xFE17, 0xFE24, 0xFE49, 0xFE82, 0xFECC, 0xFF24, 0xFF86, 0xFFEF, 
	0x005E, 0x00CC, 0x0137, 0x019C, 0x01F8, 0x0248, 0x0287, 0x02B5, 0x02D4, 
	0x02E7, 0x02F1, 0x02F4, 0x02F5, 0x02E7, 0x02C3, 0x028C, 0x0249, 0x01FD, 
	0x01AF, 0x0164, 0x0121, 0x00EA, 0x00C6, 0x00B8, 0x00B8, 0x00B8, 0x00B8, 
	0x00B8, 0x00B8, 0x00B8, 0x00B8, 0x00B8, 0x00B8, 0x00B8, 0x00B1, 0x009B, 
	0x007B, 0x0051, 0x0021, 0xFFEB, 0xFFB4, 0xFF7D, 0xFF49, 0xFF19, 0xFEF0, 
	0xFED1, 0xFEBD, 0xFEB1, 0xFEA8, 0xFEA2, 0xFE9E, 0xFE9B, 0xFE9A, 0xFE99, 
	0xFE99, 0xFEB4, 0xFEF6, 0xFF4C, 0xFFA2, 0xFFE5, 0xFFFF, 0xFF6D, 0xFF5B, 
	0xFF29, 0xFEDE, 0xFE7F, 0xFE14, 0xFDA3, 0xFD31, 0xFCC6, 0xFC68, 0xFC1C, 
	0xFBEB, 0xFBD9, 0xFBE9, 0xFC19, 0xFC65, 0xFCCB, 0xFD48, 0xFDD9, 0xFE7B, 
	0xFF2C, 0xFFE8, 0x00AE, 0x0179, 0x0247, 0x0315, 0x03E1, 0x04A6, 0x055D, 
	0x05FB, 0x0678, 0x06CA, 0x06E7, 0x06CC, 0x067D, 0x0600, 0x055C, 0x0495, 
	0x03B1, 0x02B6, 0x01A9, 0x0090, 0xFF70, 0xFE4F, 0xFD33, 0xFC21, 0xFB1D, 
	0xFA2C, 0xF953, 0xF896, 0xF7FC, 0xF787, 0xF73E, 0xF724, 0xF743, 0xF79D, 
	0xF82A, 0xF8E4, 0xF9C3, 0xFAC0, 0xFBD6, 0xFCFC, 0xFE2C, 0xFF60, 0x0090, 
	0x01B4, 0x02C7, 0x03C2, 0x04A3, 0x0567, 0x060B, 0x068F, 0x06F0, 0x072B, 
	0x0740, 0x06AB, 0x0539, 0x0357, 0x0175, 0x0002, 0xFF6D, 0x140A, 0x1409, 
	0x1407, 0x1405, 0x1402, 0x13FE, 0x13FA, 0x13F6, 0x13F1, 0x13ED, 0x13E9, 
	0x13E6, 0x13E3, 0x13E0, 0x13DB, 0x13D1, 0x13BE, 0x13A1, 0x1375, 0x1338, 
	0x12E7, 0x127E, 0x11FC, 0x115C, 0x109D, 0x0FBA, 0x0EB1, 0x0D6E, 0x0BE8, 
	0x0A2C, 0x0848, 0x0649, 0x043E, 0x0233, 0x0032, 0xFE41, 0xFC6B, 0xFAB9, 
	0xF931, 0xF7DE, 0xF6C6, 0xF5F3, 0xF56D, 0xF53C, 0xF53A, 0xF538, 0xF536, 
	0xF535, 0xF534, 0xF533, 0xF533, 0xF533, 0xF533, 0xF533, 0xF533, 0xF534, 
	0xF536, 0xF53B, 0xF542, 0xF54E, 0xF55E, 0xF573, 0xF58F, 0xF5B1, 0xF5DB, 
	0xF60D, 0xF648, 0xF6AD, 0xF761, 0xF869, 0xF9CF, 0xFB98, 0xFDCC, 0x0073, 
	0x0391, 0x0720, 0x0AD5, 0x0E54, 0x1144, 0x1349, 0x140A, 0x0263, 0x0268, 
	0x0278, 0x0290, 0x02AD, 0x02CF, 0x02F3, 0x0316, 0x0338, 0x0355, 0x036D, 
	0x037D, 0x0382, 0x037D, 0x036C, 0x0352, 0x032F, 0x0304, 0x02D2, 0x029A, 
	0x025D, 0x021B, 0x01D5, 0x018E, 0x0144, 0x00F9, 0x00AF, 0x0066, 0x001E, 
	0xFFD6, 0xFF92, 0xFF50, 0xFF11, 0xFED5, 0xFE9D, 0xFE69, 0xFE39, 0xFE0E, 
	0xFDE9, 0xFDC9, 0xFDB0, 0xFD9D, 0xFD92, 0xFD8E, 0xFD8F, 0xFD91, 0xFD95, 
	0xFD9A, 0xFDA0, 0xFDA6, 0xFDAC, 0xFDB2, 0xFDB7, 0xFDBC, 0xFDBF, 0xFDC2, 
	0xFDC3, 0xFDC4, 0xFDC5, 0xFDC6, 0xFDC7, 0xFDC9, 0xFDCB, 0xFDCE, 0xFDD2, 
	0xFDD8, 0xFDDF, 0xFDF2, 0xFE19, 0xFE52, 0xFE9B, 0xFEF3, 0xFF58, 0xFFC7, 
	0x0041, 0x00C1, 0x013E, 0x01B0, 0x020D, 0x024C, 0x0263, 0xFD18, 0xFD0D, 
	0xFCF0, 0xFCC4, 0xFC8C, 0xFC4D, 0xFC0A, 0xFBC7, 0xFB88, 0xFB50, 0xFB24, 
	0xFB06, 0xFAFC, 0xFAFC, 0xFAFF, 0xFB07, 0xFB16, 0xFB30, 0xFB56, 0xFB8B, 
	0xFBD2, 0xFC2D, 0xFC9E, 0xFD29, 0xFDCF, 0xFE93, 0xFF78, 0x0089, 0x01B5, 
	0x02DC, 0x03D9, 0x048A, 0x04CD, 0x04C0, 0x049E, 0x046A, 0x042A, 0x03E3, 
	0x0399, 0x0352, 0x0312, 0x02DE, 0x02BC, 0x02AF, 0x02B2, 0x02B9, 0x02C4, 
	0x02D2, 0x02E4, 0x02F8, 0x030F, 0x0327, 0x0340, 0x035A, 0x0374, 0x038E, 
	0x03A8, 0x03C1, 0x03D8, 0x03EE, 0x0403, 0x0415, 0x0424, 0x0431, 0x043B, 
	0x0441, 0x0443, 0x03B4, 0x023D, 0x002B, 0xFDCA, 0xFB6A, 0xF958, 0xF7E1, 
	0xF753, 0xF7C0, 0xF8D2, 0xFA35, 0xFB99, 0xFCAB, 0xFD18, 0x0000, 0xFFFF, 
	0xBFFF, 0xA496, 0xA4FC, 0xA61F, 0xA7EC, 0xAA4E, 0xAD32, 0xB083, 0xB42D, 
	0xB81C, 0xBC3B, 0xC077, 0xC4BC, 0xC8F4, 0xCD0F, 0xD104, 0xD4CD, 0xD862, 
	0xDBBE, 0xDEDB, 0xE1B1, 0xE43C, 0xE673, 0xE852, 0xE9D1, 0xEAEB, 0xEB99, 
	0xEBD4, 0xEB6B, 0xEA62, 0xE906, 0xE7A4, 0xE688, 0xE600, 0xE5E1, 0xE5CD, 
	0xE5C1, 0xE5BC, 0xE5BB, 0xE5BB, 0xE5B9, 0xE5B4, 0xE5A9, 0xE595, 0xE576, 
	0xE4E9, 0xE3AA, 0xE1E6, 0xDFCC, 0xDD88, 0xDB48, 0xD93A, 0xD789, 0xD664, 
	0xD5F9, 0xD646, 0xD71E, 0xD867, 0xDA08, 0xDBE8, 0xDDED, 0xDFFF, 0xE205, 
	0xE3E5, 0xE585, 0xE6CE, 0xE7A6, 0xE7F4, 0xE7F3, 0xE7ED, 0xE7DD, 0xE7BE, 
	0xE78A, 0xE73E, 0xE6D2, 0xE644, 0xE0F6, 0xD4AD, 0xC4F3, 0xB555, 0xA95D, 
	0xA496, 0xC4D9, 0xC4D7, 0xC4D0, 0xC4C7, 0xC4BB, 0xC4AD, 0xC49F, 0xC491, 
	0xC483, 0xC477, 0xC46E, 0xC467, 0xC465, 0xC46A, 0xC480, 0xC4AC, 0xC4F8, 
	0xC56A, 0xC60A, 0xC6E1, 0xC7F5, 0xC94E, 0xCAF4, 0xCCEF, 0xCF45, 0xD200, 
	0xD526, 0xD8AF, 0xDC54, 0xDFC1, 0xE29E, 0xE494, 0xE54F, 0xE527, 0xE4B8, 
	0xE413, 0xE347, 0xE264, 0xE178, 0xE095, 0xDFC9, 0xDF23, 0xDEB5, 0xDE8D, 
	0xDE98, 0xDEB8, 0xDEE7, 0xDF20, 0xDF5E, 0xDF9D, 0xDFD6, 0xE005, 0xE024, 
	0xE030, 0xE02D, 0xE021, 0xE00E, 0xDFF3, 0xDFD0, 0xDFA5, 0xDF71, 0xDF34, 
	0xDEEE, 0xDE9F, 0xDE47, 0xDDE5, 0xDD7A, 0xDD02, 0xDC6F, 0xDBB2, 0xDABB, 
	0xD978, 0xD7D9, 0xD5CF, 0xD349, 0xD048, 0xCD11, 0xC9FA, 0xC75A, 0xC588, 
	0xC4D9, 0xF9C3, 0xF92A, 0xF782, 0xF502, 0xF1E0, 0xEE52, 0xEA8E, 0xE6C9, 
	0xE33B, 0xE019, 0xDD99, 0xDBF2, 0xDB58, 0xDB9A, 0xDC51, 0xDD6A, 0xDED2, 
	0xE075, 0xE23F, 0xE41D, 0xE5FA, 0xE7C4, 0xE967, 0xEACF, 0xEBE8, 0xEC9F, 
	0xECE1, 0xECD3, 0xECAD, 0xEC73, 0xEC2B, 0xEBDA, 0xEB84, 0xEB2F, 0xEADC, 
	0xEA8C, 0xEA41, 0xE9FC, 0xE9BE, 0xE988, 0xE95C, 0xE93C, 0xE927, 0xE920, 
	0xE97C, 0xEA77, 0xEBE8, 0xEDA8, 0xEF90, 0xF178, 0xF338, 0xF4AA, 0xF5A4, 
	0xF600, 0xF5FF, 0xF5F6, 0xF5DD, 0xF5AC, 0xF55B, 0xF4E3, 0xF43B, 0xF35B, 
	0xF23C, 0xF0D5, 0xEF1F, 0xED12, 0xEAA5, 0xE64A, 0xDF25, 0xD642, 0xCCA9, 
	0xC363, 0xBB7B, 0xB5FA, 0xB3EA, 0xB916, 0xC606, 0xD6D6, 0xE7A7, 0xF497, 
	0xF9C3, 0xFFFF, 0xFFFF, 0xFFFF, 0xFFFF, 0xFFFF, 0x0000, 0xFFFF, 0xFFFF, 
	0xFFFF, 0xFFFF, 0x0000, 0x0000, 0x0000, 0xFFFF, 0xFFFF, 0xFFFF, 0xFFFF, 
	0xFFFF, 0xFFFF, 0xFFFF, 0xFFFF, 0xFFFF, 0xFFFF, 0xFFFF, 0xFFFF, 0xFFFF, 
	0xFFFF, 0xFFFF, 0xFFFF, 0xFFFF, 0xFFFF, 0xFFFF, 0xFFFF, 0xFFFF, 0xFFFF, 
	0xFFFF, 0xFFFF, 0xFFFF, 0xFFFF, 0xFFFF, 0xFFFF, 0xFFFF, 0xFFFF, 0xFFFF, 
	0xFFFF, 0xFFFF, 0xFFFF, 0xFFFF, 0xFFFF, 0xFFFF, 0xFFFF, 0xFFFF, 0xFFFF, 
	0xFFFF, 0xFFFF, 0xFFFF, 0xFFFF, 0xFFFF, 0xFFFF, 0xFFFF, 0xFFFF, 0xFFFF, 
	0xFFFF, 0xFFFF, 0xFFFF, 0xFFFF, 0xFFFF, 0x0000, 0x0000, 0x0000, 0x0000, 
	0x0000, 0xFFFF, 0xFFFF, 0xFFFF, 0x0000, 0x0000, 0x0000, 0x0000, 0xFFFF, 
	0xFFFF, 0x0000, 0x0000, 0x0000, 0x0000, 0x0000, 0x0000, 0x0000, 0x0000, 
	0x0000, 0x0000, 0xFFFF, 0x0000, 0xFFFF, 0xCAFF, 0xCAD2, 0xCA56, 0xC99A, 
	0xC8AF, 0xC7A4, 0xC68A, 0xC56F, 0xC464, 0xC379, 0xC2BD, 0xC241, 0xC214, 
	0xC28D, 0xC3E0, 0xC5E9, 0xC883, 0xCB8B, 0xCEDA, 0xD24F, 0xD5C3, 0xD913, 
	0xDC1A, 0xDEB4, 0xE0BD, 0xE210, 0xE289, 0xE159, 0xDE62, 0xDA86, 0xD6AA, 
	0xD3B3, 0xD283, 0xD2AB, 0xD320, 0xD3D8, 0xD4CC, 0xD5F3, 0xD746, 0xD8BB, 
	0xDA4B, 0xDBED, 0xDD99, 0xDF48, 0xE0F0, 0xE28B, 0xE412, 0xE57C, 0xE6C2, 
	0xE7DD, 0xE8C7, 0xE976, 0xE9E5, 0xEA0C, 0xE9B5, 0xE8BF, 0xE73C, 0xE53E, 
	0xE2DA, 0xE022, 0xDD2A, 0xDA05, 0xD6C5, 0xD37E, 0xD042, 0xCD26, 0xCA3C, 
	0xC795, 0xC538, 0xC32A, 0xC171, 0xC011, 0xBF0F, 0xBE71, 0xBE3B, 0xBF2D, 
	0xC18A, 0xC49D, 0xC7B0, 0xCA0D, 0xCAFF, 0xDFFF, 0xF8E3, 0xEE38, 0x0000, 
	0xFFFF, 0xBFFF, 0x12E6, 0x130E, 0x137B, 0x1421, 0x14F0, 0x15DC, 0x16D5, 
	0x17CE, 0x18BA, 0x1989, 0x1A2F, 0x1A9C, 0x1AC4, 0x1A74, 0x1990, 0x182F, 
	0x1666, 0x1449, 0x11EF, 0x0F6C, 0x0CD5, 0x0A41, 0x07C4, 0x0573, 0x0363, 
	0x01AB, 0x005E, 0xFF78, 0xFEDF, 0xFE82, 0xFE53, 0xFE41, 0xFE3E, 0xFED6, 
	0x0075, 0x02E0, 0x05DD, 0x0932, 0x0CA5, 0x0FFA, 0x12F7, 0x1562, 0x1701, 
	0x1798, 0x16B0, 0x143C, 0x109E, 0x0C3A, 0x0773, 0x02AB, 0xFE46, 0xFAA8, 
	0xF834, 0xF74C, 0xF7DB, 0xF966, 0xFBC1, 0xFEBE, 0x022E, 0x05E3, 0x09AF, 
	0x0D64, 0x10D3, 0x13D0, 0x162B, 0x17B6, 0x1844, 0x1823, 0x17C8, 0x1742, 
	0x169D, 0x15E9, 0x1533, 0x1488, 0x13F7, 0x138A, 0x133F, 0x130F, 0x12F4, 
	0x12E8, 0x12E6, 0x3224, 0x320A, 0x31C1, 0x3154, 0x30CB, 0x302F, 0x2F8A, 
	0x2EE5, 0x2E4A, 0x2DC1, 0x2D53, 0x2D0B, 0x2CF1, 0x2D12, 0x2D70, 0x2E00, 
	0x2EB8, 0x2F8F, 0x3079, 0x316E, 0x3263, 0x334D, 0x3424, 0x34DC, 0x356C, 
	0x35CA, 0x35EB, 0x3563, 0x340C, 0x324F, 0x3092, 0x2F3C, 0x2EB3, 0x2EE6, 
	0x2F71, 0x3040, 0x3140, 0x325E, 0x3385, 0x34A3, 0x35A3, 0x3672, 0x36FD, 
	0x3730, 0x3720, 0x36F6, 0x36B3, 0x365C, 0x35F4, 0x357F, 0x34FF, 0x347A, 
	0x33F3, 0x336C, 0x32E9, 0x3267, 0x31E5, 0x3160, 0x30D4, 0x303F, 0x2F9E, 
	0x2EEF, 0x2E2E, 0x2D5A, 0x2C6E, 0x2B6A, 0x2A49, 0x290C, 0x27C2, 0x267B, 
	0x254A, 0x243E, 0x2369, 0x22DD, 0x22AA, 0x23D0, 0x26AD, 0x2A67, 0x2E21, 
	0x30FE, 0x3224, 0xF556, 0xF585, 0xF608, 0xF6CC, 0xF7C3, 0xF8DB, 0xFA04, 
	0xFB2D, 0xFC45, 0xFD3C, 0xFE01, 0xFE83, 0xFEB2, 0xFE6D, 0xFDA5, 0xFC63, 
	0xFAB1, 0xF897, 0xF621, 0xF357, 0xF042, 0xECED, 0xE961, 0xE5A7, 0xE1C8, 
	0xDDD0, 0xD9C6, 0xD5B8, 0xD1C0, 0xCDFD, 0xCA8B, 0xC788, 0xC513, 0xC33E, 
	0xC1F1, 0xC108, 0xC060, 0xBFD6, 0xBF47, 0xBE8F, 0xBD8B, 0xBC17, 0xBA11, 
	0xB755, 0xB3CF, 0xAFAB, 0xAB26, 0xA679, 0xA1E1, 0x9D9A, 0x99DE, 0x96EA, 
	0x94F9, 0x9446, 0x959F, 0x9960, 0x9F1C, 0xA663, 0xAEC8, 0xB7DA, 0xC12E, 
	0xCA52, 0xD2DA, 0xDA57, 0xE059, 0xE474, 0xE638, 0xE691, 0xE6BF, 0xE6CF, 
	0xE6D2, 0xE6D4, 0xE6E5, 0xE713, 0xE76C, 0xE8C4, 0xEB6E, 0xEEB8, 0xF1EE, 
	0xF45E, 0xF556, 0xFFFF, 0xFFFF, 0x0000, 0x0000, 0x0000, 0x0000, 0x0000, 
	0xFFFF, 0xFFFF, 0xFFFF, 0xFFFF, 0x0000, 0x0000, 0x0000, 0xFFFF, 0xFFFF, 
	0x0000, 0xFFFF, 0xFFFF, 0x0000, 0x0000, 0x0000, 0x0000, 0xFFFF, 0xFFFF, 
	0xFFFF, 0x0000, 0x0000, 0x0000, 0x0000, 0x0000, 0x0000, 0x0000, 0x0000, 
	0x0000, 0x0000, 0x0000, 0x0000, 0x0000, 0x0000, 0x0000, 0x0000, 0x0000, 
	0x0000, 0x0000, 0x0000, 0x0000, 0x0000, 0x0000, 0x0000, 0x0000, 0x0000, 
	0x0000, 0x0000, 0x0000, 0x0000, 0x0000, 0x0000, 0x0000, 0x0000, 0x0000, 
	0x0000, 0x0000, 0x0000, 0x0000, 0x0000, 0x0000, 0x0000, 0x0000, 0x0000, 
	0x0000, 0x0000, 0x0000, 0x0000, 0x0000, 0x0000, 0x0000, 0x0000, 0x0000, 
	0x0000, 0xFFFF, 0xFFFF, 0xFFFF, 0x0000, 0xFFFF, 0xFFFF, 0xFFFF, 0xFFFF, 
	0x0000, 0x0000, 0x0000, 0xFFFF, 0xFFFF, 0x0000, 0xFFFF, 0xFFFF, 0xFFFF, 
	0x0000, 0xFFFF, 0x0000, 0x0000, 0xFFFF, 0x0000, 0x0000, 0xFFFF, 0xFFFF, 
	0x0000, 0xFFFF, 0xFFFF, 0x0000, 0xFFFF, 0xFFFF, 0xFFFF, 0x0000, 0x0000, 
	0x0000, 0xFFFF, 0xFFFF, 0x0000, 0xFFFF, 0xFFFF, 0x0000, 0x0000, 0x0000, 
	0x0000, 0x0000, 0x0000, 0x0000, 0x0000, 0x0000, 0x0000, 0x0000, 0x0000, 
	0xFFFF, 0xFFFF, 0xFFFF, 0x0000, 0x0000, 0x0000, 0x0000, 0xFFFF, 0x0000, 
	0x0000, 0x0000, 0x0000, 0x0000, 0xFFFF, 0xFFFF, 0xFFFF, 0xFFFF, 0xFFFF, 
	0xFFFF, 0x0000, 0xFFFF, 0xFFFF, 0x0000, 0xFFFF, 0xFFFF, 0xFFFF, 0x0000, 
	0xFFFF, 0xE258, 0xE258, 0xE257, 0xE253, 0xE24C, 0xE240, 0xE22E, 0xE216, 
	0xE1F5, 0xE1CB, 0xE197, 0xE157, 0xE10B, 0xE0B0, 0xE047, 0xDFCD, 0xDF42, 
	0xDEA4, 0xDDF3, 0xDD2D, 0xDC51, 0xDB5D, 0xDA52, 0xD92D, 0xD7ED, 0xD692, 
	0xD519, 0xD33A, 0xD0CC, 0xCDFF, 0xCB04, 0xC80A, 0xC541, 0xC2D2, 0xC0BD, 
	0xBEFD, 0xBD8B, 0xBC61, 0xBB76, 0xBAC5, 0xBA48, 0xB9F6, 0xB9CA, 0xB9BD, 
	0xB9BD, 0xB9BF, 0xB9C4, 0xB9CE, 0xB9DE, 0xB9F6, 0xBA18, 0xBA45, 0xBA7E, 
	0xBAC6, 0xBB47, 0xBC24, 0xBD52, 0xBEC5, 0xC074, 0xC252, 0xC454, 0xC671, 
	0xC89C, 0xCACB, 0xCCF3, 0xCF09, 0xD102, 0xD2D5, 0xD485, 0xD618, 0xD793, 
	0xD8FC, 0xDA57, 0xDBAB, 0xDCFD, 0xDE4D, 0xDF8D, 0xE0A8, 0xE18B, 0xE221, 
	0xE258, 0x2000, 0x071C, 0xEE38, 0x0000, 0x0000, 0xBFFF, 0xE305, 0xE305, 
	0xE305, 0xE305, 0xE305, 0xE305, 0xE305, 0xE305, 0xE305, 0xE305, 0xE305, 
	0xE305, 0xE305, 0xE306, 0xE30E, 0xE323, 0xE34D, 0xE393, 0xE3FA, 0xE48A, 
	0xE54B, 0xE641, 0xE775, 0xE8ED, 0xEAB1, 0xECC6, 0xEF33, 0xF281, 0xF6BD, 
	0xFB39, 0xFF45, 0x0234, 0x0354, 0x0354, 0x0354, 0x0351, 0x034D, 0x0346, 
	0x033C, 0x032D, 0x031A, 0x0301, 0x02E2, 0x02BC, 0x0259, 0x018F, 0x0073, 
	0xFF13, 0xFD86, 0xFBDC, 0xFA27, 0xF87A, 0xF6E8, 0xF583, 0xF452, 0xF350, 
	0xF27A, 0xF1CA, 0xF13D, 0xF0CF, 0xF07D, 0xF042, 0xF01A, 0xF002, 0xEFF6, 
	0xEFF1, 0xEFF1, 0xEFF1, 0xEFF1, 0xEFF1, 0xEFF1, 0xEFF1, 0xEFF1, 0xEFF1, 
	0xEFF1, 0xEEFC, 0xEC97, 0xE97B, 0xE65E, 0xE3FA, 0xE305, 0xE7B1, 0xE7B1, 
	0xE7B1, 0xE7B1, 0xE7B1, 0xE7B1, 0xE7B1, 0xE7B1, 0xE7B1, 0xE7B1, 0xE7B1, 
	0xE7B1, 0xE7B1, 0xE7B1, 0xE7B0, 0xE7AE, 0xE7AC, 0xE7AA, 0xE7A8, 0xE7A5, 
	0xE7A3, 0xE7A0, 0xE79E, 0xE79C, 0xE79A, 0xE799, 0xE799, 0xE7C4, 0xE833, 
	0xE8CE, 0xE97B, 0xEA23, 0xEAAC, 0xEB11, 0xEB61, 0xEB9E, 0xEBCB, 0xEBEC, 
	0xEC03, 0xEC13, 0xEC1F, 0xEC2B, 0xEC38, 0xEC4B, 0xEC66, 0xEC89, 0xECB5, 
	0xECEA, 0xED27, 0xED6E, 0xEDBF, 0xEE19, 0xEE7D, 0xEEEB, 0xEF63, 0xEFE3, 
	0xF067, 0xF0EC, 0xF170, 0xF1EF, 0xF267, 0xF2D5, 0xF335, 0xF385, 0xF3C2, 
	0xF3E8, 0xF3F6, 0xF3F6, 0xF3F6, 0xF3F6, 0xF3F6, 0xF3F6, 0xF3F6, 0xF3F6, 
	0xF3F6, 0xF30D, 0xF0C8, 0xEDD4, 0xEADF, 0xE89A, 0xE7B1, 0xCCB3, 0xCCC9, 
	0xCD06, 0xCD62, 0xCDD4, 0xCE57, 0xCEE1, 0xCF6B, 0xCFEE, 0xD061, 0xD0BC, 
	0xD0F9, 0xD10F, 0xD10D, 0xD0FF, 0xD0DA, 0xD092, 0xD01B, 0xCF6A, 0xCE72, 
	0xCD29, 0xCB82, 0xC972, 0xC6ED, 0xC3E7, 0xC055, 0xBC2B, 0xB5D8, 0xACC6, 
	0xA25A, 0x97FC, 0x8F15, 0x890C, 0x8547, 0x8230, 0x7FB7, 0x7DCB, 0x7C58, 
	0x7B4F, 0x7A9D, 0x7A31, 0x79FA, 0x79E5, 0x79E2, 0x7A6E, 0x7BF3, 0x7E48, 
	0x8140, 0x84B2, 0x8872, 0x8C54, 0x902E, 0x93D6, 0x971F, 0x99E8, 0x9C37, 
	0x9E1B, 0x9FA3, 0xA0DE, 0xA1DA, 0xA2A6, 0xA353, 0xA3EE, 0xA487, 0xA52C, 
	0xA5ED, 0xA6D8, 0xA7FC, 0xA963, 0xAB17, 0xAD22, 0xAF8D, 0xB261, 0xB5A9, 
	0xB96F, 0xBDA8, 0xC202, 0xC616, 0xC97F, 0xCBD5, 0xCCB3, 0xFFFF, 0xFFFF, 
	0x0000, 0xFFFF, 0x0000, 0xFFFF, 0x0000, 0xFFFF, 0x0000, 0xFFFF, 0x0000, 
	0xFFFF, 0x0000, 0x0000, 0x0000, 0x0000, 0x0000, 0x0000, 0x0000, 0x0000, 
	0x0000, 0x0000, 0x0000, 0x0000, 0x0000, 0x0000, 0x0000, 0x0000, 0x0000, 
	0x0000, 0x0000, 0x0000, 0x0000, 0x0000, 0x0000, 0x0000, 0x0000, 0x0000, 
	0x0000, 0x0000, 0x0000, 0x0000, 0x0000, 0x0000, 0x0000, 0x0000, 0x0000, 
	0x0000, 0x0000, 0x0000, 0x0000, 0x0000, 0x0000, 0x0000, 0x0000, 0x0000, 
	0xFFFF, 0xFFFF, 0x0000, 0x0000, 0x0000, 0x0000, 0x0000, 0x0000, 0x0000, 
	0x0000, 0x0000, 0x0000, 0x0000, 0x0000, 0x0000, 0x0000, 0x0000, 0x0000, 
	0x0000, 0x0000, 0x0000, 0x0000, 0x0000, 0xFFFF, 0x0000, 0x0000, 0x0000, 
	0x0000, 0x0000, 0x0000, 0xFFFF, 0xFFFF, 0xFFFF, 0x0000, 0xFFFF, 0xFFFF, 
	0xFFFF, 0xFFFF, 0xFFFF, 0xFFFF, 0xFFFF, 0x0000, 0x0000, 0x0000, 0x0000, 
	0xFFFF, 0x0000, 0xFFFF, 0x0000, 0x318B, 0x31CC, 0x3283, 0x339D, 0x3506, 
	0x36AD, 0x387E, 0x3A66, 0x3C53, 0x3E32, 0x3FEF, 0x4179, 0x42BC, 0x43C1, 
	0x44A1, 0x455F, 0x45FE, 0x467F, 0x46E7, 0x4738, 0x4774, 0x47A0, 0x47BD, 
	0x47CF, 0x47D8, 0x47DB, 0x47DC, 0x47A5, 0x4705, 0x4606, 0x44AE, 0x4308, 
	0x411A, 0x3EEE, 0x3C8B, 0x39FA, 0x3744, 0x3471, 0x3188, 0x2E93, 0x2B9A, 
	0x28A5, 0x25BD, 0x22E9, 0x2033, 0x1DA3, 0x1B40, 0x1914, 0x1726, 0x157F, 
	0x1428, 0x1328, 0x1289, 0x1252, 0x12EA, 0x1493, 0x171A, 0x1A4E, 0x1DFE, 
	0x21F8, 0x260B, 0x2A06, 0x2DB5, 0x30EA, 0x3371, 0x351A, 0x35B2, 0x351D, 
	0x3395, 0x316A, 0x2EEE, 0x2C72, 0x2A47, 0x28BF, 0x282A, 0x28DC, 0x2A99, 
	0x2CDB, 0x2F1D, 0x30D9, 0x318B, 0xFFFF, 0xFFFF, 0xFFFF, 0x0000, 0xFFFF, 
	0xFFFF, 0x0000, 0x0000, 0x0000, 0x0000, 0x0000, 0x0000, 0x0000, 0xFFFF, 
	0x0000, 0xFFFF, 0x0000, 0xFFFF, 0x0000, 0xFFFF, 0xFFFF, 0x0000, 0xFFFF, 
	0x0000, 0xFFFF, 0x0000, 0x0000, 0x0000, 0x0000, 0x0000, 0x0000, 0x0000, 
	0x0000, 0x0000, 0x0000, 0x0000, 0x0000, 0x0000, 0x0000, 0x0000, 0x0000, 
	0x0000, 0x0000, 0xFFFF, 0x0000, 0x0000, 0x0000, 0x0000, 0x0000, 0x0000, 
	0xFFFF, 0x0000, 0x0000, 0x0000, 0xFFFF, 0x0000, 0x0000, 0x0000, 0xFFFF, 
	0x0000, 0xC7D0, 0xC816, 0xC8DE, 0xCA17, 0xCBB1, 0xCD9B, 0xCFC6, 0xD220, 
	0xD49B, 0xD724, 0xD9AD, 0xDC24, 0xDE79, 0xE0A0, 0xE296, 0xE45C, 0xE5F4, 
	0xE75F, 0xE89F, 0xE9B4, 0xEAA0, 0xEB65, 0xEC03, 0xEC7B, 0xECD0, 0xED01, 
	0xED12, 0xECC8, 0xEBFA, 0xEABE, 0xE929, 0xE753, 0xE551, 0xE337, 0xE106, 
	0xDEC1, 0xDC66, 0xD9F6, 0xD771, 0xD4D6, 0xD227, 0xCF62, 0xCC88, 0xC99A, 
	0xC699, 0xC397, 0xC0A7, 0xBDDB, 0xBB49, 0xB903, 0xB71C, 0xB5A9, 0xB4BB, 
	0xB468, 0xB483, 0xB4CD, 0xB53E, 0xB5CD, 0xB672, 0xB724, 0xB7DA, 0xB88C, 
	0xB931, 0xB9C0, 0xBA31, 0xBA7B, 0xBA96, 0xBA5B, 0xB9BE, 0xB8E2, 0xB7E5, 
	0xB6E8, 0xB60B, 0xB56F, 0xB534, 0xB695, 0xBA07, 0xBE82, 0xC2FD, 0xC66F, 
	0xC7D0, 0x0000, 0x0000, 0xBFFF, 0xFC7D, 0xFCE0, 0xFDF1, 0xFF8E, 0x0194, 
	0x03DF, 0x064D, 0x08BB, 0x0B06, 0x0D0B, 0x0EA8, 0x0FB9, 0x101C, 0x0FFF, 
	0x0FB0, 0x0F36, 0x0E9A, 0x0DE5, 0x0D1E, 0x0C4F, 0x0B80, 0x0ABA, 0x0A05, 
	0x0969, 0x08EF, 0x089F, 0x0883, 0x0883, 0x0883, 0x0883, 0x0883, 0x0883, 
	0x0883, 0x08AE, 0x0924, 0x09D7, 0x0AB7, 0x0BB6, 0x0CC5, 0x0DD5, 0x0ED7, 
	0x0FBD, 0x1077, 0x10F6, 0x114A, 0x118E, 0x11C2, 0x11E9, 0x1206, 0x1219, 
	0x1224, 0x122A, 0x122C, 0x122C, 0x1206, 0x1199, 0x10EE, 0x100D, 0x0F00, 
	0x0DCE, 0x0C81, 0x0B22, 0x09B8, 0x084E, 0x06EA, 0x0597, 0x045D, 0x0342, 
	0x0246, 0x0165, 0x009D, 0xFFE9, 0xFF4A, 0xFEBA, 0xFE37, 0xFDBF, 0xFD55, 
	0xFCFC, 0xFCB8, 0xFC8D, 0xFC7D, 0x0F2B, 0x0F21, 0x0F04, 0x0ED6, 0x0E9B, 
	0x0E54, 0x0E03, 0x0DAC, 0x0D50, 0x0CF1, 0x0C93, 0x0C37, 0x0BE0, 0x0B8F, 
	0x0B45, 0x0B02, 0x0AC5, 0x0A8F, 0x0A60, 0x0A36, 0x0A13, 0x09F5, 0x09DD, 
	0x09CB, 0x09BE, 0x09B6, 0x09B4, 0x09B4, 0x09B4, 0x09B4, 0x09B4, 0x09B4, 
	0x09B4, 0x09C4, 0x09F1, 0x0A37, 0x0A8F, 0x0AF5, 0x0B64, 0x0BD7, 0x0C49, 
	0x0CB4, 0x0D14, 0x0D63, 0x0D9F, 0x0DCC, 0x0DF0, 0x0E13, 0x0E3A, 0x0E6B, 
	0x0EAF, 0x0F0A, 0x0F84, 0x1022, 0x10EA, 0x11D4, 0x12D8, 0x13EE, 0x150B, 
	0x1628, 0x173C, 0x183D, 0x1923, 0x19E6, 0x1A7B, 0x1ADC, 0x1AFE, 0x1A8A, 
	0x1958, 0x17A4, 0x15AA, 0x13A6, 0x11D6, 0x1075, 0x0FC0, 0x0F81, 0x0F57, 
	0x0F3D, 0x0F30, 0x0F2B, 0x7AE8, 0x7B72, 0x7CF5, 0x7F47, 0x8241, 0x85B9, 
	0x8988, 0x8D85, 0x9187, 0x9566, 0x98F8, 0x9C17, 0x9E98, 0xA07E, 0xA1F0, 
	0xA301, 0xA3C0, 0xA440, 0xA491, 0xA4C5, 0xA4ED, 0xA519, 0xA55C, 0xA5C6, 
	0xA668, 0xA754, 0xA89A, 0xAA45, 0xAC40, 0xAE70, 0xB0B9, 0xB2FF, 0xB526, 
	0xB718, 0xB8D4, 0xBA5E, 0xBBB9, 0xBCEA, 0xBDF4, 0xBEDB, 0xBFA4, 0xC051, 
	0xC0E8, 0xC16C, 0xC1E0, 0xC245, 0xC29D, 0xC2E6, 0xC323, 0xC354, 0xC379, 
	0xC393, 0xC3A2, 0xC3A6, 0xC3A5, 0xC398, 0xC376, 0xC334, 0xC2C6, 0xC223, 
	0xC140, 0xC011, 0xBE8C, 0xBCA6, 0xBA55, 0xB78D, 0xB445, 0xAF8D, 0xA8F1, 
	0xA120, 0x98C7, 0x9094, 0x8934, 0x8355, 0x7FA5, 0x7DA6, 0x7C50, 0x7B80, 
	0x7B15, 0x7AEE, 0x7AE8, 0xFFFF, 0xFFFF, 0xFFFF, 0xFFFF, 0xFFFF, 0xFFFF, 
	0xFFFF, 0xFFFF, 0xFFFF, 0xFFFF, 0xFFFF, 0xFFFF, 0xFFFF, 0xFFFF, 0xFFFF, 
	0xFFFF, 0xFFFF, 0xFFFF, 0xFFFF, 0xFFFF, 0xFFFF, 0xFFFF, 0xFFFF, 0xFFFF, 
	0xFFFF, 0xFFFF, 0xFFFF, 0xFFFF, 0xFFFF, 0xFFFF, 0xFFFF, 0xFFFF, 0xFFFF, 
	0xFFFF, 0xFFFF, 0xFFFF, 0xFFFF, 0xFFFF, 0x0000, 0xFFFF, 0xFFFF, 0xFFFF, 
	0xFFFF, 0xFFFF, 0xFFFF, 0x0000, 0xFFFF, 0xFFFF, 0x0000, 0x0000, 0x0000, 
	0xFFFF, 0xFFFF, 0xFFFF, 0x0000, 0x0000, 0xFFFF, 0x0000, 0x0000, 0x0000, 
	0x0000, 0x0000, 0x0000, 0x0000, 0x0000, 0x0000, 0x0000, 0x0000, 0x0000, 
	0x0000, 0x0000, 0x0000, 0x0000, 0x0000, 0x0000, 0x0000, 0x0000, 0x0000, 
	0xFFFF, 0xFFFF, 0x0000, 0x0000, 0x0000, 0x0000, 0x0000, 0x0000, 0x0000, 
	0x0000, 0x0000, 0xFFFF, 0x0000, 0xFFFF, 0xFFFF, 0xFFFF, 0xFFFF, 0xFFFF, 
	0xFFFF, 0xFFFF, 0xFFFF, 0xFFFF, 0xFFFF, 0xFFFF, 0xFFFF, 0xFFFF, 0xFFFF, 
	0x0000, 0x0000, 0x0000, 0x0000, 0x0000, 0x0000, 0xFFFF, 0xFFFF, 0x0000, 
	0xFFFF, 0xFFFF, 0xFFFF, 0xFFFF, 0x0000, 0x0000, 0xFFFF, 0x0000, 0x0000, 
	0x0000, 0x0000, 0x0000, 0x0000, 0x0000, 0x0000, 0x0000, 0x0000, 0x0000, 
	0xFFFF, 0x0000, 0x0000, 0xFFFF, 0xFFFF, 0x0000, 0xFFFF, 0x0000, 0x0000, 
	0x0000, 0xFFFF, 0x0000, 0xFFFF, 0xFFFF, 0xFFFF, 0x0000, 0xFFFF, 0xFFFF, 
	0xFFFF, 0xFFFF, 0xFFFF, 0xFFFF, 0x0000, 0x0000, 0xFFFF, 0xFFFF, 0x0000, 
	0xFFFF, 0x3BFF, 0x3B14, 0x3889, 0x34B2, 0x2FE2, 0x2A6C, 0x24A3, 0x1EDA, 
	0x1964, 0x1494, 0x10BD, 0x0E33, 0x0D47, 0x0DCC, 0x0F3E, 0x1177, 0x1450, 
	0x17A0, 0x1B40, 0x1F08, 0x22D1, 0x2674, 0x29C8, 0x2CA6, 0x2EE7, 0x3063, 
	0x30F2, 0x30FC, 0x3103, 0x3107, 0x3109, 0x310A, 0x310A, 0x3109, 0x3106, 
	0x3103, 0x30FE, 0x30F9, 0x30F4, 0x30EF, 0x30EA, 0x30E7, 0x30E4, 0x30E3, 
	0x310F, 0x3189, 0x3245, 0x3335, 0x344D, 0x357F, 0x36BE, 0x37FD, 0x392F, 
	0x3A46, 0x3B3A, 0x3C0A, 0x3CBA, 0x3D4F, 0x3DCC, 0x3E35, 0x3E8E, 0x3EDC, 
	0x3F21, 0x3F63, 0x3FA4, 0x3FE8, 0x4034, 0x408A, 0x40E6, 0x4143, 0x419B, 
	0x41E9, 0x4227, 0x4251, 0x4260, 0x41E7, 0x40B8, 0x3F2F, 0x3DA6, 0x3C78, 
	0x3BFF, 0x0000, 0x0000, 0x0000, 0x0000, 0x0000, 0x0000, 0x0000, 0x0000, 
	0x0000, 0x0000, 0x0000, 0x0000, 0x0000, 0x0000, 0x0000, 0x0000, 0x0000, 
	0x0000, 0x0000, 0x0000, 0x0000, 0xFFFF, 0xFFFF, 0x0000, 0x0000, 0xFFFF, 
	0x0000, 0x0000, 0x0000, 0x0000, 0x0000, 0x0000, 0x0000, 0x0000, 0x0000, 
	0x0000, 0x0000, 0x0000, 0x0000, 0x0000, 0x0000, 0x0000, 0x0000, 0x0000, 
	0x0000, 0x0000, 0x0000, 0x0000, 0x0000, 0x0000, 0x0000, 0x0000, 0x0000, 
	0x0000, 0x0000, 0x0000, 0x0000, 0x0000, 0x0000, 0x0000, 0x0000, 0x0000, 
	0x0000, 0x0000, 0x0000, 0x0000, 0xFFFF, 0x0000, 0xFFFF, 0xFFFF, 0xFFFF, 
	0xFFFF, 0xFFFF, 0xFFFF, 0x0000, 0x0000, 0x0000, 0x0000, 0xFFFF, 0x0000, 
	0xFFFF, 0xFFFF, 0xFFFF, 0xFFFF, 0xFFFF, 0xFFFF, 0xFFFF, 0xFFFF, 0xFFFF, 
	0xFFFF, 0xFFFF, 0xFFFF, 0xFFFF, 0xFFFF, 0x0000, 0xFFFF, 0xFFFF, 0xFFFF, 
	0x0000, 0x0000, 0xFFFF, 0xFFFF, 0xFFFF, 0xFFFF, 0xFFFF, 0xFFFF, 0xFFFF, 
	0xFFFF, 0xFFFF, 0xFFFF, 0xFFFF, 0xFFFF, 0xFFFF, 0xFFFF, 0xFFFF, 0xFFFF, 
	0xFFFF, 0xFFFF, 0xFFFF, 0xFFFF, 0xFFFF, 0xFFFF, 0x0000, 0x0000, 0xFFFF, 
	0xFFFF, 0x0000, 0x0000, 0xFFFF, 0xFFFF, 0x0000, 0xFFFF, 0xBB6C, 0xBB6D, 
	0xBB6E, 0xBB71, 0xBB75, 0xBB7A, 0xBB80, 0xBB86, 0xBB8D, 0xBB95, 0xBB9D, 
	0xBBA5, 0xBBAD, 0xBBB6, 0xBBBE, 0xBBC6, 0xBBCF, 0xBBD6, 0xBBDE, 0xBBE5, 
	0xBBEB, 0xBBF1, 0xBBF6, 0xBBFA, 0xBBFD, 0xBBFE, 0xBBFF, 0xBAFD, 0xB879, 
	0xB534, 0xB1EF, 0xAF6A, 0xAE69, 0xAE9B, 0xAF2B, 0xB00E, 0xB139, 0xB2A1, 
	0xB43D, 0xB602, 0xB7E4, 0xB9DA, 0xBBD8, 0xBDD5, 0xBFC8, 0xC1B7, 0xC3AB, 
	0xC5AB, 0xC7C1, 0xC9F4, 0xCC4E, 0xCED6, 0xD195, 0xD493, 0xD7D4, 0xDB48, 
	0xDEDB, 0xE278, 0xE60B, 0xE97F, 0xECC0, 0xEFB9, 0xF255, 0xF481, 0xF627, 
	0xF734, 0xF792, 0xF6E1, 0xF4E7, 0xF1CE, 0xEDBB, 0xE8D7, 0xE349, 0xDD39, 
	0xD6CD, 0xD03B, 0xC9E3, 0xC434, 0xBF9D, 0xBC8B, 0xBB6C, 
	},{ 
	0x0001, 0x0000, 0x0050, 0x0001, 0x0001, 0x0051, 0x0001, 0x0052, 0x0001, 
	0x0053, 0x0001, 0x0054, 0x0001, 0x0055, 0x0001, 0x0056, 0x0001, 0x0057, 
	0x0051, 0x0058, 0x0051, 0x00A9, 0x0051, 0x00FA, 0x0051, 0x014B, 0x0051, 
	0x019C, 0x0051, 0x01ED, 0x0001, 0x023E, 0x0001, 0x023F, 0x0001, 0x0240, 
	0x0051, 0x0241, 0x0051, 0x0292, 0x0051, 0x02E3, 0x000E, 0x0334, 0x0050, 
	0x0342, 0x0051, 0x0392, 0x0001, 0x03E3, 0x0001, 0x03E4, 0x0001, 0x03E5, 
	0x0001, 0x03E6, 0x0001, 0x03E7, 0x0001, 0x03E8, 0x0051, 0x03E9, 0x0051, 
	0x043A, 0x0051, 0x048B, 0x0051, 0x04DC, 0x0050, 0x052D, 0x0051, 0x057D, 
	0x0001, 0x05CE, 0x0001, 0x05CF, 0x0001, 0x05D0, 0x0001, 0x05D1, 0x0001, 
	0x05D2, 0x0001, 0x05D3, 0x0051, 0x05D4, 0x0051, 0x0625, 0x0051, 0x0676, 
	0x0050, 0x06C7, 0x0019, 0x0717, 0x0051, 0x0730, 0x002C, 0x0781, 0x0010, 
	0x07AD, 0x0051, 0x07BD, 0x0001, 0x080E, 0x0001, 0x080F, 0x0001, 0x0810, 
	0x0051, 0x0811, 0x0050, 0x0862, 0x0051, 0x08B2, 0x004F, 0x0903, 0x0051, 
	0x0952, 0x0051, 0x09A3, 0x0050, 0x09F4, 0x0034, 0x0A44, 0x0051, 0x0A78, 
});
smlua_anim_util_register_animation('cr_anim_davy_hold_run',0, 0, 0, 0, 80, { 
	0x0000, 0x00AE, 0x00AF, 0x00B2, 0x00B5, 0x00BA, 0x00C0, 0x00C5, 0x00CB, 
	0x00D0, 0x00D5, 0x00D9, 0x00DB, 0x00DC, 0x00DC, 0x00DB, 0x00D9, 0x00D5, 
	0x00D1, 0x00CB, 0x00C3, 0x00BB, 0x00B3, 0x00AB, 0x00A3, 0x009C, 0x0096, 
	0x0092, 0x008F, 0x008D, 0x008C, 0x008C, 0x008B, 0x008B, 0x008C, 0x008F, 
	0x0093, 0x0098, 0x009E, 0x00A5, 0x00AC, 0x00B3, 0x00BA, 0x00C1, 0x00C8, 
	0x00CE, 0x00D3, 0x00D8, 0x00DC, 0x00DF, 0x00E1, 0x00E3, 0x00E5, 0x00E5, 
	0x00E6, 0x00E4, 0x00E0, 0x00D9, 0x00D1, 0x00C7, 0x00BD, 0x00B2, 0x00A7, 
	0x009E, 0x0095, 0x008F, 0x008A, 0x0089, 0x0089, 0x008B, 0x008D, 0x0090, 
	0x0093, 0x0097, 0x009B, 0x009F, 0x00A3, 0x00A6, 0x00A9, 0x00AC, 0x00AE, 
	0x0000, 0x0000, 0x4000, 0x0000, 0xFFFF, 0x0000, 0x3A85, 0xEC09, 0xEC09, 
	0xEC09, 0xEC09, 0xEC0A, 0xEC0B, 0xEC0C, 0xEC0D, 0xEC0F, 0xEC12, 0xEC15, 
	0xEC1A, 0xEC1F, 0xEC38, 0xEC76, 0xECD6, 0xED55, 0xEDEF, 0xEEA2, 0xEF69, 
	0xF042, 0xF12A, 0xF21C, 0xF317, 0xF416, 0xF516, 0xF615, 0xF710, 0xF810, 
	0xF91D, 0xFA42, 0xFB86, 0xFCF4, 0xFE91, 0x0053, 0x0227, 0x03FE, 0x05CA, 
	0x077A, 0x08FF, 0x0A49, 0x0B48, 0x0BEC, 0x0C27, 0x0C27, 0x0C27, 0x0C27, 
	0x0C27, 0x0C27, 0x0C27, 0x0C27, 0x0C27, 0x0C27, 0x0C27, 0x0C10, 0x0BCE, 
	0x0B68, 0x0AE4, 0x0A48, 0x0999, 0x08DF, 0x081E, 0x075D, 0x06A2, 0x05F3, 
	0x0557, 0x04D2, 0x0465, 0x03FC, 0x037C, 0x02C8, 0x01C8, 0x005F, 0xFE71, 
	0xFBE7, 0xF8BA, 0xF53A, 0xF1CF, 0xEEDE, 0xECCF, 0xEC09, 0xFFFF, 0xFFF5, 
	0xFFDB, 0xFFB3, 0xFF81, 0xFF48, 0xFF0B, 0xFECF, 0xFE96, 0xFE63, 0xFE3B, 
	0xFE21, 0xFE17, 0xFE24, 0xFE49, 0xFE82, 0xFECC, 0xFF24, 0xFF86, 0xFFEF, 
	0x005E, 0x00CC, 0x0137, 0x019C, 0x01F8, 0x0248, 0x0287, 0x02B5, 0x02D4, 
	0x02E7, 0x02F1, 0x02F4, 0x02F5, 0x02E7, 0x02C3, 0x028C, 0x0249, 0x01FD, 
	0x01AF, 0x0164, 0x0121, 0x00EA, 0x00C6, 0x00B8, 0x00B8, 0x00B8, 0x00B8, 
	0x00B8, 0x00B8, 0x00B8, 0x00B8, 0x00B8, 0x00B8, 0x00B8, 0x00B1, 0x009B, 
	0x007B, 0x0051, 0x0021, 0xFFEB, 0xFFB4, 0xFF7D, 0xFF49, 0xFF19, 0xFEF0, 
	0xFED1, 0xFEBD, 0xFEB1, 0xFEA8, 0xFEA2, 0xFE9E, 0xFE9B, 0xFE9A, 0xFE99, 
	0xFE99, 0xFEB4, 0xFEF6, 0xFF4C, 0xFFA2, 0xFFE5, 0xFFFF, 0xFF6D, 0xFF5B, 
	0xFF29, 0xFEDE, 0xFE7F, 0xFE14, 0xFDA3, 0xFD31, 0xFCC6, 0xFC68, 0xFC1C, 
	0xFBEB, 0xFBD9, 0xFBE9, 0xFC19, 0xFC65, 0xFCCB, 0xFD48, 0xFDD9, 0xFE7B, 
	0xFF2C, 0xFFE8, 0x00AE, 0x0179, 0x0247, 0x0315, 0x03E1, 0x04A6, 0x055D, 
	0x05FB, 0x0678, 0x06CA, 0x06E7, 0x06CC, 0x067D, 0x0600, 0x055C, 0x0495, 
	0x03B1, 0x02B6, 0x01A9, 0x0090, 0xFF70, 0xFE4F, 0xFD33, 0xFC21, 0xFB1D, 
	0xFA2C, 0xF953, 0xF896, 0xF7FC, 0xF787, 0xF73E, 0xF724, 0xF743, 0xF79D, 
	0xF82A, 0xF8E4, 0xF9C3, 0xFAC0, 0xFBD6, 0xFCFC, 0xFE2C, 0xFF60, 0x0090, 
	0x01B4, 0x02C7, 0x03C2, 0x04A3, 0x0567, 0x060B, 0x068F, 0x06F0, 0x072B, 
	0x0740, 0x06AB, 0x0539, 0x0357, 0x0175, 0x0002, 0xFF6D, 0x140A, 0x1409, 
	0x1407, 0x1405, 0x1402, 0x13FE, 0x13FA, 0x13F6, 0x13F1, 0x13ED, 0x13E9, 
	0x13E6, 0x13E3, 0x13E0, 0x13DB, 0x13D1, 0x13BE, 0x13A1, 0x1375, 0x1338, 
	0x12E7, 0x127E, 0x11FC, 0x115C, 0x109D, 0x0FBA, 0x0EB1, 0x0D6E, 0x0BE8, 
	0x0A2C, 0x0848, 0x0649, 0x043E, 0x0233, 0x0032, 0xFE41, 0xFC6B, 0xFAB9, 
	0xF931, 0xF7DE, 0xF6C6, 0xF5F3, 0xF56D, 0xF53C, 0xF53A, 0xF538, 0xF536, 
	0xF535, 0xF534, 0xF533, 0xF533, 0xF533, 0xF533, 0xF533, 0xF533, 0xF534, 
	0xF536, 0xF53B, 0xF542, 0xF54E, 0xF55E, 0xF573, 0xF58F, 0xF5B1, 0xF5DB, 
	0xF60D, 0xF648, 0xF6AD, 0xF761, 0xF869, 0xF9CF, 0xFB98, 0xFDCC, 0x0073, 
	0x0391, 0x0720, 0x0AD5, 0x0E54, 0x1144, 0x1349, 0x140A, 0x0263, 0x0268, 
	0x0278, 0x0290, 0x02AD, 0x02CF, 0x02F3, 0x0316, 0x0338, 0x0355, 0x036D, 
	0x037D, 0x0382, 0x037D, 0x036C, 0x0352, 0x032F, 0x0304, 0x02D2, 0x029A, 
	0x025D, 0x021B, 0x01D5, 0x018E, 0x0144, 0x00F9, 0x00AF, 0x0066, 0x001E, 
	0xFFD6, 0xFF92, 0xFF50, 0xFF11, 0xFED5, 0xFE9D, 0xFE69, 0xFE39, 0xFE0E, 
	0xFDE9, 0xFDC9, 0xFDB0, 0xFD9D, 0xFD92, 0xFD8E, 0xFD8F, 0xFD91, 0xFD95, 
	0xFD9A, 0xFDA0, 0xFDA6, 0xFDAC, 0xFDB2, 0xFDB7, 0xFDBC, 0xFDBF, 0xFDC2, 
	0xFDC3, 0xFDC4, 0xFDC5, 0xFDC6, 0xFDC7, 0xFDC9, 0xFDCB, 0xFDCE, 0xFDD2, 
	0xFDD8, 0xFDDF, 0xFDF2, 0xFE19, 0xFE52, 0xFE9B, 0xFEF3, 0xFF58, 0xFFC7, 
	0x0041, 0x00C1, 0x013E, 0x01B0, 0x020D, 0x024C, 0x0263, 0xFD18, 0xFD0D, 
	0xFCF0, 0xFCC4, 0xFC8C, 0xFC4D, 0xFC0A, 0xFBC7, 0xFB88, 0xFB50, 0xFB24, 
	0xFB06, 0xFAFC, 0xFAFC, 0xFAFF, 0xFB07, 0xFB16, 0xFB30, 0xFB56, 0xFB8B, 
	0xFBD2, 0xFC2D, 0xFC9E, 0xFD29, 0xFDCF, 0xFE93, 0xFF78, 0x0089, 0x01B5, 
	0x02DC, 0x03D9, 0x048A, 0x04CD, 0x04C0, 0x049E, 0x046A, 0x042A, 0x03E3, 
	0x0399, 0x0352, 0x0312, 0x02DE, 0x02BC, 0x02AF, 0x02B2, 0x02B9, 0x02C4, 
	0x02D2, 0x02E4, 0x02F8, 0x030F, 0x0327, 0x0340, 0x035A, 0x0374, 0x038E, 
	0x03A8, 0x03C1, 0x03D8, 0x03EE, 0x0403, 0x0415, 0x0424, 0x0431, 0x043B, 
	0x0441, 0x0443, 0x03B4, 0x023D, 0x002B, 0xFDCA, 0xFB6A, 0xF958, 0xF7E1, 
	0xF753, 0xF7C0, 0xF8D2, 0xFA35, 0xFB99, 0xFCAB, 0xFD18, 0x0000, 0xFFFF, 
	0xBFFF, 0xA496, 0xA4FC, 0xA61F, 0xA7EC, 0xAA4E, 0xAD32, 0xB083, 0xB42D, 
	0xB81C, 0xBC3B, 0xC077, 0xC4BC, 0xC8F4, 0xCD0F, 0xD104, 0xD4CD, 0xD862, 
	0xDBBE, 0xDEDB, 0xE1B1, 0xE43C, 0xE673, 0xE852, 0xE9D1, 0xEAEB, 0xEB99, 
	0xEBD4, 0xEB6B, 0xEA62, 0xE906, 0xE7A4, 0xE688, 0xE600, 0xE5E1, 0xE5CD, 
	0xE5C1, 0xE5BC, 0xE5BB, 0xE5BB, 0xE5B9, 0xE5B4, 0xE5A9, 0xE595, 0xE576, 
	0xE4E9, 0xE3AA, 0xE1E6, 0xDFCC, 0xDD88, 0xDB48, 0xD93A, 0xD789, 0xD664, 
	0xD5F9, 0xD646, 0xD71E, 0xD867, 0xDA08, 0xDBE8, 0xDDED, 0xDFFF, 0xE205, 
	0xE3E5, 0xE585, 0xE6CE, 0xE7A6, 0xE7F4, 0xE7F3, 0xE7ED, 0xE7DD, 0xE7BE, 
	0xE78A, 0xE73E, 0xE6D2, 0xE644, 0xE0F6, 0xD4AD, 0xC4F3, 0xB555, 0xA95D, 
	0xA496, 0xC4D9, 0xC4D7, 0xC4D0, 0xC4C7, 0xC4BB, 0xC4AD, 0xC49F, 0xC491, 
	0xC483, 0xC477, 0xC46E, 0xC467, 0xC465, 0xC46A, 0xC480, 0xC4AC, 0xC4F8, 
	0xC56A, 0xC60A, 0xC6E1, 0xC7F5, 0xC94E, 0xCAF4, 0xCCEF, 0xCF45, 0xD200, 
	0xD526, 0xD8AF, 0xDC54, 0xDFC1, 0xE29E, 0xE494, 0xE54F, 0xE527, 0xE4B8, 
	0xE413, 0xE347, 0xE264, 0xE178, 0xE095, 0xDFC9, 0xDF23, 0xDEB5, 0xDE8D, 
	0xDE98, 0xDEB8, 0xDEE7, 0xDF20, 0xDF5E, 0xDF9D, 0xDFD6, 0xE005, 0xE024, 
	0xE030, 0xE02D, 0xE021, 0xE00E, 0xDFF3, 0xDFD0, 0xDFA5, 0xDF71, 0xDF34, 
	0xDEEE, 0xDE9F, 0xDE47, 0xDDE5, 0xDD7A, 0xDD02, 0xDC6F, 0xDBB2, 0xDABB, 
	0xD978, 0xD7D9, 0xD5CF, 0xD349, 0xD048, 0xCD11, 0xC9FA, 0xC75A, 0xC588, 
	0xC4D9, 0xF9C3, 0xF92A, 0xF782, 0xF502, 0xF1E0, 0xEE52, 0xEA8E, 0xE6C9, 
	0xE33B, 0xE019, 0xDD99, 0xDBF2, 0xDB58, 0xDB9A, 0xDC51, 0xDD6A, 0xDED2, 
	0xE075, 0xE23F, 0xE41D, 0xE5FA, 0xE7C4, 0xE967, 0xEACF, 0xEBE8, 0xEC9F, 
	0xECE1, 0xECD3, 0xECAD, 0xEC73, 0xEC2B, 0xEBDA, 0xEB84, 0xEB2F, 0xEADC, 
	0xEA8C, 0xEA41, 0xE9FC, 0xE9BE, 0xE988, 0xE95C, 0xE93C, 0xE927, 0xE920, 
	0xE97C, 0xEA77, 0xEBE8, 0xEDA8, 0xEF90, 0xF178, 0xF338, 0xF4AA, 0xF5A4, 
	0xF600, 0xF5FF, 0xF5F6, 0xF5DD, 0xF5AC, 0xF55B, 0xF4E3, 0xF43B, 0xF35B, 
	0xF23C, 0xF0D5, 0xEF1F, 0xED12, 0xEAA5, 0xE64A, 0xDF25, 0xD642, 0xCCA9, 
	0xC363, 0xBB7B, 0xB5FA, 0xB3EA, 0xB916, 0xC606, 0xD6D6, 0xE7A7, 0xF497, 
	0xF9C3, 0x0000, 0xFFFF, 0xFFFF, 0x0000, 0xFFFF, 0xFFFF, 0xFFFF, 0xFFFF, 
	0xFFFF, 0xFFFF, 0xFFFF, 0xFFFF, 0xFFFF, 0xFFFF, 0xFFFF, 0xFFFF, 0xFFFF, 
	0xFFFF, 0xFFFF, 0xFFFF, 0xFFFF, 0xFFFF, 0xFFFF, 0xFFFF, 0xFFFF, 0xFFFF, 
	0xFFFF, 0xFFFF, 0xFFFF, 0xFFFF, 0xFFFF, 0xFFFF, 0xFFFF, 0xFFFF, 0xFFFF, 
	0xFFFF, 0xFFFF, 0xFFFF, 0xFFFF, 0xFFFF, 0xFFFF, 0xFFFF, 0xFFFF, 0xFFFF, 
	0xFFFF, 0xFFFF, 0xFFFF, 0xFFFF, 0xFFFF, 0xFFFF, 0xFFFF, 0xFFFF, 0xFFFF, 
	0xFFFF, 0xFFFF, 0xFFFF, 0xFFFF, 0xFFFF, 0xFFFF, 0xFFFF, 0xFFFF, 0xFFFF, 
	0xFFFF, 0xFFFF, 0xFFFF, 0xFFFF, 0xFFFF, 0xFFFF, 0xFFFF, 0xFFFF, 0xFFFF, 
	0xFFFF, 0xFFFF, 0xFFFF, 0xFFFF, 0xFFFF, 0xFFFF, 0xFFFF, 0xFFFF, 0xFFFF, 
	0x0000, 0xFFFF, 0xFFFF, 0xFFFF, 0xFFFF, 0xFFFF, 0xFFFF, 0xFFFF, 0xFFFF, 
	0xFFFF, 0xFFFF, 0xFFFF, 0xFFFF, 0xFFFF, 0xFFFF, 0xFFFF, 0xFFFF, 0xFFFF, 
	0xFFFF, 0xFFFF, 0xFFFF, 0xFFFF, 0xFFFF, 0xFFFF, 0xFFFF, 0xFFFF, 0xFFFF, 
	0xFFFF, 0xFFFF, 0xFFFF, 0xFFFF, 0xFFFF, 0xFFFF, 0xFFFF, 0xFFFF, 0xFFFF, 
	0xFFFF, 0xFFFF, 0xFFFF, 0xFFFF, 0xFFFF, 0xFFFF, 0xFFFF, 0xFFFF, 0xFFFF, 
	0xFFFF, 0xFFFF, 0xFFFF, 0xFFFF, 0xFFFF, 0xFFFF, 0xFFFF, 0xFFFF, 0xFFFF, 
	0xFFFF, 0x0000, 0x0000, 0x0000, 0x0000, 0x0000, 0x0000, 0x0000, 0xFFFF, 
	0x0000, 0xFFFF, 0x0000, 0x0000, 0x0000, 0xFFFF, 0x0000, 0x0000, 0x0000, 
	0x0000, 0x0000, 0x0000, 0x0000, 0x0000, 0x0000, 0x0000, 0xFFFF, 0xCAFF, 
	0xCAD2, 0xCA56, 0xC99A, 0xC8AF, 0xC7A4, 0xC68A, 0xC56F, 0xC464, 0xC379, 
	0xC2BD, 0xC241, 0xC214, 0xC28D, 0xC3E0, 0xC5E9, 0xC883, 0xCB8B, 0xCEDA, 
	0xD24F, 0xD5C3, 0xD913, 0xDC1A, 0xDEB4, 0xE0BD, 0xE210, 0xE289, 0xE159, 
	0xDE62, 0xDA86, 0xD6AA, 0xD3B3, 0xD283, 0xD2AB, 0xD320, 0xD3D8, 0xD4CC, 
	0xD5F3, 0xD746, 0xD8BB, 0xDA4B, 0xDBED, 0xDD99, 0xDF48, 0xE0F0, 0xE28B, 
	0xE412, 0xE57C, 0xE6C2, 0xE7DD, 0xE8C7, 0xE976, 0xE9E5, 0xEA0C, 0xE9B5, 
	0xE8BF, 0xE73C, 0xE53E, 0xE2DA, 0xE022, 0xDD2A, 0xDA05, 0xD6C5, 0xD37E, 
	0xD042, 0xCD26, 0xCA3C, 0xC795, 0xC538, 0xC32A, 0xC171, 0xC011, 0xBF0F, 
	0xBE71, 0xBE3B, 0xBF2D, 0xC18A, 0xC49D, 0xC7B0, 0xCA0D, 0xCAFF, 0xDFFF, 
	0xF8E3, 0xEE38, 0x0000, 0xFFFF, 0xBFFF, 0x657A, 0x654F, 0x64D2, 0x6407, 
	0x62F2, 0x6198, 0x5FFD, 0x5E25, 0x5C15, 0x59D0, 0x575C, 0x54BD, 0x51F7, 
	0x4F0E, 0x4C06, 0x48E5, 0x45AE, 0x4265, 0x3F10, 0x3BB2, 0x384F, 0x34ED, 
	0x318F, 0x2E39, 0x2AF1, 0x27BA, 0x2498, 0x2191, 0x1EA8, 0x1BE1, 0x1942, 
	0x16CE, 0x148A, 0x1279, 0x10A2, 0x0F06, 0x0DAC, 0x0C97, 0x0BCC, 0x0B4F, 
	0x0B25, 0x0B4F, 0x0BCC, 0x0C97, 0x0DAC, 0x0F06, 0x10A2, 0x1279, 0x148A, 
	0x16CE, 0x1942, 0x1BE1, 0x1EA8, 0x2191, 0x2498, 0x27BA, 0x2AF1, 0x2E39, 
	0x318F, 0x34ED, 0x384F, 0x3BB2, 0x3F10, 0x4265, 0x45AE, 0x48E5, 0x4C06, 
	0x4F0E, 0x51F7, 0x54BD, 0x575C, 0x59D0, 0x5C15, 0x5E25, 0x5FFD, 0x6198, 
	0x62F2, 0x6407, 0x64D2, 0x654F, 0x657A, 0x3224, 0x3222, 0x321B, 0x3210, 
	0x3202, 0x31EF, 0x31DA, 0x31C1, 0x31A5, 0x3187, 0x3166, 0x3142, 0x311D, 
	0x30F6, 0x30CD, 0x30A3, 0x3077, 0x304B, 0x301E, 0x2FF1, 0x2FC3, 0x2F95, 
	0x2F68, 0x2F3B, 0x2F0F, 0x2EE3, 0x2EB9, 0x2E90, 0x2E69, 0x2E44, 0x2E20, 
	0x2DFF, 0x2DE1, 0x2DC5, 0x2DAC, 0x2D97, 0x2D84, 0x2D76, 0x2D6B, 0x2D64, 
	0x2D62, 0x2D64, 0x2D6B, 0x2D76, 0x2D84, 0x2D97, 0x2DAC, 0x2DC5, 0x2DE1, 
	0x2DFF, 0x2E20, 0x2E44, 0x2E69, 0x2E90, 0x2EB9, 0x2EE3, 0x2F0F, 0x2F3B, 
	0x2F68, 0x2F95, 0x2FC3, 0x2FF1, 0x301E, 0x304B, 0x3077, 0x30A3, 0x30CD, 
	0x30F6, 0x311D, 0x3142, 0x3166, 0x3187, 0x31A5, 0x31C1, 0x31DA, 0x31EF, 
	0x3202, 0x3210, 0x321B, 0x3222, 0x3224, 0xF556, 0xF525, 0xF495, 0xF3AC, 
	0xF26E, 0xF0E0, 0xEF07, 0xECE8, 0xEA89, 0xE7EE, 0xE51C, 0xE218, 0xDEE7, 
	0xDB8F, 0xD813, 0xD47A, 0xD0C8, 0xCD01, 0xC92C, 0xC54D, 0xC169, 0xBD85, 
	0xB9A5, 0xB5D0, 0xB20A, 0xAE58, 0xAABE, 0xA743, 0xA3EA, 0xA0B9, 0x9DB6, 
	0x9AE4, 0x9848, 0x95E9, 0x93CB, 0x91F2, 0x9064, 0x8F26, 0x8E3C, 0x8DAC, 
	0x8D7B, 0x8DAC, 0x8E3C, 0x8F26, 0x9064, 0x91F2, 0x93CB, 0x95E9, 0x9848, 
	0x9AE4, 0x9DB6, 0xA0B9, 0xA3EA, 0xA743, 0xAABE, 0xAE58, 0xB20A, 0xB5D0, 
	0xB9A5, 0xBD85, 0xC169, 0xC54D, 0xC92C, 0xCD01, 0xD0C8, 0xD47A, 0xD813, 
	0xDB8F, 0xDEE7, 0xE218, 0xE51C, 0xE7EE, 0xEA89, 0xECE8, 0xEF07, 0xF0E0, 
	0xF26E, 0xF3AC, 0xF495, 0xF525, 0xF556, 0xFFFF, 0x0000, 0x0000, 0x0000, 
	0x0000, 0x0000, 0x0000, 0xFFFF, 0xFFFF, 0x0000, 0xFFFF, 0x0000, 0x0000, 
	0xFFFF, 0x0000, 0x0000, 0x0000, 0x0000, 0xFFFF, 0x0000, 0x0000, 0x0000, 
	0x0000, 0x0000, 0x0000, 0xFFFF, 0x0000, 0x0000, 0x0000, 0x0000, 0xFFFF, 
	0x0000, 0x0000, 0xFFFF, 0x0000, 0xFFFF, 0xFFFF, 0x0000, 0x0000, 0xFFFF, 
	0xFFFF, 0x0000, 0xFFFF, 0x0000, 0xFFFF, 0x0000, 0x0000, 0xFFFF, 0x0000, 
	0xFFFF, 0x0000, 0x0000, 0x0000, 0x0000, 0x0000, 0x0000, 0xFFFF, 0xFFFF, 
	0xFFFF, 0xFFFF, 0x0000, 0x0000, 0x0000, 0xFFFF, 0x0000, 0x0000, 0x0000, 
	0x0000, 0xFFFF, 0xFFFF, 0x0000, 0xFFFF, 0x0000, 0xFFFF, 0x0000, 0x0000, 
	0xFFFF, 0xFFFF, 0x0000, 0xFFFF, 0x0000, 0xC725, 0x3F45, 0x1DBE, 0x2A16, 
	0x0000, 0x0000, 0xBFFF, 0xE305, 0xE305, 0xE305, 0xE305, 0xE305, 0xE305, 
	0xE305, 0xE305, 0xE305, 0xE305, 0xE305, 0xE305, 0xE305, 0xE306, 0xE30E, 
	0xE323, 0xE34D, 0xE393, 0xE3FA, 0xE48A, 0xE54B, 0xE641, 0xE775, 0xE8ED, 
	0xEAB1, 0xECC6, 0xEF33, 0xF281, 0xF6BD, 0xFB39, 0xFF45, 0x0234, 0x0354, 
	0x0354, 0x0354, 0x0351, 0x034D, 0x0346, 0x033C, 0x032D, 0x031A, 0x0301, 
	0x02E2, 0x02BC, 0x0259, 0x018F, 0x0073, 0xFF13, 0xFD86, 0xFBDC, 0xFA27, 
	0xF87A, 0xF6E8, 0xF583, 0xF452, 0xF350, 0xF27A, 0xF1CA, 0xF13D, 0xF0CF, 
	0xF07D, 0xF042, 0xF01A, 0xF002, 0xEFF6, 0xEFF1, 0xEFF1, 0xEFF1, 0xEFF1, 
	0xEFF1, 0xEFF1, 0xEFF1, 0xEFF1, 0xEFF1, 0xEFF1, 0xEEFC, 0xEC97, 0xE97B, 
	0xE65E, 0xE3FA, 0xE305, 0xE7B1, 0xE7B1, 0xE7B1, 0xE7B1, 0xE7B1, 0xE7B1, 
	0xE7B1, 0xE7B1, 0xE7B1, 0xE7B1, 0xE7B1, 0xE7B1, 0xE7B1, 0xE7B1, 0xE7B0, 
	0xE7AE, 0xE7AC, 0xE7AA, 0xE7A8, 0xE7A5, 0xE7A3, 0xE7A0, 0xE79E, 0xE79C, 
	0xE79A, 0xE799, 0xE799, 0xE7C4, 0xE833, 0xE8CE, 0xE97B, 0xEA23, 0xEAAC, 
	0xEB11, 0xEB61, 0xEB9E, 0xEBCB, 0xEBEC, 0xEC03, 0xEC13, 0xEC1F, 0xEC2B, 
	0xEC38, 0xEC4B, 0xEC66, 0xEC89, 0xECB5, 0xECEA, 0xED27, 0xED6E, 0xEDBF, 
	0xEE19, 0xEE7D, 0xEEEB, 0xEF63, 0xEFE3, 0xF067, 0xF0EC, 0xF170, 0xF1EF, 
	0xF267, 0xF2D5, 0xF335, 0xF385, 0xF3C2, 0xF3E8, 0xF3F6, 0xF3F6, 0xF3F6, 
	0xF3F6, 0xF3F6, 0xF3F6, 0xF3F6, 0xF3F6, 0xF3F6, 0xF30D, 0xF0C8, 0xEDD4, 
	0xEADF, 0xE89A, 0xE7B1, 0xCCB3, 0xCCC9, 0xCD06, 0xCD62, 0xCDD4, 0xCE57, 
	0xCEE1, 0xCF6B, 0xCFEE, 0xD061, 0xD0BC, 0xD0F9, 0xD10F, 0xD10D, 0xD0FF, 
	0xD0DA, 0xD092, 0xD01B, 0xCF6A, 0xCE72, 0xCD29, 0xCB82, 0xC972, 0xC6ED, 
	0xC3E7, 0xC055, 0xBC2B, 0xB5D8, 0xACC6, 0xA25A, 0x97FC, 0x8F15, 0x890C, 
	0x8547, 0x8230, 0x7FB7, 0x7DCB, 0x7C58, 0x7B4F, 0x7A9D, 0x7A31, 0x79FA, 
	0x79E5, 0x79E2, 0x7A6E, 0x7BF3, 0x7E48, 0x8140, 0x84B2, 0x8872, 0x8C54, 
	0x902E, 0x93D6, 0x971F, 0x99E8, 0x9C37, 0x9E1B, 0x9FA3, 0xA0DE, 0xA1DA, 
	0xA2A6, 0xA353, 0xA3EE, 0xA487, 0xA52C, 0xA5ED, 0xA6D8, 0xA7FC, 0xA963, 
	0xAB17, 0xAD22, 0xAF8D, 0xB261, 0xB5A9, 0xB96F, 0xBDA8, 0xC202, 0xC616, 
	0xC97F, 0xCBD5, 0xCCB3, 0xFFFF, 0xFFFF, 0x0000, 0x0000, 0x0000, 0xFFFF, 
	0x0000, 0xFFFF, 0x0000, 0xFFFF, 0xFFFF, 0x0000, 0x0000, 0x0000, 0x0000, 
	0x0000, 0x0000, 0x0000, 0x0000, 0x0000, 0x0000, 0x0000, 0x0000, 0x0000, 
	0x0000, 0x0000, 0x0000, 0x0000, 0x0000, 0x0000, 0x0000, 0x0000, 0x0000, 
	0x0000, 0x0000, 0x0000, 0x0000, 0x0000, 0x0000, 0x0000, 0x0000, 0x0000, 
	0x0000, 0x0000, 0x0000, 0x0000, 0x0000, 0x0000, 0x0000, 0x0000, 0x0000, 
	0x0000, 0x0000, 0x0000, 0x0000, 0x0000, 0xFFFF, 0x0000, 0x0000, 0x0000, 
	0x0000, 0x0000, 0x0000, 0x0000, 0x0000, 0x0000, 0x0000, 0x0000, 0x0000, 
	0x0000, 0x0000, 0x0000, 0x0000, 0x0000, 0x0000, 0x0000, 0x0000, 0x0000, 
	0x0000, 0xFFFF, 0x0000, 0xFFFF, 0x0000, 0x0000, 0x0000, 0x0000, 0x0000, 
	0xFFFF, 0xFFFF, 0xFFFF, 0xFFFF, 0xFFFF, 0xFFFF, 0xFFFF, 0xFFFF, 0xFFFF, 
	0xFFFF, 0xFFFF, 0x0000, 0x0000, 0x0000, 0xFFFF, 0x0000, 0xFFFF, 0x0000, 
	0x318B, 0x31CC, 0x3283, 0x339D, 0x3506, 0x36AD, 0x387E, 0x3A66, 0x3C53, 
	0x3E32, 0x3FEF, 0x4179, 0x42BC, 0x43C1, 0x44A1, 0x455F, 0x45FE, 0x467F, 
	0x46E7, 0x4738, 0x4774, 0x47A0, 0x47BD, 0x47CF, 0x47D8, 0x47DB, 0x47DC, 
	0x47A5, 0x4705, 0x4606, 0x44AE, 0x4308, 0x411A, 0x3EEE, 0x3C8B, 0x39FA, 
	0x3744, 0x3471, 0x3188, 0x2E93, 0x2B9A, 0x28A5, 0x25BD, 0x22E9, 0x2033, 
	0x1DA3, 0x1B40, 0x1914, 0x1726, 0x157F, 0x1428, 0x1328, 0x1289, 0x1252, 
	0x12EA, 0x1493, 0x171A, 0x1A4E, 0x1DFE, 0x21F8, 0x260B, 0x2A06, 0x2DB5, 
	0x30EA, 0x3371, 0x351A, 0x35B2, 0x351D, 0x3395, 0x316A, 0x2EEE, 0x2C72, 
	0x2A47, 0x28BF, 0x282A, 0x28DC, 0x2A99, 0x2CDB, 0x2F1D, 0x30D9, 0x318B, 
	0xFFFF, 0xFFFF, 0xFFFF, 0x0000, 0xFFFF, 0xFFFF, 0x0000, 0xFFFF, 0xFFFF, 
	0x0000, 0xFFFF, 0x0000, 0xFFFF, 0x0000, 0xFFFF, 0xFFFF, 0xFFFF, 0xFFFF, 
	0xFFFF, 0xFFFF, 0xFFFF, 0xFFFF, 0x0000, 0xFFFF, 0xFFFF, 0x0000, 0x0000, 
	0x0000, 0x0000, 0x0000, 0x0000, 0xFFFF, 0x0000, 0x0000, 0x0000, 0x0000, 
	0x0000, 0x0000, 0x0000, 0x0000, 0x0000, 0x0000, 0x0000, 0xFFFF, 0x0000, 
	0xFFFF, 0x0000, 0xFFFF, 0x0000, 0x0000, 0xFFFF, 0x0000, 0x0000, 0x0000, 
	0x0000, 0x0000, 0x0000, 0x0000, 0x0000, 0x0000, 0xFFFF, 0x0000, 0x0000, 
	0x0000, 0x0000, 0x0000, 0x0000, 0x0000, 0x0000, 0x0000, 0xFFFF, 0x0000, 
	0x0000, 0x0000, 0x0000, 0xFFFF, 0x0000, 0xC7D0, 0xC816, 0xC8DE, 0xCA17, 
	0xCBB1, 0xCD9B, 0xCFC6, 0xD220, 0xD49B, 0xD724, 0xD9AD, 0xDC24, 0xDE79, 
	0xE0A0, 0xE296, 0xE45C, 0xE5F4, 0xE75F, 0xE89F, 0xE9B4, 0xEAA0, 0xEB65, 
	0xEC03, 0xEC7B, 0xECD0, 0xED01, 0xED12, 0xECC8, 0xEBFA, 0xEABE, 0xE929, 
	0xE753, 0xE551, 0xE337, 0xE106, 0xDEC1, 0xDC66, 0xD9F6, 0xD771, 0xD4D6, 
	0xD227, 0xCF62, 0xCC88, 0xC99A, 0xC699, 0xC397, 0xC0A7, 0xBDDB, 0xBB49, 
	0xB903, 0xB71C, 0xB5A9, 0xB4BB, 0xB468, 0xB483, 0xB4CD, 0xB53E, 0xB5CD, 
	0xB672, 0xB724, 0xB7DA, 0xB88C, 0xB931, 0xB9C0, 0xBA31, 0xBA7B, 0xBA96, 
	0xBA5B, 0xB9BE, 0xB8E2, 0xB7E5, 0xB6E8, 0xB60B, 0xB56F, 0xB534, 0xB695, 
	0xBA07, 0xBE82, 0xC2FD, 0xC66F, 0xC7D0, 0x0000, 0x0000, 0xBFFF, 0xFC7D, 
	0xFCE0, 0xFDF1, 0xFF8E, 0x0194, 0x03DF, 0x064D, 0x08BB, 0x0B06, 0x0D0B, 
	0x0EA8, 0x0FB9, 0x101C, 0x0FFF, 0x0FB0, 0x0F36, 0x0E9A, 0x0DE5, 0x0D1E, 
	0x0C4F, 0x0B80, 0x0ABA, 0x0A05, 0x0969, 0x08EF, 0x089F, 0x0883, 0x0883, 
	0x0883, 0x0883, 0x0883, 0x0883, 0x0883, 0x08AE, 0x0924, 0x09D7, 0x0AB7, 
	0x0BB6, 0x0CC5, 0x0DD5, 0x0ED7, 0x0FBD, 0x1077, 0x10F6, 0x114A, 0x118E, 
	0x11C2, 0x11E9, 0x1206, 0x1219, 0x1224, 0x122A, 0x122C, 0x122C, 0x1206, 
	0x1199, 0x10EE, 0x100D, 0x0F00, 0x0DCE, 0x0C81, 0x0B22, 0x09B8, 0x084E, 
	0x06EA, 0x0597, 0x045D, 0x0342, 0x0246, 0x0165, 0x009D, 0xFFE9, 0xFF4A, 
	0xFEBA, 0xFE37, 0xFDBF, 0xFD55, 0xFCFC, 0xFCB8, 0xFC8D, 0xFC7D, 0x0F2B, 
	0x0F21, 0x0F04, 0x0ED6, 0x0E9B, 0x0E54, 0x0E03, 0x0DAC, 0x0D50, 0x0CF1, 
	0x0C93, 0x0C37, 0x0BE0, 0x0B8F, 0x0B45, 0x0B02, 0x0AC5, 0x0A8F, 0x0A60, 
	0x0A36, 0x0A13, 0x09F5, 0x09DD, 0x09CB, 0x09BE, 0x09B6, 0x09B4, 0x09B4, 
	0x09B4, 0x09B4, 0x09B4, 0x09B4, 0x09B4, 0x09C4, 0x09F1, 0x0A37, 0x0A8F, 
	0x0AF5, 0x0B64, 0x0BD7, 0x0C49, 0x0CB4, 0x0D14, 0x0D63, 0x0D9F, 0x0DCC, 
	0x0DF0, 0x0E13, 0x0E3A, 0x0E6B, 0x0EAF, 0x0F0A, 0x0F84, 0x1022, 0x10EA, 
	0x11D4, 0x12D8, 0x13EE, 0x150B, 0x1628, 0x173C, 0x183D, 0x1923, 0x19E6, 
	0x1A7B, 0x1ADC, 0x1AFE, 0x1A8A, 0x1958, 0x17A4, 0x15AA, 0x13A6, 0x11D6, 
	0x1075, 0x0FC0, 0x0F81, 0x0F57, 0x0F3D, 0x0F30, 0x0F2B, 0x7AE8, 0x7B72, 
	0x7CF5, 0x7F47, 0x8241, 0x85B9, 0x8988, 0x8D85, 0x9187, 0x9566, 0x98F8, 
	0x9C17, 0x9E98, 0xA07E, 0xA1F0, 0xA301, 0xA3C0, 0xA440, 0xA491, 0xA4C5, 
	0xA4ED, 0xA519, 0xA55C, 0xA5C6, 0xA668, 0xA754, 0xA89A, 0xAA45, 0xAC40, 
	0xAE70, 0xB0B9, 0xB2FF, 0xB526, 0xB718, 0xB8D4, 0xBA5E, 0xBBB9, 0xBCEA, 
	0xBDF4, 0xBEDB, 0xBFA4, 0xC051, 0xC0E8, 0xC16C, 0xC1E0, 0xC245, 0xC29D, 
	0xC2E6, 0xC323, 0xC354, 0xC379, 0xC393, 0xC3A2, 0xC3A6, 0xC3A5, 0xC398, 
	0xC376, 0xC334, 0xC2C6, 0xC223, 0xC140, 0xC011, 0xBE8C, 0xBCA6, 0xBA55, 
	0xB78D, 0xB445, 0xAF8D, 0xA8F1, 0xA120, 0x98C7, 0x9094, 0x8934, 0x8355, 
	0x7FA5, 0x7DA6, 0x7C50, 0x7B80, 0x7B15, 0x7AEE, 0x7AE8, 0xFFFF, 0xFFFF, 
	0xFFFF, 0xFFFF, 0xFFFF, 0xFFFF, 0xFFFF, 0xFFFF, 0xFFFF, 0xFFFF, 0xFFFF, 
	0xFFFF, 0xFFFF, 0xFFFF, 0xFFFF, 0xFFFF, 0xFFFF, 0xFFFF, 0xFFFF, 0xFFFF, 
	0xFFFF, 0xFFFF, 0xFFFF, 0xFFFF, 0xFFFF, 0xFFFF, 0xFFFF, 0xFFFF, 0xFFFF, 
	0x0000, 0xFFFF, 0xFFFF, 0xFFFF, 0xFFFF, 0xFFFF, 0xFFFF, 0xFFFF, 0xFFFF, 
	0xFFFF, 0xFFFF, 0xFFFF, 0xFFFF, 0xFFFF, 0xFFFF, 0xFFFF, 0xFFFF, 0xFFFF, 
	0x0000, 0x0000, 0xFFFF, 0x0000, 0xFFFF, 0xFFFF, 0x0000, 0x0000, 0x0000, 
	0x0000, 0x0000, 0x0000, 0x0000, 0x0000, 0x0000, 0x0000, 0x0000, 0x0000, 
	0x0000, 0x0000, 0x0000, 0x0000, 0x0000, 0x0000, 0x0000, 0x0000, 0x0000, 
	0x0000, 0x0000, 0x0000, 0x0000, 0x0000, 0xFFFF, 0x0000, 0x0000, 0x0000, 
	0x0000, 0x0000, 0x0000, 0x0000, 0x0000, 0x0000, 0x0000, 0xFFFF, 0x0000, 
	0xFFFF, 0xFFFF, 0xFFFF, 0xFFFF, 0xFFFF, 0xFFFF, 0xFFFF, 0xFFFF, 0xFFFF, 
	0xFFFF, 0xFFFF, 0xFFFF, 0xFFFF, 0xFFFF, 0x0000, 0x0000, 0x0000, 0x0000, 
	0x0000, 0x0000, 0xFFFF, 0xFFFF, 0xFFFF, 0xFFFF, 0xFFFF, 0xFFFF, 0x0000, 
	0x0000, 0x0000, 0xFFFF, 0x0000, 0x0000, 0xFFFF, 0xFFFF, 0xFFFF, 0x0000, 
	0x0000, 0x0000, 0x0000, 0xFFFF, 0x0000, 0xFFFF, 0xFFFF, 0xFFFF, 0xFFFF, 
	0xFFFF, 0x0000, 0x0000, 0x0000, 0xFFFF, 0x0000, 0x0000, 0x0000, 0xFFFF, 
	0xFFFF, 0xFFFF, 0x0000, 0x0000, 0xFFFF, 0xFFFF, 0xFFFF, 0x0000, 0xFFFF, 
	0x0000, 0x0000, 0xFFFF, 0xFFFF, 0xFFFF, 0x0000, 0x3BFF, 0x3B14, 0x3889, 
	0x34B2, 0x2FE2, 0x2A6C, 0x24A3, 0x1EDA, 0x1964, 0x1494, 0x10BD, 0x0E33, 
	0x0D47, 0x0DCC, 0x0F3E, 0x1177, 0x1450, 0x17A0, 0x1B40, 0x1F08, 0x22D1, 
	0x2674, 0x29C8, 0x2CA6, 0x2EE7, 0x3063, 0x30F2, 0x30FC, 0x3103, 0x3107, 
	0x3109, 0x310A, 0x310A, 0x3109, 0x3106, 0x3103, 0x30FE, 0x30F9, 0x30F4, 
	0x30EF, 0x30EA, 0x30E7, 0x30E4, 0x30E3, 0x310F, 0x3189, 0x3245, 0x3335, 
	0x344D, 0x357F, 0x36BE, 0x37FD, 0x392F, 0x3A46, 0x3B3A, 0x3C0A, 0x3CBA, 
	0x3D4F, 0x3DCC, 0x3E35, 0x3E8E, 0x3EDC, 0x3F21, 0x3F63, 0x3FA4, 0x3FE8, 
	0x4034, 0x408A, 0x40E6, 0x4143, 0x419B, 0x41E9, 0x4227, 0x4251, 0x4260, 
	0x41E7, 0x40B8, 0x3F2F, 0x3DA6, 0x3C78, 0x3BFF, 0x0000, 0x0000, 0x0000, 
	0x0000, 0x0000, 0x0000, 0x0000, 0x0000, 0x0000, 0x0000, 0x0000, 0x0000, 
	0x0000, 0x0000, 0x0000, 0x0000, 0x0000, 0x0000, 0x0000, 0x0000, 0x0000, 
	0xFFFF, 0x0000, 0x0000, 0x0000, 0x0000, 0x0000, 0x0000, 0x0000, 0x0000, 
	0x0000, 0x0000, 0x0000, 0x0000, 0x0000, 0x0000, 0x0000, 0x0000, 0x0000, 
	0x0000, 0xFFFF, 0xFFFF, 0x0000, 0x0000, 0x0000, 0x0000, 0x0000, 0x0000, 
	0x0000, 0x0000, 0x0000, 0xFFFF, 0x0000, 0x0000, 0x0000, 0x0000, 0x0000, 
	0x0000, 0x0000, 0x0000, 0x0000, 0x0000, 0x0000, 0x0000, 0x0000, 0x0000, 
	0xFFFF, 0xFFFF, 0xFFFF, 0xFFFF, 0xFFFF, 0xFFFF, 0xFFFF, 0xFFFF, 0x0000, 
	0x0000, 0x0000, 0x0000, 0xFFFF, 0x0000, 0xFFFF, 0xFFFF, 0xFFFF, 0xFFFF, 
	0xFFFF, 0xFFFF, 0x0000, 0xFFFF, 0xFFFF, 0xFFFF, 0xFFFF, 0xFFFF, 0xFFFF, 
	0xFFFF, 0x0000, 0x0000, 0xFFFF, 0xFFFF, 0xFFFF, 0xFFFF, 0xFFFF, 0xFFFF, 
	0xFFFF, 0xFFFF, 0xFFFF, 0xFFFF, 0xFFFF, 0xFFFF, 0xFFFF, 0xFFFF, 0xFFFF, 
	0xFFFF, 0xFFFF, 0xFFFF, 0xFFFF, 0xFFFF, 0xFFFF, 0x0000, 0x0000, 0xFFFF, 
	0xFFFF, 0xFFFF, 0xFFFF, 0xFFFF, 0x0000, 0xFFFF, 0xFFFF, 0xFFFF, 0xFFFF, 
	0xFFFF, 0x0000, 0xFFFF, 0x0000, 0xFFFF, 0xBB6C, 0xBB6D, 0xBB6E, 0xBB71, 
	0xBB75, 0xBB7A, 0xBB80, 0xBB86, 0xBB8D, 0xBB95, 0xBB9D, 0xBBA5, 0xBBAD, 
	0xBBB6, 0xBBBE, 0xBBC6, 0xBBCF, 0xBBD6, 0xBBDE, 0xBBE5, 0xBBEB, 0xBBF1, 
	0xBBF6, 0xBBFA, 0xBBFD, 0xBBFE, 0xBBFF, 0xBAFD, 0xB879, 0xB534, 0xB1EF, 
	0xAF6A, 0xAE69, 0xAE9B, 0xAF2B, 0xB00E, 0xB139, 0xB2A1, 0xB43D, 0xB602, 
	0xB7E4, 0xB9DA, 0xBBD8, 0xBDD5, 0xBFC8, 0xC1B7, 0xC3AB, 0xC5AB, 0xC7C1, 
	0xC9F4, 0xCC4E, 0xCED6, 0xD195, 0xD493, 0xD7D4, 0xDB48, 0xDEDB, 0xE278, 
	0xE60B, 0xE97F, 0xECC0, 0xEFB9, 0xF255, 0xF481, 0xF627, 0xF734, 0xF792, 
	0xF6E1, 0xF4E7, 0xF1CE, 0xEDBB, 0xE8D7, 0xE349, 0xDD39, 0xD6CD, 0xD03B, 
	0xC9E3, 0xC434, 0xBF9D, 0xBC8B, 0xBB6C, 

},{ 
	0x0001, 0x0000, 0x0050, 0x0001, 0x0001, 0x0051, 0x0001, 0x0052, 0x0001, 
	0x0053, 0x0001, 0x0054, 0x0001, 0x0055, 0x0001, 0x0056, 0x0001, 0x0057, 
	0x0051, 0x0058, 0x0051, 0x00A9, 0x0051, 0x00FA, 0x0051, 0x014B, 0x0051, 
	0x019C, 0x0051, 0x01ED, 0x0001, 0x023E, 0x0001, 0x023F, 0x0001, 0x0240, 
	0x0051, 0x0241, 0x0051, 0x0292, 0x0051, 0x02E3, 0x0051, 0x0334, 0x004F, 
	0x0385, 0x0051, 0x03D4, 0x0001, 0x0425, 0x0001, 0x0426, 0x0001, 0x0427, 
	0x0001, 0x0428, 0x0001, 0x0429, 0x0001, 0x042A, 0x0051, 0x042B, 0x0051, 
	0x047C, 0x0051, 0x04CD, 0x0001, 0x051E, 0x0050, 0x051F, 0x0001, 0x056F, 
	0x0001, 0x0570, 0x0001, 0x0571, 0x0001, 0x0572, 0x0001, 0x0573, 0x0001, 
	0x0574, 0x0001, 0x0575, 0x0051, 0x0576, 0x0051, 0x05C7, 0x0051, 0x0618, 
	0x0050, 0x0669, 0x0019, 0x06B9, 0x0051, 0x06D2, 0x002C, 0x0723, 0x0021, 
	0x074F, 0x0051, 0x0770, 0x0001, 0x07C1, 0x0001, 0x07C2, 0x0001, 0x07C3, 
	0x0051, 0x07C4, 0x0050, 0x0815, 0x0051, 0x0865, 0x0050, 0x08B6, 0x0051, 
	0x0906, 0x0051, 0x0957, 0x0050, 0x09A8, 0x0036, 0x09F8, 0x0051, 0x0A2E, 
	

});
smlua_anim_util_register_animation('cr_anim_davy_hold_jump',1, 0, 0, 0, 20, { 
	0x0000, 0x00AA, 0x0000, 0x0000, 0x3FFF, 0x0000, 0x0000, 0x0000, 0xFFFF, 
	0xFFFF, 0xFFFF, 0xFFFF, 0xFFFF, 0xFFFF, 0xFFFF, 0xFFFF, 0xFFFF, 0xFFFF, 
	0xFFFF, 0x0000, 0x40A1, 0x4041, 0x3F39, 0x3DB1, 0x3BCD, 0x39B5, 0x378D, 
	0x357D, 0x33A9, 0x3239, 0x3151, 0x30C9, 0x305D, 0x3008, 0x2FC8, 0x2F9B, 
	0x2F7C, 0x2F6A, 0x2F60, 0x2F5D, 0x2F5C, 0x0000, 0x0000, 0xF68D, 0xF737, 
	0xF905, 0xFBAE, 0xFEE8, 0x026C, 0x05F0, 0x092A, 0x0BD2, 0x0DA0, 0x0E4A, 
	0x0E3C, 0x0E16, 0x0DDE, 0x0D9A, 0x0D50, 0x0D06, 0x0CC2, 0x0C8A, 0x0C63, 
	0x0C55, 0x0000, 0x0000, 0xF101, 0xF1BD, 0xF3C0, 0xF6BF, 0xFA6F, 0xFE86, 
	0x02BA, 0x06BE, 0x0A4A, 0x0D11, 0x0ECA, 0x0FC7, 0x1092, 0x1130, 0x11A7, 
	0x11FC, 0x1235, 0x1258, 0x126A, 0x1270, 0x1271, 0xFFFE, 0x0001, 0xC170, 
	0x04F2, 0x037D, 0xFF87, 0xF9B2, 0xF29D, 0xEAE8, 0xE333, 0xDC1E, 0xD649, 
	0xD253, 0xD0DE, 0xD1EF, 0xD4D5, 0xD919, 0xDE48, 0xE3EC, 0xE98F, 0xEEBE, 
	0xF303, 0xF5E8, 0xF6F9, 0xF9B0, 0xF8A8, 0xF5D2, 0xF193, 0xEC4F, 0xE66B, 
	0xE04A, 0xDA51, 0xD4E4, 0xD067, 0xCD3F, 0xCB1E, 0xC969, 0xC814, 0xC715, 
	0xC65D, 0xC5E3, 0xC598, 0xC572, 0xC564, 0xC562, 0xC813, 0xC7FD, 0xC7B1, 
	0xC724, 0xC647, 0xC50E, 0xC36A, 0xC14F, 0xBEB0, 0xBB7E, 0xB7AE, 0xB33D, 
	0xAE58, 0xA935, 0xA40D, 0x9F18, 0x9A8C, 0x96A3, 0x9392, 0x9193, 0x90DC, 
	0x0000, 0x0000, 0x0000, 0x0000, 0x0000, 0x0000, 0x0000, 0x0000, 0x0000, 
	0x0000, 0xFFFF, 0x0000, 0xFFFF, 0xFFFF, 0xFFFF, 0xFFFF, 0xFFFF, 0xFFFF, 
	0xFFFF, 0xFFFF, 0x0000, 0x0000, 0x0000, 0xFFFF, 0xFFFF, 0xFFFF, 0x0000, 
	0x0000, 0xFFFF, 0xFFFF, 0xFFFF, 0x0000, 0xF781, 0xF5FE, 0xF1E3, 0xEBD7, 
	0xE480, 0xDC82, 0xD485, 0xCD2D, 0xC721, 0xC306, 0xC183, 0xC198, 0xC1D0, 
	0xC223, 0xC287, 0xC2F4, 0xC361, 0xC3C6, 0xC418, 0xC450, 0xC465, 0xFE60, 
	0xFE70, 0xFE9B, 0xFEDB, 0xFF2A, 0xFF82, 0xFFDD, 0x0034, 0x0081, 0x00BE, 
	0x00E5, 0x00FC, 0x010E, 0x011C, 0x0127, 0x012F, 0x0134, 0x0137, 0x0138, 
	0x0139, 0xF94A, 0xF949, 0xF946, 0xF942, 0xF93E, 0xF939, 0xF933, 0xF92F, 
	0xF92B, 0xF928, 0xF927, 0xF928, 0xF929, 0xF92A, 0xF92C, 0xF92E, 0xF930, 
	0xF932, 0xF933, 0xF934, 0xF482, 0xF424, 0xF323, 0xF1A3, 0xEFCB, 0xEDBE, 
	0xEBA2, 0xE99B, 0xE7D0, 0xE664, 0xE57D, 0xE4F4, 0xE485, 0xE430, 0xE3EF, 
	0xE3C1, 0xE3A2, 0xE38F, 0xE385, 0xE382, 0xE381, 0xFFFE, 0x0001, 0xC170, 
	0x4BF7, 0x4C61, 0x4D8E, 0x4F62, 0x51C2, 0x5492, 0x57B7, 0x5B16, 0x5E93, 
	0x6213, 0x657A, 0x68B0, 0x6BAC, 0x6E67, 0x70DA, 0x72FE, 0x74CE, 0x7642, 
	0x7754, 0x77FD, 0x7837, 0x10BA, 0x1197, 0x13F1, 0x176F, 0x1BB5, 0x206B, 
	0x2536, 0x29BB, 0x2DA0, 0x308C, 0x3224, 0x32E0, 0x3376, 0x33EB, 0x3443, 
	0x3482, 0x34AC, 0x34C6, 0x34D3, 0x34D8, 0x34D9, 0xD5EC, 0xD675, 0xD7F7, 
	0xDA4C, 0xDD4E, 0xE0D8, 0xE4C4, 0xE8ED, 0xED2C, 0xF15B, 0xF556, 0xF8FC, 
	0xFC46, 0xFF33, 0x01C1, 0x03EE, 0x05B9, 0x0721, 0x0824, 0x08C0, 0x08F4, 
	0xFFFF, 0x0000, 0x0000, 0x0000, 0x0000, 0x0000, 0x0000, 0x0000, 0x0000, 
	0x0000, 0x0000, 0x0000, 0x0000, 0x0000, 0xFFFF, 0x0000, 0xFFFF, 0xFFFF, 
	0x0000, 0x0000, 0xFFFF, 0x0000, 0xF009, 0xEEE4, 0xEBC8, 0xE734, 0xE1A4, 
	0xDB97, 0xD58A, 0xCFFA, 0xCB66, 0xC84A, 0xC725, 0xC74F, 0xC7C1, 0xC869, 
	0xC934, 0xCA12, 0xCAF0, 0xCBBC, 0xCC63, 0xCCD5, 0xCCFF, 0x35E7, 0x362A, 
	0x36DF, 0x37EA, 0x392E, 0x3A8F, 0x3BF1, 0x3D36, 0x3E44, 0x3EFD, 0x3F45, 
	0x3F4A, 0x3F4F, 0x3F52, 0x3F54, 0x3F56, 0x3F57, 0x3F58, 0x3F59, 0x0DE6, 
	0x0E58, 0x0F8C, 0x1152, 0x137A, 0x15D2, 0x182B, 0x1A52, 0x1C19, 0x1D4D, 
	0x1DBE, 0x1D94, 0x1D23, 0x1C7B, 0x1BAF, 0x1AD1, 0x19F4, 0x1928, 0x1880, 
	0x180E, 0x17E4, 0xEF81, 0xF124, 0xF596, 0xFC22, 0x0418, 0x0CC0, 0x156A, 
	0x1D61, 0x23F2, 0x286B, 0x2A16, 0x2A1F, 0x2A26, 0x2A2B, 0x2A30, 0x2A32, 
	0x2A34, 0x2A36, 0x0000, 0x0000, 0x0000, 0x0000, 0x0000, 0x0000, 0x0000, 
	0xFFFF, 0x0000, 0xFFFF, 0xFFFF, 0x0000, 0xFFFF, 0xFFFF, 0x0000, 0x0000, 
	0xFFFF, 0x0000, 0xFFFF, 0x0000, 0xFFFF, 0xFFFF, 0xFFFF, 0xFFFF, 0x0000, 
	0xFFFF, 0x0000, 0x0000, 0xFFFF, 0x0000, 0x0000, 0x0000, 0x0000, 0xFFFF, 
	0xFFFF, 0xFFFF, 0x0000, 0xFFFF, 0x0000, 0xFFFF, 0x0000, 0xFFFF, 0xBF5E, 
	0xF781, 0xF753, 0xF6D7, 0xF620, 0xF542, 0xF450, 0xF35E, 0xF280, 0xF1C9, 
	0xF14D, 0xF11F, 0xF12D, 0xF151, 0xF187, 0xF1C8, 0xF20F, 0xF255, 0xF297, 
	0xF2CC, 0xF2F1, 0xF2FE, 0xFF1F, 0xFE45, 0xFBF4, 0xF888, 0xF45F, 0xEFD4, 
	0xEB44, 0xE70B, 0xE386, 0xE112, 0xE00A, 0xDFDD, 0xDFB8, 0xDF9C, 0xDF87, 
	0xDF77, 0xDF6D, 0xDF67, 0xDF64, 0xDF63, 0xDF62, 0xB8C7, 0xB81D, 0xB64E, 
	0xB39D, 0xB04F, 0xACA9, 0xA8EE, 0xA564, 0xA24E, 0x9FF2, 0x9E92, 0x9DDC, 
	0x9D4B, 0x9CD9, 0x9C84, 0x9C47, 0x9C1E, 0x9C05, 0x9BF8, 0x9BF3, 0xFFFF, 
	0x0000, 0x0000, 0xFFFF, 0xFFFF, 0x0000, 0xFFFF, 0xFFFF, 0x0000, 0xFFFF, 
	0xFFFF, 0xFFFF, 0xFFFF, 0xFFFF, 0xFFFF, 0xFFFF, 0xFFFF, 0xFFFF, 0xFFFF, 
	0xFFFF, 0x0000, 0xFFFF, 0xFFFF, 0xFFFF, 0xFFFF, 0x0000, 0x0000, 0x0000, 
	0x0000, 0x0000, 0x0000, 0xFFFF, 0x13CD, 0x14A4, 0x16EC, 0x1A48, 0x1E5D, 
	0x22CD, 0x273E, 0x2B53, 0x2EAF, 0x30F7, 0x31CE, 0x31C0, 0x3199, 0x3161, 
	0x311D, 0x30D3, 0x3089, 0x3045, 0x300D, 0x2FE7, 0x2FD9, 0x0000, 0xFFFF, 
	0x0000, 0x0000, 0xFFFF, 0x0000, 0x0000, 0xFFFF, 0x0000, 0xFFFF, 0xFFFF, 
	0xFFFF, 0x0000, 0xFFFF, 0x0000, 0xFFFF, 0xFFFF, 0xFFFF, 0xFFFF, 0x0000, 
	0xFFFF, 0xFFFF, 0xFFFF, 0xFFFF, 0xFFFF, 0xFFFF, 0x0000, 0xF128, 0xEFDD, 
	0xEC56, 0xE720, 0xE0C6, 0xD9D1, 0xD2CD, 0xCC45, 0xC6C4, 0xC2D5, 0xC102, 
	0xC07A, 0xC00E, 0xBFB9, 0xBF79, 0xBF4C, 0xBF2D, 0xBF1B, 0xBF11, 0xBF0E, 
	0xBF0D, 0x0000, 0x0000, 0x0000, 0x0000, 0x0000, 0x0000, 0x0000, 0xFFFF, 
	0x0000, 0xFFFF, 0xFFFF, 0x0000, 0xFFFF, 0xFFFF, 0x0000, 0x0000, 0xFFFF, 
	0x0000, 0xFFFF, 0x0000, 0xFFFF, 0xFFFF, 0xFFFF, 0xFFFF, 0x0000, 0xFFFF, 
	0x0000, 0x0000, 0xFFFF, 0x0000, 0x0000, 0x0000, 0x0000, 0xFFFF, 0xFFFF, 
	0xFFFF, 0x0000, 0xFFFF, 0x0000, 0xFFFF, 0x0000, 0xFFFF, 0xBF5E, 0x080E, 
	0x0846, 0x08DD, 0x09BC, 0x0ACB, 0x0BF2, 0x0D19, 0x0E28, 0x0F07, 0x0F9F, 
	0x0FD7, 0x0FC9, 0x0FA5, 0x0F6F, 0x0F2E, 0x0EE7, 0x0EA1, 0x0E5F, 0x0E2A, 
	0x0E05, 0x0DF8, 0xFF8E, 0x0074, 0x02E1, 0x0676, 0x0AD2, 0x0F94, 0x145B, 
	0x18C7, 0x1C77, 0x1F0A, 0x201F, 0x204F, 0x2076, 0x2095, 0x20AB, 0x20BC, 
	0x20C7, 0x20CD, 0x20D1, 0x20D2, 0xB896, 0xB7ED, 0xB621, 0xB375, 0xB02D, 
	0xAC8D, 0xA8D9, 0xA554, 0xA244, 0x9FEB, 0x9E8E, 0x9DD8, 0x9D47, 0x9CD6, 
	0x9C81, 0x9C44, 0x9C1B, 0x9C03, 0x9BF6, 0x9BF1, 0x9BF0, 0xFFFF, 0xFFFF, 
	0xFFFF, 0xFFFF, 0x0000, 0x0000, 0x0000, 0xFFFF, 0x0000, 0xFFFF, 0xFFFF, 
	0xFFFF, 0xFFFF, 0xFFFF, 0xFFFF, 0x0000, 0xFFFF, 0x0000, 0xFFFF, 0x0000, 
	0x0000, 0x0000, 0x0000, 0x0000, 0x0000, 0x0000, 0x0000, 0x0000, 0xFFFF, 
	0x0000, 0x1603, 0x16DA, 0x1922, 0x1C7E, 0x2093, 0x2504, 0x2974, 0x2D89, 
	0x30E5, 0x332D, 0x3404, 0x33F6, 0x33D0, 0x3398, 0x3354, 0x330A, 0x32BF, 
	0x327B, 0x3243, 0x321D, 0x320F, 0x0000, 0x0000, 0xE1F0, 0xE0A4, 0xDD1E, 
	0xD7E8, 0xD18D, 0xCA98, 0xC395, 0xBD0D, 0xB78C, 0xB39C, 0xB1CA, 0xB142, 
	0xB0D5, 0xB081, 0xB041, 0xB013, 0xAFF5, 0xAFE2, 0xAFD9, 0xAFD5, 

},{ 
	0x0001, 0x0000, 0x0001, 0x0001, 0x0001, 0x0002, 0x0001, 0x0003, 0x0001, 
	0x0004, 0x0001, 0x0005, 0x0003, 0x0006, 0x000B, 0x0009, 0x0015, 0x0014, 
	0x0001, 0x0029, 0x0001, 0x002A, 0x0015, 0x002B, 0x0001, 0x0040, 0x0001, 
	0x0041, 0x0015, 0x0042, 0x0001, 0x0057, 0x0001, 0x0058, 0x0001, 0x0059, 
	0x0015, 0x005A, 0x0015, 0x006F, 0x0015, 0x0084, 0x0015, 0x0099, 0x000B, 
	0x00AE, 0x0015, 0x00B9, 0x0014, 0x00CE, 0x0014, 0x00E2, 0x0015, 0x00F6, 
	0x0001, 0x010B, 0x0001, 0x010C, 0x0001, 0x010D, 0x0015, 0x010E, 0x0015, 
	0x0123, 0x0015, 0x0138, 0x0001, 0x014D, 0x0015, 0x014E, 0x0015, 0x0163, 
	0x0013, 0x0178, 0x0015, 0x018B, 0x0012, 0x01A0, 0x0015, 0x01B2, 0x0015, 
	0x01C7, 0x0001, 0x01DC, 0x0015, 0x01DD, 0x0015, 0x01F2, 0x0014, 0x0207, 
	0x0015, 0x021B, 0x000B, 0x0230, 0x0015, 0x023B, 0x0015, 0x0250, 0x0006, 
	0x0265, 0x0015, 0x026B, 0x0015, 0x0280, 0x0015, 0x0295, 0x0001, 0x02AA, 
	0x0015, 0x02AB, 0x0014, 0x02C0, 0x0015, 0x02D4, 0x0014, 0x02E9, 0x000A, 
	0x02FD, 0x0015, 0x0307, 0x0001, 0x031C, 0x0001, 0x031D, 0x0014, 0x031E, 
	

});
smlua_anim_util_register_animation('cr_anim_davy_hold_fall',1, 0, 0, 0, 17, { 
	0x0000, 0x00AA, 0x0000, 0x0000, 0x3FFF, 0x0000, 0xFFFF, 0x0000, 0x2F5C, 
	0x0000, 0x0000, 0x0C55, 0x0000, 0x0000, 0x1271, 0xFFFE, 0x0001, 0xC170, 
	0xF6F9, 0xC562, 0x90DC, 0x0000, 0x0000, 0xC465, 0x0139, 0xF934, 0xE381, 
	0xFFFE, 0x0001, 0xC170, 0x7837, 0x34D9, 0x08F4, 0xFFFF, 0x0000, 0xCCFF, 
	0x3F59, 0x17E4, 0x2A36, 0xFFFF, 0xFFFF, 0xBF5E, 0xF2FE, 0xDF62, 0x9BF3, 
	0x0000, 0xFFFF, 0x2FD9, 0xFFFF, 0x0000, 0xBF0D, 0xFFFF, 0xFFFF, 0xBF5E, 
	0x0DF8, 0x20D2, 0x9BF0, 0x0000, 0x0000, 0x320F, 0x0000, 0x0000, 0xAFD5, 
	

},{ 
	0x0001, 0x0000, 0x0001, 0x0001, 0x0001, 0x0002, 0x0001, 0x0003, 0x0001, 
	0x0004, 0x0001, 0x0005, 0x0001, 0x0006, 0x0001, 0x0007, 0x0001, 0x0008, 
	0x0001, 0x0009, 0x0001, 0x000A, 0x0001, 0x000B, 0x0001, 0x000C, 0x0001, 
	0x000D, 0x0001, 0x000E, 0x0001, 0x000F, 0x0001, 0x0010, 0x0001, 0x0011, 
	0x0001, 0x0012, 0x0001, 0x0013, 0x0001, 0x0014, 0x0001, 0x0015, 0x0001, 
	0x0016, 0x0001, 0x0017, 0x0001, 0x0018, 0x0001, 0x0019, 0x0001, 0x001A, 
	0x0001, 0x001B, 0x0001, 0x001C, 0x0001, 0x001D, 0x0001, 0x001E, 0x0001, 
	0x001F, 0x0001, 0x0020, 0x0001, 0x0021, 0x0001, 0x0022, 0x0001, 0x0023, 
	0x0001, 0x0024, 0x0001, 0x0025, 0x0001, 0x0026, 0x0001, 0x0027, 0x0001, 
	0x0028, 0x0001, 0x0029, 0x0001, 0x002A, 0x0001, 0x002B, 0x0001, 0x002C, 
	0x0001, 0x002D, 0x0001, 0x002E, 0x0001, 0x002F, 0x0001, 0x0030, 0x0001, 
	0x0031, 0x0001, 0x0032, 0x0001, 0x0033, 0x0001, 0x0034, 0x0001, 0x0035, 
	0x0001, 0x0036, 0x0001, 0x0037, 0x0001, 0x0038, 0x0001, 0x0039, 0x0001, 
	0x003A, 0x0001, 0x003B, 0x0001, 0x003C, 0x0001, 0x003D, 0x0001, 0x003E, 
	

});
smlua_anim_util_register_animation('cr_anim_davy_hold_fall_from_slide',1, 0, 0, 0, 14, { 
	0x0000, 0x0036, 0x0038, 0x003C, 0x0044, 0x004D, 0x0058, 0x0064, 0x0070, 
	0x007C, 0x0088, 0x0093, 0x009C, 0x00A4, 0x00A8, 0x00AA, 0x0000, 0x0000, 
	0x3FFF, 0x0000, 0x0000, 0x0000, 0x0000, 0x0000, 0x0000, 0x0000, 0x0000, 
	0x0000, 0x0000, 0x0000, 0xFFFF, 0xFFFF, 0xFFFF, 0xFFFF, 0xFFFF, 0xFFFF, 
	0xFFFF, 0xFFFF, 0xFFFF, 0xFFFF, 0xFFFF, 0xFFFF, 0xFFFF, 0xFFFF, 0xFFFF, 
	0x0000, 0x1E68, 0x1EA7, 0x1F58, 0x2068, 0x21C4, 0x2359, 0x2514, 0x26E2, 
	0x28B0, 0x2A6B, 0x2C00, 0x2D5C, 0x2E6C, 0x2F1D, 0x2F5C, 0x0000, 0xFCBD, 
	0xFCC9, 0xFCEB, 0xFD1F, 0xFD62, 0xFDB0, 0xFE05, 0xFE5E, 0xFEB7, 0xFF0C, 
	0xFF5A, 0xFF9D, 0xFFD1, 0xFFF3, 0x0000, 0x13EC, 0x13D0, 0x1380, 0x1307, 
	0x126B, 0x11B6, 0x10EF, 0x1021, 0x0F52, 0x0E8C, 0x0DD7, 0x0D3B, 0x0CC1, 
	0x0C72, 0x0C55, 0xFE93, 0xFE98, 0xFEA7, 0xFEBE, 0xFEDB, 0xFEFD, 0xFF22, 
	0xFF49, 0xFF70, 0xFF95, 0xFFB7, 0xFFD4, 0xFFEB, 0xFFFA, 0x0000, 0x02EB, 
	0x02E0, 0x02C2, 0x0293, 0x0257, 0x0211, 0x01C5, 0x0175, 0x0126, 0x00DA, 
	0x0094, 0x0058, 0x0029, 0x000B, 0x0000, 0x054A, 0x057B, 0x0605, 0x06D8, 
	0x07E6, 0x0920, 0x0A77, 0x0BDE, 0x0D44, 0x0E9C, 0x0FD6, 0x10E4, 0x11B7, 
	0x1240, 0x1271, 0xFFFE, 0x0001, 0xC170, 0x25D0, 0x26FF, 0x2A4F, 0x2F65, 
	0x35E7, 0x3D7A, 0x45C2, 0xCE64, 0xD707, 0xDF4F, 0xE6E2, 0xED64, 0xF27A, 
	0xF5CA, 0xF6F9, 0xF0A5, 0xEFDB, 0xEDA7, 0xEA44, 0xE5EF, 0xE0E4, 0xDB61, 
	0xAA5E, 0xB01D, 0xB5A1, 0xBAAB, 0xBF00, 0xC263, 0xC498, 0xC562, 0x8222, 
	0x807B, 0x7BDB, 0x74C2, 0x6BAD, 0x611C, 0x558D, 0xC97E, 0xBD71, 0xB1E2, 
	0xA750, 0x9E3C, 0x9722, 0x9282, 0x90DC, 0xFFFF, 0x0000, 0x0000, 0x0000, 
	0x0000, 0xFFFF, 0x0000, 0xFFFF, 0x0000, 0x0000, 0x0000, 0x0000, 0xFFFF, 
	0x0000, 0xFFFF, 0x0000, 0x0000, 0x0000, 0xFFFF, 0x0000, 0xFFFF, 0x0000, 
	0x0000, 0x0000, 0xFFFF, 0x0000, 0xFFFF, 0xFFFF, 0x0000, 0xE9F4, 0xE968, 
	0xE7DF, 0xE584, 0xE282, 0xDF01, 0xDB2B, 0xD72C, 0xD32D, 0xCF58, 0xCBD7, 
	0xC8D4, 0xC679, 0xC4F1, 0xC465, 0xD82D, 0xD8C6, 0xDA73, 0xDD05, 0xE050, 
	0xE424, 0xE854, 0xECB2, 0xF111, 0xF541, 0xF915, 0xFC5F, 0xFEF2, 0x00A0, 
	0x0139, 0xF9D6, 0xF9D4, 0xF9CD, 0xF9C3, 0xF9B6, 0xF9A7, 0xF996, 0xF985, 
	0xF974, 0xF964, 0xF954, 0xF948, 0xF93D, 0xF937, 0xF934, 0xF87A, 0xF82C, 
	0xF751, 0xF600, 0xF452, 0xF25D, 0xF039, 0xEDFE, 0xEBC2, 0xE99F, 0xE7AA, 
	0xE5FB, 0xE4AB, 0xE3D0, 0xE381, 0xFFFE, 0x0001, 0xC170, 0x43DB, 0x449E, 
	0x46C1, 0x4A09, 0x4E3C, 0x531F, 0x5876, 0x5E09, 0x639B, 0x68F3, 0x6DD6, 
	0x7208, 0x7551, 0x7774, 0x7837, 0x6A91, 0x69C8, 0x6797, 0x6439, 0x5FEA, 
	0x5AE7, 0x556C, 0x4FB5, 0x49FD, 0x4482, 0x3F7F, 0x3B30, 0x37D2, 0x35A1, 
	0x34D9, 0xFD16, 0xFD42, 0xFDBE, 0xFE7D, 0xFF70, 0x008C, 0x01C2, 0x0306, 
	0x0449, 0x057F, 0x069A, 0x078E, 0x084C, 0x08C8, 0x08F4, 0xFFFF, 0x0000, 
	0xFFFF, 0x0000, 0xFFFF, 0x0000, 0xFFFF, 0xFFFF, 0xFFFF, 0x0000, 0x0000, 
	0x0000, 0x0000, 0x0000, 0xFFFF, 0x0000, 0xEB38, 0xEAC7, 0xE98C, 0xE7A7, 
	0xE53A, 0xE268, 0xDF53, 0xDC1C, 0xD8E4, 0xD5CF, 0xD2FD, 0xD091, 0xCEAC, 
	0xCD70, 0xCCFF, 0x3E9F, 0x3EA1, 0x3EA9, 0x3EB5, 0x3EC4, 0x3ED5, 0x3EE8, 
	0x3EFC, 0x3F10, 0x3F22, 0x3F34, 0x3F43, 0x3F4E, 0x3F56, 0x3F59, 0x0F58, 
	0x0F78, 0x0FD1, 0x105A, 0x110A, 0x11D6, 0x12B5, 0x139E, 0x1487, 0x1566, 
	0x1633, 0x16E2, 0x176B, 0x17C5, 0x17E4, 0x04FA, 0x0585, 0x070A, 0x0960, 
	0x0C5C, 0x0FD5, 0x13A2, 0x1798, 0x1B8F, 0x1F5B, 0x22D5, 0x25D1, 0x2826, 
	0x29AB, 0x2A36, 0x0000, 0x0000, 0x0000, 0x0000, 0x0000, 0xFFFF, 0x0000, 
	0x0000, 0xFFFF, 0x0000, 0x0000, 0x0000, 0x0000, 0xFFFF, 0xFFFF, 0x0000, 
	0xFFFF, 0x0000, 0xFFFF, 0xFFFF, 0x0000, 0xFFFF, 0x0000, 0x0000, 0xFFFF, 
	0x0000, 0xFFFF, 0xBF5E, 0xFAB1, 0xFA94, 0xFA44, 0xF9C8, 0xF92A, 0xF872, 
	0xF7A9, 0xF6D7, 0xF606, 0xF53D, 0xF485, 0xF3E7, 0xF36B, 0xF31B, 0xF2FE, 
	0xF79C, 0xF742, 0xF645, 0xF4C0, 0xF2CF, 0xF08C, 0xEE13, 0xEB7F, 0xE8EB, 
	0xE672, 0xE430, 0xE23F, 0xE0BA, 0xDFBD, 0xDF62, 0x9D31, 0x9D2D, 0x9D20, 
	0x9D0C, 0x9CF2, 0x9CD4, 0x9CB4, 0x9C92, 0x9C70, 0x9C50, 0x9C32, 0x9C18, 
	0x9C04, 0x9BF7, 0x9BF3, 0xFFFF, 0xFFFF, 0x0000, 0x0000, 0x0000, 0x0000, 
	0x0000, 0xFFFF, 0x0000, 0xFFFF, 0x0000, 0x0000, 0x0000, 0xFFFF, 0x0000, 
	0xFFFF, 0xFFFF, 0x0000, 0x0000, 0xFFFF, 0xFFFF, 0x0000, 0xFFFF, 0xFFFF, 
	0xFFFF, 0xFFFF, 0xFFFF, 0xFFFF, 0x0000, 0xFFFF, 0x09C7, 0x0A55, 0x0BE3, 
	0x0E46, 0x1153, 0x14E0, 0x18C3, 0x1CD0, 0x20DD, 0x24BF, 0x284D, 0x2B5A, 
	0x2DBD, 0x2F4B, 0x2FD9, 0x00D0, 0x00CD, 0x00C4, 0x00B7, 0x00A7, 0x0093, 
	0x007E, 0x0068, 0x0052, 0x003D, 0x0029, 0x0019, 0x000C, 0x0003, 0xFFFF, 
	0x00B6, 0x00B3, 0x00AC, 0x00A1, 0x0092, 0x0081, 0x006E, 0x005B, 0x0048, 
	0x0035, 0x0024, 0x0015, 0x000A, 0x0003, 0x0000, 0xC1A9, 0xC1A0, 0xC184, 
	0xC15A, 0xC125, 0xC0E6, 0xC0A2, 0xC05B, 0xC014, 0xBFD0, 0xBF92, 0xBF5C, 
	0xBF32, 0xBF17, 0xBF0D, 0x0000, 0x0000, 0x0000, 0x0000, 0x0000, 0xFFFF, 
	0x0000, 0x0000, 0xFFFF, 0x0000, 0x0000, 0x0000, 0x0000, 0xFFFF, 0xFFFF, 
	0x0000, 0xFFFF, 0x0000, 0xFFFF, 0xFFFF, 0x0000, 0xFFFF, 0x0000, 0x0000, 
	0xFFFF, 0x0000, 0xFFFF, 0xBF5E, 0xFFFF, 0x0034, 0x00C6, 0x01A6, 0x02C5, 
	0x0413, 0x057F, 0x06FC, 0x0879, 0x09E5, 0x0B33, 0x0C52, 0x0D32, 0x0DC4, 
	0x0DF8, 0x0BBA, 0x0C09, 0x0CE5, 0x0E38, 0x0FE9, 0x11E0, 0x1407, 0x1646, 
	0x1885, 0x1AAC, 0x1CA3, 0x1E54, 0x1FA7, 0x2083, 0x20D2, 0x9C0C, 0x9C0C, 
	0x9C0B, 0x9C09, 0x9C07, 0x9C04, 0x9C01, 0x9BFE, 0x9BFB, 0x9BF9, 0x9BF6, 
	0x9BF4, 0x9BF2, 0x9BF1, 0x9BF0, 0xFFFF, 0xFFFF, 0xFFFF, 0xFFFF, 0xFFFF, 
	0xFFFF, 0xFFFF, 0x0000, 0xFFFF, 0xFFFF, 0xFFFF, 0x0000, 0xFFFF, 0xFFFF, 
	0x0000, 0x0000, 0xFFFF, 0x0000, 0xFFFF, 0x0000, 0x0000, 0xFFFF, 0x0000, 
	0xFFFF, 0x0000, 0x0000, 0xFFFF, 0xFFFF, 0xFFFF, 0x0000, 0x0640, 0x06E3, 
	0x08AD, 0x0B6C, 0x0EEF, 0x1306, 0x177E, 0x1C28, 0x20D1, 0x2549, 0x2960, 
	0x2CE3, 0x2FA2, 0x316C, 0x320F, 0xFFA0, 0xFFA1, 0xFFA5, 0xFFAB, 0xFFB3, 
	0xFFBC, 0xFFC5, 0xFFD0, 0xFFDA, 0xFFE3, 0xFFEC, 0xFFF4, 0xFFFA, 0xFFFE, 
	0x0000, 0x0222, 0x021A, 0x0204, 0x01E2, 0x01B6, 0x0183, 0x014B, 0x0111, 
	0x00D7, 0x009F, 0x006C, 0x0040, 0x001E, 0x0008, 0x0000, 0xC292, 0xC24C, 
	0xC188, 0xC05C, 0xBEDB, 0xBD1C, 0xBB32, 0xB933, 0xB735, 0xB54B, 0xB38C, 
	0xB20B, 0xB0DF, 0xB01B, 0xAFD5, 

},{ 
	0x0001, 0x0000, 0x000F, 0x0001, 0x0001, 0x0010, 0x0001, 0x0011, 0x0001, 
	0x0012, 0x0001, 0x0013, 0x000B, 0x0014, 0x000F, 0x001F, 0x000F, 0x002E, 
	0x0001, 0x003D, 0x000F, 0x003E, 0x000F, 0x004D, 0x000F, 0x005C, 0x000F, 
	0x006B, 0x000F, 0x007A, 0x0001, 0x0089, 0x0001, 0x008A, 0x0001, 0x008B, 
	0x000F, 0x008C, 0x000F, 0x009B, 0x000F, 0x00AA, 0x000E, 0x00B9, 0x000F, 
	0x00C7, 0x000F, 0x00D6, 0x000F, 0x00E5, 0x000F, 0x00F4, 0x000F, 0x0103, 
	0x0001, 0x0112, 0x0001, 0x0113, 0x0001, 0x0114, 0x000F, 0x0115, 0x000F, 
	0x0124, 0x000F, 0x0133, 0x0005, 0x0142, 0x000B, 0x0147, 0x000F, 0x0152, 
	0x000F, 0x0161, 0x000F, 0x0170, 0x000F, 0x017F, 0x000E, 0x018E, 0x000D, 
	0x019C, 0x0001, 0x01A9, 0x000F, 0x01AA, 0x000F, 0x01B9, 0x000F, 0x01C8, 
	0x000F, 0x01D7, 0x000F, 0x01E6, 0x000F, 0x01F5, 0x000F, 0x0204, 0x000F, 
	0x0213, 0x000F, 0x0222, 0x000E, 0x0231, 0x000D, 0x023F, 0x0001, 0x024C, 
	0x000F, 0x024D, 0x000F, 0x025C, 0x000F, 0x026B, 0x000F, 0x027A, 0x000F, 
	0x0289, 0x000F, 0x0298, 0x000F, 0x02A7, 0x000F, 0x02B6, 0x000F, 0x02C5, 
	

});
smlua_anim_util_register_animation('cr_anim_davy_hold_idle',0, 0, 0, 0, 60, { 
	0x0000, 0x009A, 0x0098, 0x0096, 0x0094, 0x0092, 0x0090, 0x008F, 0x008E, 
	0x008D, 0x008D, 0x008D, 0x008D, 0x008E, 0x0090, 0x0092, 0x0094, 0x0096, 
	0x0097, 0x0099, 0x009A, 0x009A, 0x009A, 0x0099, 0x0097, 0x0096, 0x0094, 
	0x0092, 0x0090, 0x008E, 0x008D, 0x008D, 0x008D, 0x008E, 0x0090, 0x0092, 
	0x0094, 0x0096, 0x0097, 0x0099, 0x009A, 0x009A, 0x009A, 0x0099, 0x0097, 
	0x0096, 0x0094, 0x0092, 0x0090, 0x008E, 0x008D, 0x008D, 0x008D, 0x008E, 
	0x0090, 0x0092, 0x0094, 0x0096, 0x0097, 0x0099, 0x009A, 0x0007, 0x0000, 
	0x3FFF, 0x0000, 0xFFFF, 0xFFFF, 0x388D, 0xFFFF, 0xFFE7, 0xFFC8, 0xFFA3, 
	0xFF7C, 0xFF54, 0xFF2E, 0xFF0D, 0xFEF2, 0xFEE0, 0xFEDA, 0xFEDF, 0xFEEE, 
	0xFF05, 0xFF23, 0xFF46, 0xFF6B, 0xFF92, 0xFFB9, 0xFFDE, 0xFFFF, 0x0022, 
	0x004A, 0x0075, 0x00A1, 0x00CC, 0x00F4, 0x0116, 0x0132, 0x0144, 0x014A, 
	0x0144, 0x0132, 0x0118, 0x00F6, 0x00CE, 0x00A3, 0x0078, 0x004C, 0x0024, 
	0xFFFF, 0xFFDB, 0xFFB3, 0xFF87, 0xFF5C, 0xFF31, 0xFF09, 0xFEE7, 0xFECD, 
	0xFEBB, 0xFEB5, 0xFEBE, 0xFED7, 0xFEFC, 0xFF29, 0xFF5A, 0xFF8B, 0xFFB8, 
	0xFFDD, 0xFFF6, 0xFFFF, 0xFFFF, 0x0040, 0x0093, 0x00F5, 0x015D, 0x01C7, 
	0x022C, 0x0285, 0x02CC, 0x02FB, 0x030D, 0x02FE, 0x02D6, 0x0298, 0x0249, 
	0x01EE, 0x018A, 0x0122, 0x00BB, 0x0059, 0xFFFF, 0xFFA4, 0xFF3A, 0xFEC8, 
	0xFE53, 0xFDE0, 0xFD76, 0xFD1A, 0xFCD2, 0xFCA2, 0xFC91, 0xFCA2, 0xFCD0, 
	0xFD17, 0xFD72, 0xFDDA, 0xFE4C, 0xFEC1, 0xFF34, 0xFFA0, 0xFFFF, 0x005F, 
	0x00CB, 0x013E, 0x01B3, 0x0225, 0x028D, 0x02E8, 0x032F, 0x035D, 0x036E, 
	0x0356, 0x0313, 0x02B0, 0x0239, 0x01B7, 0x0135, 0x00BD, 0x005B, 0x0018, 
	0xFFFF, 0xF526, 0xF5AA, 0xF62F, 0xF6AF, 0xF72A, 0xF79A, 0xF7FD, 0xF850, 
	0xF88F, 0xF8B7, 0xF8C6, 0xF8AC, 0xF865, 0xF7FD, 0xF77F, 0xF6F6, 0xF66D, 
	0xF5EF, 0xF587, 0xF540, 0xF526, 0xF540, 0xF586, 0xF5ED, 0xF66B, 0xF6F4, 
	0xF77D, 0xF7FB, 0xF862, 0xF8A9, 0xF8C3, 0xF8A9, 0xF863, 0xF7FB, 0xF77D, 
	0xF6F4, 0xF66B, 0xF5EE, 0xF586, 0xF540, 0xF526, 0xF540, 0xF586, 0xF5EE, 
	0xF66B, 0xF6F4, 0xF77D, 0xF7FB, 0xF863, 0xF8A9, 0xF8C3, 0xF8A9, 0xF863, 
	0xF7FB, 0xF77D, 0xF6F4, 0xF66B, 0xF5EE, 0xF586, 0xF540, 0xF526, 0x0000, 
	0x015E, 0x02D6, 0x0463, 0x0604, 0x07B6, 0x0975, 0x0B3E, 0x0D0F, 0x0EE5, 
	0x10BC, 0x1293, 0x1465, 0x1631, 0x17F3, 0x19A8, 0x1B4D, 0x1CE0, 0x1E5D, 
	0x1FC3, 0x210C, 0x2238, 0x2356, 0x246E, 0x2568, 0x2632, 0x26B6, 0x26DE, 
	0x2697, 0x25CC, 0x2467, 0x2254, 0x1F7E, 0x1BF5, 0x17D8, 0x1345, 0x0E5B, 
	0x0939, 0x03FF, 0xFECA, 0xF9BB, 0xF4EF, 0xF086, 0xEC9F, 0xE958, 0xE6D1, 
	0xE529, 0xE488, 0xE4E8, 0xE623, 0xE810, 0xEA8A, 0xED67, 0xF082, 0xF3B2, 
	0xF6D0, 0xF9B6, 0xFC3B, 0xFE39, 0xFF87, 0x0000, 0xFFFF, 0x0004, 0x0009, 
	0x000F, 0x0014, 0x001A, 0x0020, 0x0027, 0x002D, 0x0033, 0x003A, 0x0040, 
	0x0047, 0x004D, 0x0053, 0x0058, 0x005E, 0x0063, 0x0068, 0x006C, 0x0070, 
	0x0074, 0x0074, 0x006F, 0x0068, 0x005F, 0x0056, 0x004F, 0x004B, 0x004B, 
	0x0052, 0x0061, 0x0078, 0x0096, 0x00BA, 0x00E3, 0x010F, 0x013D, 0x016C, 
	0x0199, 0x01C5, 0x01ED, 0x0210, 0x022D, 0x0242, 0x024E, 0x0251, 0x0245, 
	0x022B, 0x0204, 0x01D4, 0x019D, 0x0161, 0x0122, 0x00E4, 0x00A9, 0x0072, 
	0x0044, 0x0020, 0x0008, 0xFFFF, 0x109A, 0x10CA, 0x10F0, 0x110E, 0x1125, 
	0x1134, 0x113D, 0x1140, 0x113E, 0x1139, 0x112F, 0x1123, 0x1114, 0x1104, 
	0x10F4, 0x10E3, 0x10D3, 0x10C4, 0x10B8, 0x10AE, 0x10A8, 0x10A6, 0x10A9, 
	0x10B3, 0x10BF, 0x10CC, 0x10D7, 0x10DE, 0x10DF, 0x10D7, 0x10C4, 0x10A4, 
	0x1075, 0x1038, 0x0FF1, 0x0FA1, 0x0F4C, 0x0EF2, 0x0E98, 0x0E3F, 0x0DEA, 
	0x0D9C, 0x0D56, 0x0D1B, 0x0CEE, 0x0CD1, 0x0CC7, 0x0CD5, 0x0CFC, 0x0D3A, 
	0x0D88, 0x0DE3, 0x0E47, 0x0EB0, 0x0F18, 0x0F7C, 0x0FD8, 0x1026, 0x1064, 
	0x108C, 0x109A, 0xFFFE, 0x0001, 0xCACF, 0xCB29, 0xCB70, 0xCBA7, 0xCBCE, 
	0xCBE8, 0xCBF4, 0xCBF6, 0xCBEE, 0xCBDF, 0xCBC8, 0xCBAD, 0xCB8E, 0xCB6E, 
	0xCB4D, 0xCB2C, 0xCB0F, 0xCAF5, 0xCAE1, 0xCAD3, 0xCACF, 0xEC98, 0xECB9, 
	0xED15, 0xED9C, 0xEE40, 0xEEF3, 0xEFA5, 0xF04A, 0xF0D1, 0xF12C, 0xF14E, 
	0xF13B, 0xF106, 0xF0B1, 0xF041, 0xEFB9, 0xEF1F, 0xEE74, 0xEDBE, 0xED01, 
	0xEC3F, 0xEB7D, 0xEAC0, 0xEA0A, 0xE95F, 0xE8C5, 0xE83D, 0xE7CD, 0xE779, 
	0xE743, 0xE730, 0xE743, 0xE779, 0xE7CD, 0xE83D, 0xE8C5, 0xE95F, 0xEA0A, 
	0xEAC0, 0xEB7D, 0xEC3F, 0xED01, 0xEDBE, 0xEE74, 0xEF1F, 0xEFB9, 0xF041, 
	0xF0B1, 0xF106, 0xF13B, 0xF14E, 0xF12C, 0xF0D1, 0xF04A, 0xEFA5, 0xEEF3, 
	0xEE40, 0xED9C, 0xED15, 0xECB9, 0xEC98, 0xDB3D, 0xDB31, 0xDB13, 0xDAE5, 
	0xDAAD, 0xDA71, 0xDA35, 0xD9FD, 0xD9D0, 0xD9B1, 0xD9A5, 0xD9AE, 0xD9C5, 
	0xD9EA, 0xDA1B, 0xDA57, 0xDA9B, 0xDAE5, 0xDB35, 0xDB88, 0xDBDD, 0xDC32, 
	0xDC85, 0xDCD5, 0xDD1F, 0xDD63, 0xDD9E, 0xDDD0, 0xDDF5, 0xDE0C, 0xDE15, 
	0xDE0C, 0xDDF5, 0xDDD0, 0xDD9E, 0xDD63, 0xDD1F, 0xDCD5, 0xDC85, 0xDC32, 
	0xDBDD, 0xDB88, 0xDB35, 0xDAE5, 0xDA9B, 0xDA57, 0xDA1B, 0xD9EA, 0xD9C5, 
	0xD9AE, 0xD9A5, 0xD9B1, 0xD9D0, 0xD9FD, 0xDA35, 0xDA71, 0xDAAD, 0xDAE5, 
	0xDB13, 0xDB31, 0xDB3D, 0x1233, 0x1208, 0x1195, 0x10EC, 0x101E, 0x0F3E, 
	0x0E5E, 0x0D90, 0x0CE7, 0x0C74, 0x0C4A, 0x0C62, 0x0CA7, 0x0D14, 0x0DA4, 
	0x0E52, 0x0F19, 0x0FF4, 0x10DE, 0x11D2, 0x12CC, 0x13C5, 0x14B9, 0x15A3, 
	0x167E, 0x1745, 0x17F3, 0x1883, 0x18F0, 0x1935, 0x194E, 0x1935, 0x18F0, 
	0x1883, 0x17F3, 0x1745, 0x167E, 0x15A3, 0x14B9, 0x13C5, 0x12CC, 0x11D2, 
	0x10DE, 0x0FF4, 0x0F19, 0x0E52, 0x0DA4, 0x0D14, 0x0CA7, 0x0C62, 0x0C4A, 
	0x0C74, 0x0CE7, 0x0D90, 0x0E5E, 0x0F3E, 0x101E, 0x10EC, 0x1195, 0x1208, 
	0x1233, 0xFFFF, 0x0000, 0x0000, 0x0000, 0x0000, 0xFFFF, 0xFFFF, 0x0000, 
	0xFFFF, 0xFFFF, 0x0000, 0x0000, 0x0000, 0x0000, 0x0000, 0x0000, 0x0000, 
	0x0000, 0x0000, 0x0000, 0xFFFF, 0x0000, 0x0000, 0x0000, 0x0000, 0x0000, 
	0x0000, 0x0000, 0x0000, 0x0000, 0x0000, 0x0000, 0x0000, 0x0000, 0x0000, 
	0x0000, 0x0000, 0x0000, 0x0000, 0x0000, 0x0000, 0x0000, 0x0000, 0x0000, 
	0x0000, 0x0000, 0x0000, 0x0000, 0x0000, 0x0000, 0x0000, 0x0000, 0x0000, 
	0x0000, 0x0000, 0x0000, 0xFFFF, 0x0000, 0x0000, 0x0000, 0xFFFF, 0x0000, 
	0xFFFF, 0x0000, 0xFFFF, 0x0000, 0x0000, 0x0000, 0x0000, 0x0000, 0x0000, 
	0xFFFF, 0x0000, 0x0000, 0xFFFF, 0xFFFF, 0xFFFF, 0x0000, 0xFFFF, 0x0000, 
	0x0000, 0x0000, 0xFFFF, 0x0000, 0x0000, 0x0000, 0x0000, 0x0000, 0x0000, 
	0x0000, 0x0000, 0xFFFF, 0xFFFF, 0xFFFF, 0x0000, 0xFFFF, 0x0000, 0xFFFF, 
	0xFFFF, 0x0000, 0xFFFF, 0xFFFF, 0xFFFF, 0xFFFF, 0xFFFF, 0xFFFF, 0x0000, 
	0xFFFF, 0xFFFF, 0x0000, 0xFFFF, 0xFFFF, 0x0000, 0x0000, 0x0000, 0x0000, 
	0x0000, 0x0000, 0xFFFF, 0x0000, 0xC3CB, 0xC3AF, 0xC363, 0xC2F3, 0xC26B, 
	0xC1D7, 0xC143, 0xC0BB, 0xC04B, 0xBFFF, 0xBFE3, 0xBFF4, 0xC026, 0xC074, 
	0xC0DB, 0xC158, 0xC1E6, 0xC283, 0xC32B, 0xC3DA, 0xC48C, 0xC53F, 0xC5EE, 
	0xC695, 0xC732, 0xC7C1, 0xC83D, 0xC8A5, 0xC8F3, 0xC924, 0xC936, 0xC924, 
	0xC8F3, 0xC8A5, 0xC83D, 0xC7C1, 0xC732, 0xC695, 0xC5EE, 0xC53F, 0xC48C, 
	0xC3DA, 0xC32B, 0xC283, 0xC1E6, 0xC158, 0xC0DB, 0xC074, 0xC026, 0xBFF4, 
	0xBFE3, 0xBFFF, 0xC04B, 0xC0BB, 0xC143, 0xC1D7, 0xC26B, 0xC2F3, 0xC363, 
	0xC3AF, 0xC3CB, 0xE295, 0xE299, 0xE2A3, 0xE2B3, 0xE2C7, 0xE2DC, 0xE2F1, 
	0xE304, 0xE314, 0xE31F, 0xE323, 0xE321, 0xE31C, 0xE313, 0xE309, 0xE2FB, 
	0xE2EC, 0xE2DC, 0xE2CA, 0xE2B8, 0xE2A5, 0xE292, 0xE280, 0xE26E, 0xE25E, 
	0xE24F, 0xE242, 0xE237, 0xE22F, 0xE229, 0xE228, 0xE229, 0xE22F, 0xE237, 
	0xE242, 0xE24F, 0xE25E, 0xE26E, 0xE280, 0xE292, 0xE2A5, 0xE2B8, 0xE2CA, 
	0xE2DC, 0xE2EC, 0xE2FB, 0xE309, 0xE313, 0xE31C, 0xE321, 0xE323, 0xE31F, 
	0xE314, 0xE304, 0xE2F1, 0xE2DC, 0xE2C7, 0xE2B3, 0xE2A3, 0xE299, 0xE295, 
	0xF9B5, 0xF9A3, 0xF971, 0xF928, 0xF8CE, 0xF86D, 0xF80C, 0xF7B3, 0xF769, 
	0xF737, 0xF725, 0xF730, 0xF751, 0xF785, 0xF7C9, 0xF81C, 0xF87A, 0xF8E2, 
	0xF951, 0xF9C5, 0xFA3B, 0xFAB1, 0xFB24, 0xFB93, 0xFBFB, 0xFC5A, 0xFCAC, 
	0xFCF0, 0xFD24, 0xFD45, 0xFD50, 0xFD45, 0xFD24, 0xFCF0, 0xFCAC, 0xFC5A, 
	0xFBFB, 0xFB93, 0xFB24, 0xFAB1, 0xFA3B, 0xF9C5, 0xF951, 0xF8E2, 0xF87A, 
	0xF81C, 0xF7C9, 0xF785, 0xF751, 0xF730, 0xF725, 0xF737, 0xF769, 0xF7B3, 
	0xF80C, 0xF86D, 0xF8CE, 0xF928, 0xF971, 0xF9A3, 0xF9B5, 0xE2A6, 0xE290, 
	0xE256, 0xE200, 0xE197, 0xE126, 0xE0B4, 0xE04B, 0xDFF5, 0xDFBB, 0xDFA5, 
	0xDFB2, 0xDFD8, 0xE013, 0xE061, 0xE0C0, 0xE12C, 0xE1A3, 0xE222, 0xE2A6, 
	0xE32E, 0xE3B5, 0xE439, 0xE4B8, 0xE52F, 0xE59B, 0xE5FA, 0xE648, 0xE683, 
	0xE6A9, 0xE6B6, 0xE6A9, 0xE683, 0xE648, 0xE5FA, 0xE59B, 0xE52F, 0xE4B8, 
	0xE439, 0xE3B5, 0xE32E, 0xE2A6, 0xE222, 0xE1A3, 0xE12C, 0xE0C0, 0xE061, 
	0xE013, 0xDFD8, 0xDFB2, 0xDFA5, 0xDFBB, 0xDFF5, 0xE04B, 0xE0B4, 0xE126, 
	0xE197, 0xE200, 0xE256, 0xE290, 0xE2A6, 0xFFFE, 0x0001, 0xC9FE, 0xCA50, 
	0xCA92, 0xCAC4, 0xCAE8, 0xCAFF, 0xCB0A, 0xCB0C, 0xCB05, 0xCAF6, 0xCAE2, 
	0xCAC9, 0xCAAD, 0xCA8F, 0xCA71, 0xCA54, 0xCA38, 0xCA21, 0xCA0E, 0xCA02, 
	0xC9FE, 0xFD74, 0x2B35, 0x7D2F, 0xFFFF, 0xFFFF, 0xFFFF, 0x0000, 0x0000, 
	0xFFFF, 0x0000, 0xFFFF, 0xFFFF, 0x0000, 0x0000, 0xFFFF, 0xFFFF, 0xFFFF, 
	0x0000, 0xFFFF, 0x0000, 0x0000, 0xFFFF, 0xFFFF, 0xFFFF, 0xFFFF, 0xFFFF, 
	0x0000, 0xFFFF, 0xFFFF, 0x0000, 0x0000, 0x0000, 0x0000, 0x0000, 0x0000, 
	0xFFFF, 0x0000, 0x0000, 0x0000, 0x0000, 0x0000, 0x0000, 0xFFFF, 0xFFFF, 
	0x0000, 0xFFFF, 0xFFFF, 0xFFFF, 0xFFFF, 0xFFFF, 0x0000, 0x0000, 0xFFFF, 
	0x0000, 0xFFFF, 0xFFFF, 0xFFFF, 0xFFFF, 0x0000, 0xFFFF, 0xFFFF, 0xFFFF, 
	0x0000, 0xFFFF, 0xFFFF, 0xFFFF, 0xFFFF, 0xFFFF, 0xFFFF, 0xFFFF, 0xFFFF, 
	0x0000, 0x0000, 0x0000, 0x0000, 0xFFFF, 0x0000, 0xFFFF, 0x0000, 0xFFFF, 
	0x0000, 0xFFFF, 0xFFFF, 0xFFFF, 0xFFFF, 0xFFFF, 0x0000, 0xFFFF, 0xFFFF, 
	0x0000, 0xFFFF, 0x0000, 0xFFFF, 0x0000, 0xFFFF, 0x0000, 0xFFFF, 0xFFFF, 
	0x0000, 0xFFFF, 0xFFFF, 0xFFFF, 0xFFFF, 0x0000, 0xFFFF, 0xFFFF, 0xFFFF, 
	0xFFFF, 0xFFFF, 0xFFFF, 0x0000, 0x0000, 0xFFFF, 0xFFFF, 0xFFFF, 0xFFFF, 
	0xFFFF, 0xFFFF, 0xFFFF, 0x0000, 0xFFFF, 0xFFFF, 0x0000, 0xFFFF, 0xCC30, 
	0x2EDF, 0x1BBF, 0x1CF0, 0x0000, 0x0000, 0x0000, 0xFFFF, 0x0000, 0xFFFF, 
	0x0000, 0xFFFF, 0xFFFF, 0x0000, 0xFFFF, 0x0000, 0xFFFF, 0x0000, 0xFFFF, 
	0x0000, 0xFFFF, 0x0000, 0x0000, 0x0000, 0x0000, 0x0000, 0x0000, 0x0000, 
	0xFFFF, 0x0000, 0xFFFF, 0x0000, 0xFFFF, 0x0000, 0xFFFF, 0x0000, 0xFFFF, 
	0x0000, 0xFFFF, 0x0000, 0xFFFF, 0x0000, 0x0000, 0x0000, 0x0000, 0x0000, 
	0x0000, 0x0000, 0xFFFF, 0x0000, 0xFFFF, 0x0000, 0xFFFF, 0x0000, 0xFFFF, 
	0x0000, 0xFFFF, 0x0000, 0xFFFF, 0x0000, 0xFFFF, 0x0000, 0xFFFF, 0xBF5E, 
	0xBF91, 0xBFD4, 0xC022, 0xC076, 0xC0CB, 0xC11C, 0xC163, 0xC19C, 0xC1C2, 
	0xC1D0, 0xC1BE, 0xC18F, 0xC149, 0xC0F3, 0xC097, 0xC03A, 0xBFE5, 0xBF9F, 
	0xBF6F, 0xBF5E, 0xBF6F, 0xBF9F, 0xBFE5, 0xC03A, 0xC097, 0xC0F3, 0xC149, 
	0xC18F, 0xC1BE, 0xC1D0, 0xC1BE, 0xC18F, 0xC149, 0xC0F3, 0xC097, 0xC03A, 
	0xBFE5, 0xBF9F, 0xBF6F, 0xBF5E, 0xBF6F, 0xBF9F, 0xBFE5, 0xC03A, 0xC097, 
	0xC0F3, 0xC149, 0xC18F, 0xC1BE, 0xC1D0, 0xC1BE, 0xC18F, 0xC149, 0xC0F3, 
	0xC097, 0xC03A, 0xBFE5, 0xBF9F, 0xBF6F, 0xBF5E, 0xD826, 0xD8BA, 0xD95E, 
	0xDA0B, 0xDABA, 0xDB63, 0xDBFE, 0xDC84, 0xDCED, 0xDD32, 0xDD4B, 0xDD26, 
	0xDCC2, 0xDC2E, 0xDB7B, 0xDAB8, 0xD9F6, 0xD943, 0xD8AF, 0xD84B, 0xD826, 
	0xD84B, 0xD8AF, 0xD943, 0xD9F6, 0xDAB8, 0xDB7B, 0xDC2E, 0xDCC2, 0xDD26, 
	0xDD4B, 0xDD26, 0xDCC2, 0xDC2E, 0xDB7B, 0xDAB8, 0xD9F6, 0xD943, 0xD8AF, 
	0xD84B, 0xD826, 0xD84B, 0xD8AF, 0xD943, 0xD9F6, 0xDAB8, 0xDB7B, 0xDC2E, 
	0xDCC2, 0xDD26, 0xDD4B, 0xDD26, 0xDCC2, 0xDC2E, 0xDB7B, 0xDAB8, 0xD9F6, 
	0xD943, 0xD8AF, 0xD84B, 0xD826, 0xE771, 0xE6B6, 0xE614, 0xE58B, 0xE519, 
	0xE4BC, 0xE473, 0xE43D, 0xE418, 0xE403, 0xE3FC, 0xE415, 0xE458, 0xE4BB, 
	0xE534, 0xE5B7, 0xE63A, 0xE6B2, 0xE715, 0xE759, 0xE771, 0xE759, 0xE715, 
	0xE6B2, 0xE63A, 0xE5B7, 0xE534, 0xE4BB, 0xE458, 0xE415, 0xE3FC, 0xE415, 
	0xE458, 0xE4BB, 0xE534, 0xE5B7, 0xE63A, 0xE6B2, 0xE715, 0xE759, 0xE771, 
	0xE759, 0xE715, 0xE6B2, 0xE63A, 0xE5B7, 0xE534, 0xE4BB, 0xE458, 0xE415, 
	0xE3FC, 0xE415, 0xE458, 0xE4BB, 0xE534, 0xE5B7, 0xE63A, 0xE6B2, 0xE715, 
	0xE759, 0xE771, 0xBA93, 0xB99F, 0xB89A, 0xB78F, 0xB687, 0xB58D, 0xB4AB, 
	0xB3E9, 0xB352, 0xB2F1, 0xB2CE, 0xB306, 0xB39D, 0xB47C, 0xB58A, 0xB6B1, 
	0xB7D7, 0xB8E6, 0xB9C5, 0xBA5C, 0xBA93, 0xBA5C, 0xB9C5, 0xB8E6, 0xB7D7, 
	0xB6B1, 0xB58A, 0xB47C, 0xB39D, 0xB306, 0xB2CE, 0xB306, 0xB39D, 0xB47C, 
	0xB58A, 0xB6B1, 0xB7D7, 0xB8E6, 0xB9C5, 0xBA5C, 0xBA93, 0xBA5C, 0xB9C5, 
	0xB8E6, 0xB7D7, 0xB6B1, 0xB58A, 0xB47C, 0xB39D, 0xB306, 0xB2CE, 0xB306, 
	0xB39D, 0xB47C, 0xB58A, 0xB6B1, 0xB7D7, 0xB8E6, 0xB9C5, 0xBA5C, 0xBA93, 
	0xFFFF, 0x0000, 0xFFFF, 0xFFFF, 0x0000, 0xFFFF, 0xFFFF, 0x0000, 0xFFFF, 
	0x0000, 0x0000, 0xFFFF, 0xFFFF, 0x0000, 0x0000, 0x0000, 0x0000, 0x0000, 
	0x0000, 0x0000, 0xFFFF, 0x0000, 0x0000, 0x0000, 0x0000, 0x0000, 0x0000, 
	0x0000, 0xFFFF, 0xFFFF, 0x0000, 0xFFFF, 0xFFFF, 0x0000, 0x0000, 0x0000, 
	0x0000, 0x0000, 0x0000, 0x0000, 0xFFFF, 0x0000, 0x0000, 0x0000, 0x0000, 
	0x0000, 0x0000, 0x0000, 0xFFFF, 0xFFFF, 0x0000, 0xFFFF, 0xFFFF, 0x0000, 
	0x0000, 0x0000, 0x0000, 0x0000, 0x0000, 0x0000, 0xFFFF, 0xFFFF, 0x0000, 
	0x0000, 0x0000, 0x0000, 0xFFFF, 0xFFFF, 0xFFFF, 0xFFFF, 0xFFFF, 0x0000, 
	0xFFFF, 0x0000, 0x0000, 0x0000, 0xFFFF, 0x0000, 0xFFFF, 0x0000, 0x0000, 
	0xFFFF, 0x0000, 0x0000, 0xFFFF, 0x0000, 0xFFFF, 0x0000, 0x0000, 0x0000, 
	0xFFFF, 0x0000, 0xFFFF, 0x0000, 0x0000, 0x0000, 0xFFFF, 0x0000, 0xFFFF, 
	0x0000, 0x0000, 0xFFFF, 0x0000, 0x0000, 0xFFFF, 0x0000, 0xFFFF, 0x0000, 
	0x0000, 0x0000, 0xFFFF, 0x0000, 0xFFFF, 0x0000, 0x0000, 0x0000, 0xFFFF, 
	0x0000, 0xFFFF, 0x0000, 0x0000, 0xFFFF, 0x378C, 0x39B1, 0x3B78, 0x3CEB, 
	0x3E11, 0x3EF3, 0x3F99, 0x400C, 0x4054, 0x4078, 0x4083, 0x4043, 0x3F94, 
	0x3E93, 0x3D5B, 0x3C07, 0x3AB4, 0x397C, 0x387B, 0x37CC, 0x378C, 0x37CC, 
	0x387B, 0x397C, 0x3AB4, 0x3C07, 0x3D5B, 0x3E93, 0x3F94, 0x4043, 0x4083, 
	0x4043, 0x3F94, 0x3E93, 0x3D5B, 0x3C07, 0x3AB4, 0x397C, 0x387B, 0x37CC, 
	0x378C, 0x37CC, 0x387B, 0x397C, 0x3AB4, 0x3C07, 0x3D5B, 0x3E93, 0x3F94, 
	0x4043, 0x4083, 0x4043, 0x3F94, 0x3E93, 0x3D5B, 0x3C07, 0x3AB4, 0x397C, 
	0x387B, 0x37CC, 0x378C, 0xFED3, 0xFED5, 0xFED6, 0xFED8, 0xFED9, 0xFEDA, 
	0xFEDC, 0xFEDC, 0xFEDD, 0xFEDE, 0xFEDE, 0xFEDD, 0xFEDD, 0xFEDB, 0xFEDA, 
	0xFED8, 0xFED7, 0xFED5, 0xFED4, 0xFED3, 0xFED3, 0xFED3, 0xFED4, 0xFED5, 
	0xFED7, 0xFED8, 0xFEDA, 0xFEDB, 0xFEDD, 0xFEDD, 0xFEDE, 0xFEDD, 0xFEDD, 
	0xFEDB, 0xFEDA, 0xFED8, 0xFED7, 0xFED5, 0xFED4, 0xFED3, 0xFED3, 0xFED3, 
	0xFED4, 0xFED5, 0xFED7, 0xFED8, 0xFEDA, 0xFEDB, 0xFEDD, 0xFEDD, 0xFEDE, 
	0xFEDD, 0xFEDD, 0xFEDB, 0xFEDA, 0xFED8, 0xFED7, 0xFED5, 0xFED4, 0xFED3, 
	0xFFA1, 0xFF98, 0xFF92, 0xFF8C, 0xFF89, 0xFF86, 0xFF85, 0xFF84, 0xFF84, 
	0xFF84, 0xFF84, 0xFF84, 0xFF87, 0xFF8A, 0xFF8E, 0xFF92, 0xFF97, 0xFF9B, 
	0xFF9E, 0xFFA0, 0xFFA1, 0xFFA0, 0xFF9E, 0xFF9B, 0xFF97, 0xFF92, 0xFF8E, 
	0xFF8A, 0xFF87, 0xFF84, 0xFF84, 0xFF84, 0xFF87, 0xFF8A, 0xFF8E, 0xFF92, 
	0xFF97, 0xFF9B, 0xFF9E, 0xFFA0, 0xFFA1, 0xFFA0, 0xFF9E, 0xFF9B, 0xFF97, 
	0xFF92, 0xFF8E, 0xFF8A, 0xFF87, 0xFF84, 0xFF84, 0xFF84, 0xFF87, 0xFF8A, 
	0xFF8E, 0xFF92, 0xFF97, 0xFF9B, 0xFF9E, 0xFFA0, 0xFFA1, 0xB309, 0xB1DE, 
	0xB0F2, 0xB03E, 0xAFBA, 0xAF5F, 0xAF26, 0xAF06, 0xAEF8, 0xAEF6, 0xAEF7, 
	0xAF14, 0xAF63, 0xAFD8, 0xB066, 0xB100, 0xB19A, 0xB228, 0xB29D, 0xB2EC, 
	0xB309, 0xB2EC, 0xB29D, 0xB228, 0xB19A, 0xB100, 0xB066, 0xAFD8, 0xAF63, 
	0xAF14, 0xAEF7, 0xAF14, 0xAF63, 0xAFD8, 0xB066, 0xB100, 0xB19A, 0xB228, 
	0xB29D, 0xB2EC, 0xB309, 0xB2EC, 0xB29D, 0xB228, 0xB19A, 0xB100, 0xB066, 
	0xAFD8, 0xAF63, 0xAF14, 0xAEF7, 0xAF14, 0xAF63, 0xAFD8, 0xB066, 0xB100, 
	0xB19A, 0xB228, 0xB29D, 0xB2EC, 0xB309, 0x0000, 0xFFFF, 0xBF5E, 0x17C1, 
	0x1740, 0x16C5, 0x1652, 0x15E8, 0x158A, 0x1539, 0x14F7, 0x14C6, 0x14A8, 
	0x149D, 0x14B3, 0x14F1, 0x154B, 0x15B8, 0x162F, 0x16A6, 0x1714, 0x176E, 
	0x17AB, 0x17C1, 0x17AB, 0x176E, 0x1714, 0x16A6, 0x162F, 0x15B8, 0x154B, 
	0x14F1, 0x14B3, 0x149D, 0x14B3, 0x14F1, 0x154B, 0x15B8, 0x162F, 0x16A6, 
	0x1714, 0x176E, 0x17AB, 0x17C1, 0x17AB, 0x176E, 0x1714, 0x16A6, 0x162F, 
	0x15B8, 0x154B, 0x14F1, 0x14B3, 0x149D, 0x14B3, 0x14F1, 0x154B, 0x15B8, 
	0x162F, 0x16A6, 0x1714, 0x176E, 0x17AB, 0x17C1, 0x15CC, 0x166D, 0x16F7, 
	0x176C, 0x17CE, 0x181E, 0x185C, 0x188B, 0x18AA, 0x18BD, 0x18C2, 0x18AD, 
	0x1873, 0x181F, 0x17B8, 0x1747, 0x16D7, 0x1670, 0x161B, 0x15E2, 0x15CC, 
	0x15E2, 0x161B, 0x1670, 0x16D7, 0x1747, 0x17B8, 0x181F, 0x1873, 0x18AD, 
	0x18C2, 0x18AD, 0x1873, 0x181F, 0x17B8, 0x1747, 0x16D7, 0x1670, 0x161B, 
	0x15E2, 0x15CC, 0x15E2, 0x161B, 0x1670, 0x16D7, 0x1747, 0x17B8, 0x181F, 
	0x1873, 0x18AD, 0x18C2, 0x18AD, 0x1873, 0x181F, 0x17B8, 0x1747, 0x16D7, 
	0x1670, 0x161B, 0x15E2, 0x15CC, 0xAE8D, 0xAD82, 0xAC8E, 0xABB3, 0xAAF1, 
	0xAA4A, 0xA9BF, 0xA951, 0xA901, 0xA8D0, 0xA8C0, 0xA8E9, 0xA95A, 0xAA01, 
	0xAACB, 0xABA6, 0xAC82, 0xAD4C, 0xADF2, 0xAE63, 0xAE8D, 0xAE63, 0xADF2, 
	0xAD4C, 0xAC82, 0xABA6, 0xAACB, 0xAA01, 0xA95A, 0xA8E9, 0xA8C0, 0xA8E9, 
	0xA95A, 0xAA01, 0xAACB, 0xABA6, 0xAC82, 0xAD4C, 0xADF2, 0xAE63, 0xAE8D, 
	0xAE63, 0xADF2, 0xAD4C, 0xAC82, 0xABA6, 0xAACB, 0xAA01, 0xA95A, 0xA8E9, 
	0xA8C0, 0xA8E9, 0xA95A, 0xAA01, 0xAACB, 0xABA6, 0xAC82, 0xAD4C, 0xADF2, 
	0xAE63, 0xAE8D, 0x0000, 0x0000, 0x0000, 0xFFFF, 0xFFFF, 0xFFFF, 0x0000, 
	0x0000, 0x0000, 0xFFFF, 0x0000, 0x0000, 0xFFFF, 0x0000, 0x0000, 0xFFFF, 
	0x0000, 0x0000, 0xFFFF, 0x0000, 0x0000, 0x0000, 0xFFFF, 0x0000, 0x0000, 
	0xFFFF, 0x0000, 0x0000, 0xFFFF, 0x0000, 0x0000, 0x0000, 0xFFFF, 0x0000, 
	0x0000, 0xFFFF, 0x0000, 0x0000, 0xFFFF, 0x0000, 0x0000, 0x0000, 0xFFFF, 
	0x0000, 0x0000, 0xFFFF, 0x0000, 0x0000, 0xFFFF, 0x0000, 0x0000, 0x0000, 
	0xFFFF, 0x0000, 0x0000, 0xFFFF, 0x0000, 0x0000, 0xFFFF, 0x0000, 0xFFFF, 
	0xFFFF, 0x0000, 0xFFFF, 0x0000, 0x0000, 0x0000, 0x0000, 0x0000, 0x0000, 
	0x0000, 0x0000, 0x0000, 0xFFFF, 0x0000, 0xFFFF, 0xFFFF, 0x0000, 0x0000, 
	0x0000, 0xFFFF, 0x0000, 0x0000, 0x0000, 0xFFFF, 0xFFFF, 0x0000, 0xFFFF, 
	0x0000, 0x0000, 0x0000, 0x0000, 0x0000, 0xFFFF, 0x0000, 0xFFFF, 0xFFFF, 
	0x0000, 0x0000, 0x0000, 0xFFFF, 0x0000, 0x0000, 0x0000, 0xFFFF, 0xFFFF, 
	0x0000, 0xFFFF, 0x0000, 0x0000, 0x0000, 0x0000, 0x0000, 0xFFFF, 0x0000, 
	0xFFFF, 0xFFFF, 0x0000, 0x0000, 0x0000, 0xFFFF, 0x3311, 0x3535, 0x373F, 
	0x3925, 0x3AE2, 0x3C6D, 0x3DC1, 0x3ED6, 0x3FA4, 0x4026, 0x4052, 0x3FF3, 
	0x3EF1, 0x3D75, 0x3BA8, 0x39B1, 0x37BB, 0x35EE, 0x3472, 0x3370, 0x3311, 
	0x3370, 0x3472, 0x35EE, 0x37BB, 0x39B1, 0x3BA8, 0x3D75, 0x3EF1, 0x3FF3, 
	0x4052, 0x3FF3, 0x3EF1, 0x3D75, 0x3BA8, 0x39B1, 0x37BB, 0x35EE, 0x3472, 
	0x3370, 0x3311, 0x3370, 0x3472, 0x35EE, 0x37BB, 0x39B1, 0x3BA8, 0x3D75, 
	0x3EF1, 0x3FF3, 0x4052, 0x3FF3, 0x3EF1, 0x3D75, 0x3BA8, 0x39B1, 0x37BB, 
	0x35EE, 0x3472, 0x3370, 0x3311, 0x008C, 0x008E, 0x0094, 0x009C, 0x00A6, 
	0x00B1, 0x00BB, 0x00C5, 0x00CD, 0x00D3, 0x00D5, 0x00D3, 0x00CD, 0x00C5, 
	0x00BB, 0x00B1, 0x00A6, 0x009C, 0x0094, 0x008E, 0x008C, 0x008E, 0x0094, 
	0x009C, 0x00A6, 0x00B1, 0x00BB, 0x00C5, 0x00CD, 0x00D3, 0x00D5, 0x00D3, 
	0x00CD, 0x00C5, 0x00BB, 0x00B1, 0x00A6, 0x009C, 0x0094, 0x008E, 0x008C, 
	0x008E, 0x0094, 0x009C, 0x00A6, 0x00B1, 0x00BB, 0x00C5, 0x00CD, 0x00D3, 
	0x00D5, 0x00D3, 0x00CD, 0x00C5, 0x00BB, 0x00B1, 0x00A6, 0x009C, 0x0094, 
	0x008E, 0x008C, 0x016D, 0x016C, 0x0169, 0x0165, 0x0160, 0x015B, 0x0155, 
	0x0150, 0x014C, 0x014A, 0x0148, 0x0149, 0x014C, 0x0150, 0x0155, 0x015B, 
	0x0160, 0x0165, 0x0169, 0x016C, 0x016D, 0x016C, 0x0169, 0x0165, 0x0160, 
	0x015B, 0x0155, 0x0150, 0x014C, 0x0149, 0x0148, 0x0149, 0x014C, 0x0150, 
	0x0155, 0x015B, 0x0160, 0x0165, 0x0169, 0x016C, 0x016D, 0x016C, 0x0169, 
	0x0165, 0x0160, 0x015B, 0x0155, 0x0150, 0x014C, 0x0149, 0x0148, 0x0149, 
	0x014C, 0x0150, 0x0155, 0x015B, 0x0160, 0x0165, 0x0169, 0x016C, 0x016D, 
	0xBB93, 0xBA8F, 0xB991, 0xB89D, 0xB7BA, 0xB6EC, 0xB638, 0xB5A3, 0xB532, 
	0xB4EB, 0xB4D2, 0xB503, 0xB586, 0xB648, 0xB733, 0xB833, 0xB932, 0xBA1D, 
	0xBADF, 0xBB62, 0xBB93, 0xBB62, 0xBADF, 0xBA1D, 0xB932, 0xB833, 0xB733, 
	0xB648, 0xB586, 0xB503, 0xB4D2, 0xB503, 0xB586, 0xB648, 0xB733, 0xB833, 
	0xB932, 0xBA1D, 0xBADF, 0xBB62, 0xBB93, 0xBB62, 0xBADF, 0xBA1D, 0xB932, 
	0xB833, 0xB733, 0xB648, 0xB586, 0xB503, 0xB4D2, 0xB503, 0xB586, 0xB648, 
	0xB733, 0xB833, 0xB932, 0xBA1D, 0xBADF, 0xBB62, 0xBB93, 

},{ 
	0x0001, 0x0000, 0x003C, 0x0001, 0x0001, 0x003D, 0x0001, 0x003E, 0x0001, 
	0x003F, 0x0001, 0x0040, 0x0001, 0x0041, 0x0001, 0x0042, 0x0001, 0x0043, 
	0x003D, 0x0044, 0x003D, 0x0081, 0x003D, 0x00BE, 0x003D, 0x00FB, 0x003D, 
	0x0138, 0x003D, 0x0175, 0x0001, 0x01B2, 0x0001, 0x01B3, 0x0015, 0x01B4, 
	0x003D, 0x01C9, 0x003D, 0x0206, 0x003D, 0x0243, 0x003D, 0x0280, 0x003B, 
	0x02BD, 0x003D, 0x02F8, 0x003D, 0x0335, 0x003D, 0x0372, 0x003D, 0x03AF, 
	0x0001, 0x03EC, 0x0001, 0x03ED, 0x0015, 0x03EE, 0x0001, 0x0403, 0x0001, 
	0x0404, 0x0001, 0x0405, 0x003D, 0x0406, 0x003C, 0x0443, 0x0001, 0x047F, 
	0x0001, 0x0480, 0x0001, 0x0481, 0x0001, 0x0482, 0x003A, 0x0483, 0x0001, 
	0x04BD, 0x003D, 0x04BE, 0x003D, 0x04FB, 0x003D, 0x0538, 0x003D, 0x0575, 
	0x003D, 0x05B2, 0x003D, 0x05EF, 0x003D, 0x062C, 0x003C, 0x0669, 0x003D, 
	0x06A5, 0x003D, 0x06E2, 0x0001, 0x071F, 0x0001, 0x0720, 0x0001, 0x0721, 
	0x003D, 0x0722, 0x003D, 0x075F, 0x003D, 0x079C, 0x003C, 0x07D9, 0x003D, 
	0x0815, 0x003D, 0x0852, 0x003D, 0x088F, 0x003D, 0x08CC, 0x003D, 0x0909, 
	

});
smlua_anim_util_register_animation('cr_anim_davy_hold_land',1, 0, 0, 0, 18, { 
	0x0000, 0x009A, 0x0091, 0x0086, 0x007E, 0x007D, 0x0081, 0x0088, 0x008F, 
	0x0093, 0x0097, 0x009A, 0x009D, 0x009D, 0x009D, 0x009D, 0x009C, 0x009B, 
	0x009B, 0x009A, 0xFFF4, 0xFFF2, 0xFFF0, 0xFFF0, 0xFFF1, 0xFFF4, 0xFFF6, 
	0xFFF9, 0xFFFC, 0xFFFF, 0x0000, 0x0001, 0x0003, 0x0004, 0x0005, 0x0006, 
	0x0006, 0x0007, 0x0000, 0x3FFF, 0x0000, 0xFFFF, 0xFFFF, 0x3CB2, 0x3D0E, 
	0x3D4E, 0x3D6D, 0x3D55, 0x3CFC, 0x3C73, 0x3BC9, 0x3B0E, 0x3A51, 0x39A3, 
	0x3913, 0x38B1, 0x388D, 0x0000, 0x0000, 0xFFFF, 0x0000, 0x0000, 0x0000, 
	0x0000, 0x0000, 0x0000, 0x0000, 0x0000, 0x0000, 0x0000, 0xFFFF, 0x0000, 
	0xFFFF, 0xFFFF, 0xFFFF, 0x0000, 0x0000, 0xFFFF, 0xFFFF, 0x0000, 0x0000, 
	0x0000, 0x0000, 0x0000, 0xFFFF, 0xFFFF, 0x0000, 0xFFFF, 0x171C, 0x1D70, 
	0x246B, 0x25D8, 0x2154, 0x1B08, 0x138D, 0x0B7D, 0x0373, 0xFC08, 0xF5D8, 
	0xF17B, 0xEF4D, 0xEEE5, 0xEFBF, 0xF152, 0xF319, 0xF48C, 0xF526, 0x0000, 
	0xFFFF, 0xFFFF, 0xFFFF, 0xFFFF, 0x0000, 0x0000, 0x0000, 0xFFFF, 0xFFFF, 
	0xFFFF, 0x0000, 0xFFFF, 0xFFFF, 0xFFFF, 0xFFFF, 0x0000, 0xFFFF, 0x0000, 
	0x0000, 0xFFFF, 0xFFFF, 0x0000, 0x0000, 0xFFFF, 0x0000, 0x0000, 0x0000, 
	0x0000, 0xFFFF, 0xFFFF, 0x0000, 0x0000, 0x0000, 0xFFFF, 0xF3A9, 0xEF3A, 
	0xEAF8, 0xEB44, 0xF262, 0xFD42, 0x084B, 0x0FE3, 0x129C, 0x128B, 0x1154, 
	0x109A, 0x10A6, 0x10AB, 0x10AA, 0x10A6, 0x10A1, 0x109C, 0x109A, 0x0001, 
	0xFFFE, 0xC170, 0xC152, 0xC134, 0xC170, 0xC203, 0xC2AE, 0xC36B, 0xC435, 
	0xC508, 0xC5DE, 0xC6B2, 0xC781, 0xC843, 0xC8F6, 0xC993, 0xCA15, 0xCA79, 
	0xCAB8, 0xCACF, 0xB209, 0xAFCA, 0x29B2, 0x20B6, 0x15CE, 0x09EF, 0xFE0F, 
	0xF327, 0xEA2B, 0xE412, 0xE1D4, 0xE24A, 0xE382, 0xE53C, 0xE736, 0xE930, 
	0xEAE9, 0xEC21, 0xEC98, 0xA53E, 0xA540, 0xDAB7, 0xDAAD, 0xDAA1, 0xDA93, 
	0xDA86, 0xDA7A, 0xDA70, 0xDA69, 0xDA66, 0xDA6F, 0xDA88, 0xDAAA, 0xDAD2, 
	0xDAF9, 0xDB1B, 0xDB34, 0xDB3D, 0x0A18, 0x0D6F, 0x968A, 0xA40A, 0xB492, 
	0xC6C1, 0xD939, 0xEA9C, 0xF98B, 0x04A8, 0x0A92, 0x0D16, 0x0EFB, 0x1056, 
	0x113F, 0x11CC, 0x1214, 0x122F, 0x1233, 0x0000, 0x0000, 0x0000, 0x0000, 
	0x0000, 0x0000, 0x0000, 0x0000, 0x0000, 0x0000, 0x0000, 0x0000, 0x0000, 
	0x0000, 0x0000, 0x0000, 0x0000, 0x0000, 0xFFFF, 0x0000, 0x0000, 0x0000, 
	0xFFFF, 0x0000, 0x0000, 0x0000, 0x0000, 0xFFFF, 0x0000, 0x0000, 0x0000, 
	0x0000, 0xFFFF, 0x0000, 0x0000, 0x0000, 0xFFFF, 0x0000, 0xCDCB, 0xCDF9, 
	0xCE78, 0xCF33, 0xD015, 0xD10C, 0xD202, 0xD2E5, 0xD39F, 0xD41E, 0xD44D, 
	0xD397, 0xD1B9, 0xCF14, 0xCC0C, 0xC904, 0xC660, 0xC481, 0xC3CB, 0xE295, 
	0xF9B5, 0xE2A6, 0x0001, 0xFFFE, 0xC9FE, 0xFD72, 0xFD71, 0xFD6F, 0xFD6E, 
	0xFD6F, 0xFD70, 0xFD71, 0xFD73, 0xFD74, 0xFD76, 0x2B3A, 0x2B3B, 0x2B3B, 
	0x2B3B, 0x2B3B, 0x2B3A, 0x2B3A, 0x2B38, 0x2B37, 0x2B36, 0x2B35, 0x2B35, 
	0x2B34, 0x2B34, 0x2B34, 0x2B35, 0x521D, 0x4DAE, 0x4571, 0x4102, 0x4333, 
	0x4907, 0x515E, 0x5B1C, 0x6520, 0x6E4D, 0x7584, 0x79F6, 0x7C14, 0x7C9E, 
	0x7BE1, 0x7A1E, 0x7804, 0x7641, 0x7584, 0xFFFF, 0x0000, 0xFFFF, 0x0000, 
	0xFFFF, 0xFFFF, 0x0000, 0x0000, 0xFFFF, 0x0000, 0x0000, 0x0000, 0xFFFF, 
	0xFFFF, 0xFFFF, 0xFFFF, 0x0000, 0x0000, 0xFFFF, 0xCC30, 0x2EDF, 0x1BBF, 
	0x1CF0, 0xFFFF, 0x0000, 0x0000, 0x0000, 0xFFFF, 0xFFFF, 0x0000, 0xFFFF, 
	0x0000, 0x0000, 0x0000, 0xFFFF, 0x0000, 0x0000, 0x0000, 0x0000, 0x0000, 
	0x0000, 0xFFFF, 0x0000, 0x0000, 0xFFFF, 0xFFFF, 0x0000, 0xFFFF, 0x0000, 
	0xFFFF, 0xBF5E, 0xDF32, 0xE172, 0xE335, 0xE47B, 0xE48F, 0xE370, 0xE12B, 
	0xDE8B, 0xDC5D, 0xDA9D, 0xD90E, 0xD826, 0xD7D7, 0xD7B9, 0xD7BD, 0xD7D7, 
	0xD7FA, 0xD819, 0xD826, 0xE402, 0xDED5, 0xDBE1, 0xD9B2, 0xD8D0, 0xD9A8, 
	0xDC44, 0xDF81, 0xE237, 0xE45E, 0xE650, 0xE771, 0xE7D3, 0xE7F9, 0xE7F4, 
	0xE7D3, 0xE7A8, 0xE782, 0xE771, 0xA8BC, 0xA51B, 0xA262, 0xA0B7, 0xA166, 
	0xA424, 0xA8A5, 0xADA4, 0xB1D3, 0xB563, 0xB8AA, 0xBA93, 0xBB37, 0xBB77, 
	0xBB6E, 0xBB37, 0xBAEE, 0xBAAF, 0xBA93, 0xFFFF, 0xFFFF, 0xFFFF, 0x0000, 
	0xFFFF, 0x0000, 0x0000, 0x0000, 0xFFFF, 0xFFFF, 0xFFFF, 0x0000, 0xFFFF, 
	0x0000, 0xFFFF, 0x0000, 0xFFFF, 0x0000, 0xFFFF, 0x0000, 0xFFFF, 0x0000, 
	0x0000, 0xFFFF, 0xFFFF, 0x0000, 0x0000, 0x0000, 0xFFFF, 0x0000, 0xFFFF, 
	0xFFFF, 0xFFFF, 0xFFFF, 0xFFFF, 0x0000, 0xFFFF, 0x38B5, 0x3FF8, 0x43B9, 
	0x4637, 0x4690, 0x44FD, 0x41FA, 0x3E79, 0x3BB2, 0x39D2, 0x385C, 0x378C, 
	0x373F, 0x3720, 0x3725, 0x373F, 0x3761, 0x377F, 0x378C, 0x048A, 0x034B, 
	0x0259, 0x019F, 0x017E, 0x012A, 0xFF86, 0xFFA3, 0xFFE0, 0xFF92, 0xFF1E, 
	0xFED3, 0xFEBF, 0xFEB8, 0xFEB9, 0xFEBF, 0xFEC8, 0xFED0, 0xFED3, 0x0038, 
	0x001A, 0x001F, 0x0021, 0x0007, 0xFFE3, 0xFFD0, 0xFFC4, 0xFFBA, 0xFFB1, 
	0xFFA7, 0xFFA1, 0xFF9F, 0xFF9F, 0xFF9F, 0xFF9F, 0xFFA0, 0xFFA1, 0xBDCB, 
	0xBB44, 0xB919, 0xB782, 0xB75E, 0xB78C, 0xB6E0, 0xB602, 0xB528, 0xB459, 
	0xB387, 0xB309, 0xB2E2, 0xB2D2, 0xB2D5, 0xB2E2, 0xB2F3, 0xB303, 0xB309, 
	0xFFFF, 0x0000, 0x0000, 0x0000, 0xFFFF, 0xFFFF, 0x0000, 0xFFFF, 0x0000, 
	0x0000, 0x0000, 0xFFFF, 0x0000, 0x0000, 0x0000, 0x0000, 0x0000, 0x0000, 
	0xFFFF, 0x0000, 0x0000, 0xFFFF, 0xFFFF, 0x0000, 0xFFFF, 0x0000, 0xFFFF, 
	0xBF5E, 0x1433, 0x10F2, 0x1057, 0x1043, 0x109A, 0x1154, 0x1259, 0x137E, 
	0x1498, 0x15CC, 0x1706, 0x17C1, 0x17FD, 0x1814, 0x1810, 0x17FD, 0x17E2, 
	0x17CB, 0x17C1, 0x16E1, 0x1A1E, 0x1B01, 0x1B6B, 0x1B59, 0x1AC6, 0x19DA, 
	0x18CF, 0x17E2, 0x1709, 0x1641, 0x15CC, 0x15A5, 0x1596, 0x1598, 0x15A5, 
	0x15B7, 0x15C6, 0x15CC, 0xA18A, 0x9A38, 0x98D3, 0x989E, 0x99AD, 0x9C08, 
	0x9F4B, 0xA2E0, 0xA630, 0xA97F, 0xACAD, 0xAE8D, 0xAF29, 0xAF66, 0xAF5D, 
	0xAF29, 0xAEE4, 0xAEA7, 0xAE8D, 0xFFFF, 0x0000, 0xFFFF, 0xFFFF, 0xFFFF, 
	0xFFFF, 0xFFFF, 0xFFFF, 0x0000, 0x0000, 0x0000, 0x0000, 0x0000, 0xFFFF, 
	0xFFFF, 0xFFFF, 0xFFFF, 0x0000, 0xFFFF, 0x0000, 0x0000, 0x0000, 0xFFFF, 
	0x0000, 0xFFFF, 0xFFFF, 0xFFFF, 0xFFFF, 0x0000, 0xFFFF, 0xFFFF, 0xFFFF, 
	0x0000, 0x0000, 0xFFFF, 0x0000, 0xFFFF, 0x3796, 0x3BDF, 0x4135, 0x4688, 
	0x4891, 0x45FC, 0x40EC, 0x3B44, 0x36EA, 0x34A3, 0x338D, 0x3311, 0x32C9, 
	0x32AD, 0x32B1, 0x32C9, 0x32E9, 0x3305, 0x3311, 0xFE2B, 0xFD6A, 0xFDC2, 
	0xFE4C, 0xFEB6, 0xFEE2, 0xFEF7, 0xFF07, 0xFF23, 0xFF4F, 0xFF88, 0xFFD2, 
	0x003E, 0x00C0, 0x0133, 0x0173, 0x0143, 0x00CE, 0x008C, 0xFDFA, 0xFE27, 
	0xFDFB, 0xFDC0, 0xFDA0, 0xFDA9, 0xFDC5, 0xFDE9, 0xFE09, 0xFE22, 0xFE3B, 
	0xFE55, 0xFE62, 0xFE64, 0xFE7C, 0xFEC9, 0xFFAA, 0x00D7, 0x016D, 0xC0E5, 
	0xC405, 0xBEB4, 0xB7FB, 0xB407, 0xB45B, 0xB6B8, 0xB9AF, 0xBBD2, 0xBCA3, 
	0xBCD4, 0xBCBD, 0xBC70, 0xBBEA, 0xBB5F, 0xBB08, 0xBB19, 0xBB65, 0xBB93, 
	

},{ 
	0x0001, 0x0000, 0x0013, 0x0001, 0x0012, 0x0014, 0x0001, 0x0026, 0x0001, 
	0x0027, 0x0001, 0x0028, 0x0001, 0x0029, 0x0001, 0x002A, 0x000E, 0x002B, 
	0x000E, 0x0039, 0x0011, 0x0047, 0x0013, 0x0058, 0x0011, 0x006B, 0x0012, 
	0x007C, 0x0013, 0x008E, 0x0001, 0x00A1, 0x0001, 0x00A2, 0x0013, 0x00A3, 
	0x0013, 0x00B6, 0x0013, 0x00C9, 0x0013, 0x00DC, 0x0013, 0x00EF, 0x0013, 
	0x0102, 0x0013, 0x0115, 0x0001, 0x0128, 0x0001, 0x0129, 0x0001, 0x012A, 
	0x0001, 0x012B, 0x0001, 0x012C, 0x0001, 0x012D, 0x000A, 0x012E, 0x0010, 
	0x0138, 0x0013, 0x0148, 0x0007, 0x015B, 0x000C, 0x0162, 0x0001, 0x016E, 
	0x0001, 0x016F, 0x0001, 0x0170, 0x0001, 0x0171, 0x000D, 0x0172, 0x000E, 
	0x017F, 0x0001, 0x018D, 0x0013, 0x018E, 0x0013, 0x01A1, 0x0013, 0x01B4, 
	0x0013, 0x01C7, 0x0012, 0x01DA, 0x0013, 0x01EC, 0x0013, 0x01FF, 0x0012, 
	0x0212, 0x0013, 0x0224, 0x000D, 0x0237, 0x000E, 0x0244, 0x0001, 0x0252, 
	0x0013, 0x0253, 0x0013, 0x0266, 0x0013, 0x0279, 0x0012, 0x028C, 0x0013, 
	0x029E, 0x0013, 0x02B1, 0x0013, 0x02C4, 0x0013, 0x02D7, 0x0013, 0x02EA, 
	

});
smlua_anim_util_register_animation('cr_anim_davy_hold_pickup',1, 0, 0, 0, 10, { 
	0x0000, 0x0000, 0x0001, 0x0001, 0x0002, 0x0002, 0x0003, 0x0003, 0x0002, 
	0x0000, 0x0098, 0x009A, 0x009B, 0x009B, 0x009A, 0x0015, 0x001A, 0x001F, 
	0x0020, 0x0019, 0x000F, 0x0004, 0xFFFE, 0xFFFF, 0x0003, 0x0007, 0x0000, 
	0x3FFF, 0x0000, 0x17E6, 0x1588, 0x135F, 0x10A3, 0x0D8C, 0x0A54, 0x0733, 
	0x0461, 0x0218, 0x008F, 0xFFFF, 0x00F4, 0xFED8, 0xFE7E, 0xFE63, 0xFE7B, 
	0xFEB6, 0xFF06, 0xFF5E, 0xFFAE, 0xFFE9, 0xFFFF, 0x56B3, 0x582E, 0x55D4, 
	0x523F, 0x4DD7, 0x4902, 0x4428, 0x3FAE, 0x3BFD, 0x397A, 0x388D, 0x1F34, 
	0x232F, 0x2941, 0x2F6D, 0x30EF, 0x2A5B, 0x1F1E, 0x14B6, 0x0BB7, 0x038E, 
	0xFFFF, 0xEFAA, 0xEDC2, 0xF1A3, 0xF683, 0xF9FE, 0xFA90, 0xF9BC, 0xF9A7, 
	0xFBBE, 0xFE93, 0xFFFF, 0x184B, 0x1154, 0x0DC3, 0x0ADD, 0x088D, 0x0772, 
	0x06ED, 0x0507, 0xFF7A, 0xF88C, 0xF526, 0xD7ED, 0xDA07, 0xD6D4, 0xD2CC, 
	0xD31D, 0xD95F, 0xE280, 0xECB9, 0xF63D, 0xFD42, 0x0000, 0xFC02, 0xF9D1, 
	0xFA73, 0xFC5D, 0xFDD8, 0xFE7B, 0xFF03, 0xFF6F, 0xFFBF, 0xFFEF, 0xFFFF, 
	0xF088, 0xEF89, 0xF038, 0xF257, 0xF592, 0xFA20, 0xFFD8, 0x05D7, 0x0B3A, 
	0x0F1C, 0x109A, 0x0001, 0xFFFE, 0xC117, 0xC170, 0xC260, 0xC390, 0xC4E8, 
	0xC64F, 0xC7AC, 0xC8E6, 0xC9E5, 0xCA90, 0xCACF, 0xB560, 0xB8DB, 0xC24D, 
	0xD038, 0xE11F, 0xF383, 0x05E8, 0x16CF, 0x24BA, 0x2E2C, 0x31A6, 0x97BE, 
	0x9860, 0x9A15, 0x9C99, 0x9FA8, 0xA2FB, 0xA64F, 0xA95D, 0xABE2, 0xAD97, 
	0xAE38, 0x0416, 0x0285, 0xFE43, 0xF7FF, 0xF062, 0xE81A, 0xDFD2, 0xD836, 
	0xD1F1, 0xCDB1, 0xCC20, 0xFFFF, 0x0000, 0x0000, 0x0000, 0xFFFF, 0x0000, 
	0xFFFF, 0xFFFF, 0x0000, 0x0000, 0x0000, 0x0000, 0xFFFF, 0xFFFF, 0xFFFF, 
	0x0000, 0xDD72, 0xDD1E, 0xDC3B, 0xDAED, 0xD956, 0xD79C, 0xD5E2, 0xD44C, 
	0xD2FD, 0xD21A, 0xD1C6, 0xE572, 0xDAF1, 0xD9CA, 0xDA20, 0xDB96, 0xD826, 
	0xCF8F, 0xC464, 0xB93A, 0xB0A3, 0xAD33, 0xF159, 0xEE81, 0xEEE2, 0xEFE5, 
	0xF15C, 0xEFB4, 0xEB91, 0xE630, 0xE0D0, 0xDCAC, 0xDB05, 0xF24F, 0xF3C5, 
	0xF325, 0xF20C, 0xF0A1, 0xF230, 0xF617, 0xFB28, 0x003B, 0x0421, 0x05B0, 
	0x0001, 0xFFFE, 0xC170, 0xC170, 0xC13A, 0xC103, 0xC170, 0xC2BB, 0xC480, 
	0xC66D, 0xC832, 0xC97E, 0xC9FE, 0xF162, 0xF4DB, 0xF4EB, 0xF4D1, 0xF496, 
	0xD5CF, 0x1D62, 0xFF10, 0x1FF1, 0xDCFD, 0xFDDD, 0x1B87, 0x1AFD, 0x195D, 
	0x1778, 0x156F, 0x1FD7, 0x4CD5, 0x426C, 0x472F, 0x2FF9, 0x2B37, 0x882E, 
	0x8A3E, 0x8AF2, 0x8BAC, 0x8C63, 0x7411, 0xC6E4, 0xAE91, 0xBE26, 0x5B16, 
	0x6AAA, 0x0000, 0x0000, 0xFFFF, 0xFFFF, 0x0000, 0x0000, 0x0000, 0xFFFF, 
	0x0000, 0x0000, 0xFFFF, 0x0000, 0xFFFF, 0x0000, 0xFFFF, 0x0000, 0x0000, 
	0x0000, 0x0000, 0xFFFF, 0x0000, 0xFFFF, 0xE4C3, 0xDD74, 0xD883, 0xD4CA, 
	0xD475, 0xD3A4, 0xD20D, 0xD01A, 0xCE33, 0xCCC2, 0xCC30, 0x1EB5, 0x1CF7, 
	0x135E, 0x05FB, 0xFE1C, 0x3EB2, 0x567D, 0x59E3, 0x4EBC, 0x3A06, 0x2EDF, 
	0x1399, 0x1264, 0x0CC6, 0x04EC, 0xFFF4, 0x114D, 0x1790, 0x18E2, 0x1A34, 
	0x1BB8, 0x1C72, 0xF0F7, 0xF6A6, 0xF621, 0xF28E, 0xEFD6, 0xF324, 0xFB66, 
	0x0624, 0x10E1, 0x1924, 0x1C72, 0x0000, 0x0000, 0xFFFF, 0xFFFF, 0x0000, 
	0xFFFF, 0x0000, 0xFFFF, 0x0000, 0xFFFF, 0x0000, 0xFFFF, 0xFFFF, 0x0000, 
	0x0000, 0xFFFF, 0xBF5E, 0xF5C6, 0xF370, 0xF066, 0xECA3, 0xE892, 0xE49C, 
	0xE12D, 0xDE0F, 0xDB26, 0xD8FE, 0xD826, 0x05EF, 0x046A, 0x00A2, 0xFB07, 
	0xF4B7, 0xEED1, 0xEA75, 0xE82D, 0xE757, 0xE74F, 0xE771, 0x9802, 0x9A05, 
	0x9BC8, 0x9DBB, 0x9FFF, 0xA2B4, 0xA5FE, 0xAB3E, 0xB218, 0xB80A, 0xBA93, 
	0x0000, 0x0000, 0xFFFF, 0x0000, 0x0000, 0x0000, 0xFFFF, 0x0000, 0xFFFF, 
	0x0000, 0xFFFF, 0xFFFF, 0x0000, 0xFFFF, 0xFFFF, 0x0000, 0xFFFF, 0x0000, 
	0xFFFF, 0x0000, 0x2C93, 0x2C73, 0x2DD5, 0x2FBB, 0x31D3, 0x33CE, 0x355B, 
	0x3664, 0x3712, 0x3770, 0x378C, 0xFDB9, 0xFE35, 0xFF2A, 0x0066, 0x01A3, 
	0x029B, 0x0309, 0x026A, 0x00F7, 0xFF7F, 0xFED3, 0x008F, 0x00E0, 0x0153, 
	0x01D5, 0x024A, 0x0296, 0x029E, 0x0213, 0x010E, 0x0012, 0xFFA1, 0xB78B, 
	0xB310, 0xB2C3, 0xB390, 0xB4DD, 0xB614, 0xB69D, 0xB60E, 0xB4D3, 0xB398, 
	0xB309, 0x0000, 0x0000, 0xFFFF, 0xFFFF, 0x0000, 0xFFFF, 0x0000, 0xFFFF, 
	0x0000, 0xFFFF, 0x0000, 0xFFFF, 0xFFFF, 0x0000, 0x0000, 0xFFFF, 0xBF5E, 
	0x08EE, 0x0B34, 0x0C46, 0x0AD0, 0x081E, 0x05DA, 0x05AF, 0x0951, 0x0F70, 
	0x1533, 0x17C1, 0x124E, 0x129E, 0x1379, 0x1578, 0x1811, 0x1A62, 0x1B8B, 
	0x1ACF, 0x18D1, 0x16C0, 0x15CC, 0xC173, 0xC1AC, 0xBF0A, 0xB722, 0xAC6A, 
	0xA280, 0x9D04, 0x9E99, 0xA4C1, 0xAB6C, 0xAE8D, 0xFFFF, 0xFFFF, 0x0000, 
	0xFFFF, 0x0000, 0xFFFF, 0xFFFF, 0xFFFF, 0xFFFF, 0xFFFF, 0x0000, 0x0000, 
	0xFFFF, 0x0000, 0x0000, 0x0000, 0x0000, 0x0000, 0x0000, 0xFFFF, 0x39F8, 
	0x34AF, 0x3E0F, 0x415B, 0x435C, 0x42FA, 0x3641, 0x33F8, 0x3312, 0x32F8, 
	0x3311, 0x000B, 0x002D, 0x0108, 0x01DE, 0x02B6, 0x0386, 0x0444, 0x0480, 
	0x0310, 0x015D, 0x008C, 0xFF36, 0xFF3B, 0xFF47, 0xFEB6, 0xFE03, 0xFD6A, 
	0xFD2B, 0xFF55, 0x0059, 0x011E, 0x016D, 0xC434, 0xC09A, 0xBB78, 0xBB1C, 
	0xBB95, 0xBBE5, 0xBB0E, 0xB2B8, 0xB513, 0xB94F, 0xBB93, 

},{ 
	0x000A, 0x0000, 0x0005, 0x000A, 0x000B, 0x000F, 0x0001, 0x001A, 0x0001, 
	0x001B, 0x0001, 0x001C, 0x000B, 0x001D, 0x000B, 0x0028, 0x000B, 0x0033, 
	0x000B, 0x003E, 0x000B, 0x0049, 0x000B, 0x0054, 0x000B, 0x005F, 0x000B, 
	0x006A, 0x000B, 0x0075, 0x0001, 0x0080, 0x0001, 0x0081, 0x000B, 0x0082, 
	0x000B, 0x008D, 0x000B, 0x0098, 0x000B, 0x00A3, 0x0009, 0x00AE, 0x0007, 
	0x00B7, 0x000B, 0x00BE, 0x000B, 0x00C9, 0x000B, 0x00D4, 0x000B, 0x00DF, 
	0x0001, 0x00EA, 0x0001, 0x00EB, 0x000B, 0x00EC, 0x000B, 0x00F7, 0x000B, 
	0x0102, 0x000B, 0x010D, 0x000B, 0x0118, 0x000B, 0x0123, 0x000B, 0x012E, 
	0x000B, 0x0139, 0x000B, 0x0144, 0x000B, 0x014F, 0x0009, 0x015A, 0x0007, 
	0x0163, 0x0001, 0x016A, 0x000B, 0x016B, 0x000B, 0x0176, 0x000B, 0x0181, 
	0x000B, 0x018C, 0x0009, 0x0197, 0x000B, 0x01A0, 0x000B, 0x01AB, 0x000B, 
	0x01B6, 0x000B, 0x01C1, 0x0009, 0x01CC, 0x0007, 0x01D5, 0x0001, 0x01DC, 
	0x000B, 0x01DD, 0x000B, 0x01E8, 0x000B, 0x01F3, 0x000B, 0x01FE, 0x0009, 
	0x0209, 0x000B, 0x0212, 0x000B, 0x021D, 0x000B, 0x0228, 0x000B, 0x0233, 
	

});
smlua_anim_util_register_animation('cr_anim_davy_hold_place',1, 0, 0, 0, 15, { 
	0x0000, 0x009E, 0x0099, 0x0095, 0x0090, 0x008C, 0x0088, 0x0083, 0x0083, 
	0x0084, 0x008B, 0x0093, 0x0099, 0x00A0, 0x00A6, 0x00AA, 0x00AC, 0x0007, 
	0x0003, 0xFFFF, 0xFFFA, 0xFFF4, 0xFFEF, 0xFFEB, 0xFFEA, 0xFFEB, 0xFFEE, 
	0xFFF1, 0xFFF4, 0xFFF8, 0xFFFB, 0xFFFE, 0xFFFF, 0x0000, 0x3FFF, 0x0000, 
	0xFFFF, 0xFFFF, 0xFFFF, 0xFFFF, 0xFFFF, 0xFFFF, 0xFFFF, 0xFFFF, 0xFFFF, 
	0xFFFF, 0xFFFF, 0xFFFF, 0x0000, 0xFFFF, 0x3979, 0x39EF, 0x3A75, 0x3B08, 
	0x3BA4, 0x3C45, 0x3CE8, 0x3D8A, 0x3E26, 0x3EB9, 0x3F3F, 0x3FB5, 0x4017, 
	0x4061, 0x4090, 0x40A1, 0x0000, 0x0000, 0x0000, 0x0000, 0xFFFF, 0x0000, 
	0x0000, 0x0000, 0x0000, 0xFFFF, 0x0000, 0x0000, 0xFFFF, 0x0000, 0x0000, 
	0x0000, 0xFFFF, 0x0000, 0x0000, 0xFFFF, 0xFFFF, 0x0000, 0xFFFF, 0xFFFF, 
	0x0000, 0xFFFF, 0x0000, 0xFFFF, 0x0000, 0xFFFF, 0xF526, 0xF9F9, 0x0051, 
	0x0781, 0x0ED8, 0x15A7, 0x1B40, 0x1CF9, 0x1B40, 0x18A0, 0x1548, 0x11A1, 
	0x0E13, 0x0B07, 0x08E7, 0x081A, 0x0000, 0x0000, 0x0000, 0xFFFF, 0x0000, 
	0x0000, 0x0000, 0xFFFF, 0x0000, 0x0000, 0x0000, 0x0000, 0x0000, 0xFFFF, 
	0x0000, 0x0000, 0xFFFF, 0xFFFF, 0xFFFF, 0x0000, 0x0000, 0x0000, 0xFFFF, 
	0xFFFF, 0x0000, 0x0000, 0xFFFF, 0x0000, 0x0000, 0x0000, 0xFFFF, 0x109A, 
	0x102A, 0x0F4F, 0x0E1B, 0x0C9C, 0x0AE4, 0x0902, 0x0655, 0x02D4, 0xFF76, 
	0xFD30, 0xFC35, 0xFBE4, 0xFBFD, 0xFC3D, 0xFC61, 0xFFFE, 0x0001, 0xCACF, 
	0xCA47, 0xC8E6, 0xC700, 0xC4E8, 0xC2F2, 0xC170, 0xC125, 0xC170, 0xEC98, 
	0xECD1, 0xED72, 0xEE68, 0xEFA4, 0xF113, 0xF2A5, 0xF448, 0xF5EB, 0xF77C, 
	0xF8EC, 0xFA27, 0xFB1E, 0xFBBF, 0xFBF8, 0xFB1C, 0xDB3D, 0xDB3C, 0xDB38, 
	0xDB2B, 0xDB13, 0xDAEC, 0xDAB0, 0xDA5E, 0xD9F0, 0xD963, 0xD8B2, 0xD7DB, 
	0xD6D9, 0xD5A8, 0xD444, 0xD2DB, 0x1233, 0x1143, 0x0EA5, 0x0A9F, 0x057A, 
	0xFF7C, 0xF8F0, 0xF21C, 0xEB48, 0xE4BC, 0xDEBF, 0xD99A, 0xD594, 0xD2F6, 
	0xD206, 0xD4B3, 0x0000, 0xFFFF, 0xFFFF, 0x0000, 0x0000, 0x0000, 0xFFFF, 
	0xFFFF, 0x0000, 0x0000, 0xFFFF, 0xFFFF, 0x0000, 0x0000, 0xFFFF, 0x0000, 
	0xFFFF, 0x0000, 0xFFFF, 0x0000, 0xFFFF, 0x0000, 0x0000, 0x0000, 0xFFFF, 
	0x0000, 0xFFFF, 0x0000, 0xC3CB, 0xC3EA, 0xC441, 0xC4C5, 0xC56F, 0xC634, 
	0xC70C, 0xC7ED, 0xC8CE, 0xC9A6, 0xCA6C, 0xCB15, 0xCB9A, 0xCBF0, 0xCC0F, 
	0xCA4E, 0xE295, 0xE2F5, 0xE403, 0xE5A4, 0xE7BD, 0xEA35, 0xECEF, 0xEFD2, 
	0xF2C2, 0xF5A4, 0xF85F, 0xFAD6, 0xFCF0, 0xFE91, 0xFF9F, 0x0000, 0xF9B5, 
	0xF9B5, 0xF9B3, 0xF9AF, 0xF9AB, 0xF9A6, 0xF9A1, 0xF99B, 0xF995, 0xF990, 
	0xF98A, 0xF985, 0xF981, 0xF97E, 0xF97C, 0xF97B, 0xE2A6, 0xE2C9, 0xE32D, 
	0xE3C8, 0xE48F, 0xE579, 0xE67C, 0xE78D, 0xE8A4, 0xE9B5, 0xEAB8, 0xEBA2, 
	0xEC69, 0xED04, 0xED68, 0xED8B, 0xFFFE, 0x0001, 0xC9FE, 0xC982, 0xC840, 
	0xC684, 0xC49B, 0xC2D0, 0xC170, 0xC12B, 0xC170, 0xFDDD, 0xFD75, 0xFC68, 
	0xFAF8, 0xF968, 0xF7F8, 0xF6EB, 0xF683, 0xF6CB, 0xF8C8, 0xFB50, 0xFE14, 
	0x00C5, 0x0314, 0x04B0, 0x054B, 0x2B35, 0x29A8, 0x25A8, 0x2030, 0x1A3B, 
	0x14C3, 0x10C3, 0x0F36, 0x0FE6, 0x13BA, 0x189B, 0x1DF0, 0x231F, 0x2791, 
	0x2AAB, 0x2BD6, 0x7D27, 0x7E98, 0x8256, 0x877F, 0x8D34, 0x9293, 0x96BD, 
	0x98D0, 0x99E4, 0xA0E3, 0xA9CE, 0xB38C, 0xBD07, 0xC526, 0xCAD3, 0xCCF5, 
	0x0000, 0x0000, 0x0000, 0x0000, 0xFFFF, 0x0000, 0x0000, 0x0000, 0x0000, 
	0x0000, 0x0000, 0x0000, 0xFFFF, 0x0000, 0xFFFF, 0xFFFF, 0x0000, 0xFFFF, 
	0xFFFF, 0xFFFF, 0xFFFF, 0xFFFF, 0x0000, 0x0000, 0x0000, 0x0000, 0xFFFF, 
	0x0000, 0xCC30, 0xCD8D, 0xD111, 0xD5E0, 0xDB1E, 0xDFED, 0xE371, 0xE4CE, 
	0xE462, 0xE079, 0xDB7E, 0xD60D, 0xD0C2, 0xCC39, 0xC90E, 0xC7DC, 0x2EDF, 
	0x2D00, 0x2826, 0x2175, 0x1A11, 0x131F, 0x0DC1, 0x0B1C, 0x0ACF, 0x0954, 
	0x0771, 0x0561, 0x035F, 0x01A7, 0x0073, 0x0000, 0x1BBF, 0x1A59, 0x16BC, 
	0x11C9, 0x0C5F, 0x075F, 0x03A9, 0x021C, 0x020D, 0x01C5, 0x0169, 0x0105, 
	0x00A3, 0x0050, 0x0015, 0xFFFF, 0x1D28, 0x1A86, 0x13BB, 0x0A72, 0x0053, 
	0xF709, 0xF03E, 0xED9C, 0xEDD1, 0xEED7, 0xF024, 0xF191, 0xF2F4, 0xF424, 
	0xF4F8, 0xF548, 0x0000, 0x0000, 0xFFFF, 0xFFFF, 0xFFFF, 0xFFFF, 0x0000, 
	0xFFFF, 0x0000, 0x0000, 0xFFFF, 0x0000, 0xFFFF, 0x0000, 0x0000, 0x0000, 
	0xFFFF, 0xFFFF, 0xFFFF, 0x0000, 0x0000, 0xFFFF, 0x0000, 0xFFFF, 0x0000, 
	0x0000, 0xFFFF, 0x0000, 0x0000, 0xFFFF, 0xBF5E, 0xD826, 0xD9D0, 0xDBE8, 
	0xDE39, 0xE091, 0xE2BD, 0xE48A, 0xE553, 0xE48A, 0xE296, 0xE019, 0xDD61, 
	0xDABC, 0xD877, 0xD6E2, 0xD649, 0xE771, 0xE60A, 0xE4AF, 0xE365, 0xE231, 
	0xE117, 0xE01B, 0xDF8A, 0xE01B, 0xE1C5, 0xE3E4, 0xE635, 0xE876, 0xEA64, 
	0xEBBE, 0xEC40, 0xBA93, 0xB706, 0xB28D, 0xAD96, 0xA890, 0xA3E7, 0xA00B, 
	0x9E9E, 0xA00B, 0xA300, 0xA6C4, 0xAAE2, 0xAEE3, 0xB251, 0xB4B6, 0xB59D, 
	0x0000, 0x0000, 0x0000, 0xFFFF, 0xFFFF, 0xFFFF, 0xFFFF, 0xFFFF, 0xFFFF, 
	0x0000, 0xFFFF, 0x0000, 0x0000, 0xFFFF, 0xFFFF, 0x0000, 0xFFFF, 0xFFFF, 
	0xFFFF, 0xFFFF, 0x0000, 0x0000, 0xFFFF, 0xFFFF, 0x0000, 0x0000, 0xFFFF, 
	0x378C, 0x3AA9, 0x3D22, 0x3F20, 0x40CA, 0x424A, 0x43C5, 0x4500, 0x43C5, 
	0x3F95, 0x3A3F, 0x346B, 0x2EBF, 0x29E3, 0x267E, 0x2537, 0xFED3, 0xFF74, 
	0x0051, 0x0150, 0x0256, 0x0349, 0x040F, 0x0456, 0x040F, 0x0381, 0x02CB, 
	0x0205, 0x0144, 0x009E, 0x002B, 0xFFFF, 0xFFA1, 0xFFAF, 0xFFCA, 0xFFEC, 
	0x0012, 0x0035, 0x0051, 0x0058, 0x0051, 0x0046, 0x0037, 0x0028, 0x0019, 
	0x000C, 0x0003, 0xFFFF, 0xB309, 0xB28C, 0xB2F2, 0xB3EA, 0xB525, 0xB650, 
	0xB71D, 0xB704, 0xB71D, 0xB83A, 0xB9A6, 0xBB33, 0xBCB6, 0xBE01, 0xBEE8, 
	0xBF3F, 0x0000, 0x0000, 0xFFFF, 0xFFFF, 0xFFFF, 0xFFFF, 0x0000, 0xFFFF, 
	0x0000, 0x0000, 0xFFFF, 0x0000, 0xFFFF, 0x0000, 0x0000, 0x0000, 0xFFFF, 
	0xFFFF, 0xFFFF, 0x0000, 0x0000, 0xFFFF, 0x0000, 0xFFFF, 0x0000, 0x0000, 
	0xFFFF, 0x0000, 0x0000, 0xFFFF, 0xBF5E, 0x17C1, 0x164C, 0x149B, 0x12CF, 
	0x1107, 0x0F61, 0x0DFE, 0x0D53, 0x0DFE, 0x0FC7, 0x120E, 0x148B, 0x16F7, 
	0x190A, 0x1A7D, 0x1B09, 0x15CC, 0x15F9, 0x15B9, 0x1533, 0x148E, 0x13F2, 
	0x1384, 0x1382, 0x1384, 0x1335, 0x12D1, 0x1263, 0x11F8, 0x119C, 0x115C, 
	0x1144, 0xAE8D, 0xAAF2, 0xA6B8, 0xA231, 0x9DAF, 0x9985, 0x9603, 0x94A1, 
	0x9603, 0x9910, 0x9CF2, 0xA131, 0xA552, 0xA8DC, 0xAB55, 0xAC43, 0x0000, 
	0xFFFF, 0xFFFF, 0xFFFF, 0xFFFF, 0x0000, 0xFFFF, 0x0000, 0xFFFF, 0xFFFF, 
	0xFFFF, 0xFFFF, 0x0000, 0x0000, 0x0000, 0xFFFF, 0xFFFF, 0x0000, 0xFFFF, 
	0x0000, 0x0000, 0x0000, 0xFFFF, 0x0000, 0xFFFF, 0x0000, 0xFFFF, 0x3311, 
	0x35D0, 0x383D, 0x3A64, 0x3C52, 0x3E12, 0x3FB2, 0x4105, 0x3FB2, 0x3B1E, 
	0x3549, 0x2EE9, 0x28B6, 0x2365, 0x1FAF, 0x1E4A, 0x008C, 0xFFF2, 0xFF24, 
	0xFE38, 0xFD46, 0xFC66, 0xFBAE, 0xFB69, 0xFBAE, 0xFC46, 0xFD07, 0xFDDA, 
	0xFEA7, 0xFF57, 0xFFD1, 0xFFFF, 0x016D, 0x0124, 0x00BE, 0x0047, 0xFFCC, 
	0xFF59, 0xFEFC, 0xFEE7, 0xFEFC, 0xFF03, 0xFF0C, 0xFF16, 0xFF1F, 0xFF27, 
	0xFF2D, 0xFF2F, 0xBB93, 0xBB5D, 0xBBAB, 0xBC4D, 0xBD14, 0xBDD1, 0xBE55, 
	0xBE19, 0xBE55, 0xBFE9, 0xC1EB, 0xC41D, 0xC640, 0xC815, 0xC95C, 0xC9D7, 
	

},{ 
	0x0001, 0x0000, 0x0010, 0x0001, 0x0010, 0x0011, 0x0001, 0x0021, 0x0001, 
	0x0022, 0x0001, 0x0023, 0x000D, 0x0024, 0x0001, 0x0031, 0x0010, 0x0032, 
	0x000E, 0x0042, 0x0010, 0x0050, 0x0010, 0x0060, 0x000F, 0x0070, 0x0010, 
	0x007F, 0x0010, 0x008F, 0x0001, 0x009F, 0x0001, 0x00A0, 0x0009, 0x00A1, 
	0x0010, 0x00AA, 0x0010, 0x00BA, 0x0010, 0x00CA, 0x000D, 0x00DA, 0x000F, 
	0x00E7, 0x0010, 0x00F6, 0x0010, 0x0106, 0x0010, 0x0116, 0x0010, 0x0126, 
	0x0001, 0x0136, 0x0001, 0x0137, 0x0009, 0x0138, 0x0010, 0x0141, 0x0010, 
	0x0151, 0x0010, 0x0161, 0x000E, 0x0171, 0x000E, 0x017F, 0x0010, 0x018D, 
	0x0010, 0x019D, 0x0010, 0x01AD, 0x0010, 0x01BD, 0x000E, 0x01CD, 0x0010, 
	0x01DB, 0x0001, 0x01EB, 0x0010, 0x01EC, 0x0010, 0x01FC, 0x0010, 0x020C, 
	0x000B, 0x021C, 0x0010, 0x0227, 0x0010, 0x0237, 0x0010, 0x0247, 0x0010, 
	0x0257, 0x0010, 0x0267, 0x000E, 0x0277, 0x0010, 0x0285, 0x0001, 0x0295, 
	0x0010, 0x0296, 0x0010, 0x02A6, 0x0010, 0x02B6, 0x0010, 0x02C6, 0x000B, 
	0x02D6, 0x0010, 0x02E1, 0x0010, 0x02F1, 0x0010, 0x0301, 0x0010, 0x0311, 
	

});
smlua_anim_util_register_animation('cr_anim_davy_hold_getup',1, 0, 0, 0, 13, { 
	0x0000, 0x0036, 0x0036, 0x0036, 0x003D, 0x004D, 0x005C, 0x0067, 0x0075, 
	0x008C, 0x009E, 0x00A1, 0x009D, 0x009A, 0x0000, 0x0000, 0x0000, 0x0000, 
	0x0001, 0x0001, 0x0002, 0x0003, 0x0004, 0x0005, 0x0006, 0x0006, 0x0007, 
	0x0000, 0x3FFF, 0x0000, 0x0000, 0x0000, 0x0000, 0x0000, 0x0000, 0xFFFF, 
	0xFFFF, 0x1E68, 0x1D8E, 0x1E68, 0x2226, 0x2672, 0x2B15, 0x2FDD, 0x3495, 
	0x3907, 0x3D00, 0x3BBD, 0x3A6B, 0x3921, 0x388D, 0xFFFF, 0xFFA8, 0xFF39, 
	0xFF1B, 0xFF15, 0xFF15, 0xFF1B, 0xFF33, 0xFF5D, 0xFF93, 0xFFC7, 0xFFF0, 
	0xFFFF, 0xFCBD, 0xFCB1, 0xFCD5, 0xFD5A, 0xFE05, 0xFEA6, 0xFF31, 0xFF8F, 
	0xFFBA, 0xFFDA, 0xFFF0, 0xFFFC, 0xFFFF, 0x13EC, 0x1831, 0x1DBB, 0x1F39, 
	0x1FAB, 0x20A4, 0x2596, 0x268C, 0x1D6F, 0x10B0, 0x038E, 0xF94B, 0xF526, 
	0xFE8D, 0xFE61, 0xFE44, 0xFE69, 0xFE9A, 0xFED1, 0xFF0C, 0xFF48, 0xFF81, 
	0xFFB3, 0xFFDB, 0xFFF6, 0xFFFF, 0x0000, 0x02EB, 0x02E6, 0x02C2, 0x027C, 
	0x0229, 0x01CE, 0x0170, 0x0113, 0x00BD, 0x0071, 0x0035, 0x000E, 0xFFFF, 
	0x054A, 0x0303, 0x0135, 0x0267, 0x0404, 0x05EB, 0x07FC, 0x0A15, 0x0C17, 
	0x0DDF, 0x0F4D, 0x1041, 0x109A, 0xFFFE, 0x0001, 0xC170, 0xC19F, 0xC221, 
	0xC2E6, 0xC3DE, 0xC4F6, 0xC61F, 0xC748, 0xC861, 0xC958, 0xCA1D, 0xCA9F, 
	0xCACF, 0x25D3, 0x282E, 0x2EBC, 0xB8B9, 0xC564, 0xD3F7, 0xE3AF, 0xF3C9, 
	0x0382, 0x1215, 0x1EC0, 0x28BD, 0x2F4C, 0x31A6, 0xF0A5, 0xF020, 0xEEAD, 
	0x9386, 0x9652, 0x9989, 0x9D02, 0xA090, 0xA408, 0xA740, 0xAA0C, 0xAC41, 
	0xADB3, 0xAE38, 0x828D, 0x81A3, 0x7F16, 0xFB31, 0xF643, 0xF097, 0xEA79, 
	0xE434, 0xDE16, 0xD869, 0xD37B, 0xCF97, 0xCD0A, 0xCC20, 0x0000, 0x0000, 
	0x0000, 0x0000, 0xFFFF, 0x0000, 0x0000, 0xFFFF, 0xFFFF, 0xFFFF, 0xFFFF, 
	0xFFFF, 0xFFFF, 0x0000, 0x0000, 0x0000, 0xFFFF, 0x0000, 0x0000, 0xFFFF, 
	0x0000, 0x0000, 0xFFFF, 0x0000, 0x0000, 0xFFFF, 0x0000, 0xE9FF, 0xE997, 
	0xE874, 0xE6B9, 0xE487, 0xE201, 0xDF48, 0xDC7E, 0xD9C5, 0xD73E, 0xD50D, 
	0xD351, 0xD22F, 0xD1C6, 0xDFBF, 0xDEE5, 0xDC87, 0xD8EA, 0xD456, 0xCF11, 
	0xC962, 0xC390, 0xBDE1, 0xB89C, 0xB408, 0xB06B, 0xAE0D, 0xAD33, 0xF9D6, 
	0xF951, 0xF7DF, 0xF5AC, 0xF2E1, 0xEFAB, 0xEC34, 0xE8A7, 0xE530, 0xE1FA, 
	0xDF2F, 0xDCFC, 0xDB8A, 0xDB05, 0xF87A, 0xF8B3, 0xF951, 0xFA43, 0xFB75, 
	0xFCD6, 0xFE52, 0xFFD7, 0x0155, 0x02B5, 0x03E7, 0x04D9, 0x0577, 0x05B0, 
	0xFFFE, 0x0001, 0xC170, 0xC19B, 0xC212, 0xC2C6, 0xC3A8, 0xC4A8, 0xC5B7, 
	0xC6C6, 0xC7C6, 0xC8A8, 0xC95C, 0xC9D3, 0xC9FE, 0x3BD6, 0x3AC9, 0x37DC, 
	0x3367, 0x2DC0, 0x2740, 0x203D, 0x190E, 0x120A, 0x0B8A, 0x05E3, 0x016E, 
	0xFE80, 0xFD73, 0x6A91, 0x697F, 0x6687, 0x6200, 0x5C43, 0x55A9, 0x4E89, 
	0x473E, 0x401F, 0x3984, 0x33C7, 0x2F40, 0x2C48, 0x2B37, 0xFD16, 0xFA9F, 
	0xF3C1, 0xE94B, 0xDC08, 0xCCC5, 0xBC4E, 0xAB72, 0x9AFC, 0x8BB9, 0x7E75, 
	0x73FF, 0x6D22, 0x6AAA, 0x0000, 0x0000, 0xFFFF, 0x0000, 0x0000, 0xFFFF, 
	0xFFFF, 0xFFFF, 0x0000, 0xFFFF, 0xFFFF, 0x0000, 0x0000, 0xFFFF, 0xFFFF, 
	0xFFFF, 0x0000, 0x0000, 0x0000, 0xFFFF, 0xFFFF, 0xFFFF, 0xFFFF, 0x0000, 
	0x0000, 0x0000, 0x0000, 0xFFFF, 0xEB38, 0xEAB2, 0xE93E, 0xE706, 0xE437, 
	0xE0FA, 0xDD7D, 0xD9EA, 0xD66D, 0xD331, 0xD062, 0xCE2A, 0xCCB6, 0xCC30, 
	0x3E9F, 0x3E5B, 0x3D9E, 0x3C7E, 0x3B10, 0x396C, 0x37A7, 0x35D7, 0x3411, 
	0x326D, 0x3100, 0x2FE0, 0x2F23, 0x2EDF, 0x0F58, 0x0F8D, 0x1022, 0x1105, 
	0x1225, 0x1370, 0x14D5, 0x1642, 0x17A7, 0x18F2, 0x1A12, 0x1AF5, 0x1B8A, 
	0x1BBF, 0x057C, 0x05E1, 0x06FB, 0x08A8, 0x0AC7, 0x0D39, 0x0FDC, 0x1290, 
	0x1533, 0x17A4, 0x19C4, 0x1B71, 0x1C8B, 0x1CF0, 0x0000, 0xFFF9, 0x0000, 
	0x0026, 0x005A, 0x0089, 0x00B5, 0x00C7, 0x0096, 0x0058, 0x002F, 0x000E, 
	0xFFFF, 0x0000, 0xFFFF, 0xFF48, 0xFFFF, 0x0411, 0x0968, 0x0E57, 0x12F3, 
	0x14D5, 0x0FBF, 0x0938, 0x04FA, 0x0176, 0xFFFF, 0xBF5E, 0xBF5A, 0xBF5E, 
	0xBF77, 0xBF98, 0xBFB6, 0xBFD3, 0xBFDE, 0xBFBF, 0xBF97, 0xBF7D, 0xBF67, 
	0xBF5E, 0xFAB1, 0xFCF0, 0xFFB2, 0x002F, 0x0003, 0xFFD6, 0x0162, 0xFFE2, 
	0xF439, 0xE79F, 0xE014, 0xDA65, 0xD826, 0xF79C, 0xFB84, 0x004B, 0x0114, 
	0x00B7, 0x0058, 0x0117, 0x005E, 0xFB03, 0xF4A2, 0xEEFF, 0xE9C1, 0xE771, 
	0x9D31, 0x8FC2, 0x8106, 0x82EA, 0x89E8, 0x902A, 0x91EE, 0x94BD, 0x9E23, 
	0xA84C, 0xB066, 0xB785, 0xBA93, 0x0000, 0x0000, 0x0000, 0xFFFF, 0xFFFF, 
	0x0000, 0xFFFF, 0x0000, 0x0000, 0x0000, 0xFFFF, 0x0000, 0xFFFF, 0x0000, 
	0xFFFF, 0xFFFF, 0x0000, 0xFFFF, 0xFFFF, 0x0000, 0x0000, 0xFFFF, 0xFFFF, 
	0x0000, 0x0000, 0xFFFF, 0x0000, 0x09C7, 0x204B, 0x3DED, 0x48E5, 0x4E99, 
	0x50E8, 0x4CD2, 0x4421, 0x3937, 0x3108, 0x319A, 0x354C, 0x378C, 0x00D0, 
	0x0069, 0x0095, 0x0259, 0x04AD, 0x068B, 0x05C5, 0x07E6, 0x0A48, 0x0AE7, 
	0x06F7, 0x018D, 0xFED3, 0xFF37, 0xFF1F, 0xFF08, 0xFF0F, 0xFF22, 0xFF3F, 
	0xFF94, 0xFFA4, 0x0067, 0x00EF, 0x0098, 0xFFF8, 0xFFA1, 0xC1A9, 0xC70A, 
	0xCC41, 0xC9B7, 0xC4AC, 0xC008, 0xBE5E, 0xBF90, 0xBC8E, 0xB929, 0xB676, 
	0xB411, 0xB309, 0x0000, 0xFFFF, 0x0000, 0xFFFF, 0x0000, 0xFFFF, 0x0000, 
	0xFFFF, 0xFFFF, 0x0000, 0xFFFF, 0x0000, 0xFFFF, 0x0000, 0xFFFF, 0xFFFF, 
	0xFFFF, 0x0000, 0x0000, 0xFFFF, 0x0000, 0x0000, 0xFFFF, 0x0000, 0xFFFF, 
	0x0000, 0xFFFF, 0xBF5E, 0xFFC2, 0xFF80, 0x00AA, 0x0495, 0x0991, 0x0E04, 
	0x10BF, 0x12E8, 0x15DD, 0x180E, 0x1868, 0x180C, 0x17C1, 0x0BBA, 0x0577, 
	0xFED9, 0x0043, 0x0437, 0x0821, 0x0B4E, 0x0E01, 0x0F54, 0x1065, 0x127D, 
	0x14BF, 0x15CC, 0x9C0C, 0x8E42, 0x7F98, 0x82B9, 0x8B66, 0x9350, 0x9741, 
	0x9AC2, 0xA054, 0xA597, 0xA9AC, 0xAD1B, 0xAE8D, 0x0000, 0x0000, 0xFFFF, 
	0x0000, 0x0000, 0x0000, 0xFFFF, 0x0000, 0xFFFF, 0xFFFF, 0xFFFF, 0xFFFF, 
	0xFFFF, 0x0000, 0x0000, 0xFFFF, 0xFFFF, 0x0000, 0xFFFF, 0x0000, 0x0000, 
	0xFFFF, 0x0000, 0xFFFF, 0xFFFF, 0xFFFF, 0x0000, 0xFFFF, 0x0640, 0x1F1C, 
	0x3F4A, 0x49A5, 0x4DD5, 0x4F7A, 0x4DCA, 0x4735, 0x39E2, 0x2EA6, 0x2E01, 
	0x3106, 0x3311, 0xFFA0, 0x00AB, 0x001B, 0xFB57, 0xF50A, 0xEF94, 0xEF22, 
	0xEFEF, 0xF504, 0xF9F4, 0xFD24, 0xFF94, 0x008C, 0x0254, 0x027C, 0x025B, 
	0x01BD, 0x00DD, 0xFF88, 0xFBD4, 0xF9EB, 0xFAFF, 0xFCAF, 0xFE95, 0x0088, 
	0x016D, 0xC292, 0xC6EE, 0xCB24, 0xC939, 0xC545, 0xC11E, 0xBC96, 0xBBDC, 
	0xBF74, 0xC21A, 0xC062, 0xBD41, 0xBB93, 

},{ 
	0x0001, 0x0000, 0x000D, 0x0001, 0x000D, 0x000E, 0x0001, 0x001B, 0x0001, 
	0x001C, 0x0001, 0x001D, 0x0006, 0x001E, 0x0001, 0x0024, 0x000E, 0x0025, 
	0x000D, 0x0033, 0x000D, 0x0040, 0x000D, 0x004D, 0x000E, 0x005A, 0x000D, 
	0x0068, 0x000D, 0x0075, 0x0001, 0x0082, 0x0001, 0x0083, 0x000D, 0x0084, 
	0x000E, 0x0091, 0x000E, 0x009F, 0x000E, 0x00AD, 0x000E, 0x00BB, 0x000D, 
	0x00C9, 0x000E, 0x00D6, 0x000E, 0x00E4, 0x000E, 0x00F2, 0x000E, 0x0100, 
	0x0001, 0x010E, 0x0001, 0x010F, 0x000D, 0x0110, 0x000E, 0x011D, 0x000E, 
	0x012B, 0x000E, 0x0139, 0x000E, 0x0147, 0x000E, 0x0155, 0x000E, 0x0163, 
	0x000E, 0x0171, 0x000E, 0x017F, 0x000E, 0x018D, 0x000E, 0x019B, 0x000D, 
	0x01A9, 0x000D, 0x01B6, 0x000D, 0x01C3, 0x000D, 0x01D0, 0x000D, 0x01DD, 
	0x000D, 0x01EA, 0x000E, 0x01F7, 0x000D, 0x0205, 0x000D, 0x0212, 0x000D, 
	0x021F, 0x000D, 0x022C, 0x000E, 0x0239, 0x000D, 0x0247, 0x0001, 0x0254, 
	0x000D, 0x0255, 0x000D, 0x0262, 0x000D, 0x026F, 0x000E, 0x027C, 0x000E, 
	0x028A, 0x000D, 0x0298, 0x000D, 0x02A5, 0x000D, 0x02B2, 0x000D, 0x02BF, 
	

});
smlua_anim_util_register_animation('cr_anim_davy_hold_getup2',1, 0, 0, 0, 36, { 
	0x0000, 0x0056, 0x0056, 0x0056, 0x0057, 0x0057, 0x0057, 0x0058, 0x0058, 
	0x0059, 0x0059, 0x005A, 0x005A, 0x005A, 0x0058, 0x0055, 0x005B, 0x008D, 
	0x00AA, 0x00B3, 0x00AF, 0x00A1, 0x007D, 0x0059, 0x0060, 0x0068, 0x0071, 
	0x007A, 0x0084, 0x008D, 0x0095, 0x009A, 0x009B, 0x009C, 0x009C, 0x009B, 
	0x009B, 0x009A, 0x0000, 0x0000, 0x0000, 0x0000, 0x0000, 0x0000, 0x0000, 
	0x0000, 0x0000, 0x0000, 0x0000, 0x0000, 0x0000, 0x0000, 0x0000, 0x0000, 
	0x0000, 0x0000, 0x0000, 0x0000, 0x0000, 0x0000, 0x0001, 0x0002, 0x0002, 
	0x0003, 0x0001, 0x0000, 0x0000, 0x0003, 0x0007, 0x0006, 0x0005, 0x0003, 
	0x0001, 0x0000, 0x0000, 0x3FFF, 0x0000, 0xFFFF, 0xFFFF, 0xFFFF, 0xFFFF, 
	0xFFFF, 0xFFFF, 0xFFFF, 0xFFFF, 0xFFFF, 0xFFFF, 0xFFFF, 0xFFFF, 0xFFFF, 
	0xFFFF, 0xFFFF, 0x0000, 0x0000, 0x0000, 0x0000, 0x0000, 0x0000, 0xFFFF, 
	0xFFFF, 0x0000, 0xFFFF, 0xFFFF, 0x7F62, 0x7F64, 0x7F51, 0x7F1D, 0x7EBB, 
	0x7E1F, 0x7D3C, 0x7C06, 0x7A70, 0x786E, 0x75F3, 0x711D, 0x693E, 0x6015, 
	0x5760, 0x50DF, 0x4C6F, 0x48AD, 0x457D, 0x42C0, 0x405A, 0x3E2C, 0x3C18, 
	0x405C, 0x3F8A, 0x3DE4, 0x3CD9, 0x3C18, 0x3B97, 0x3B0F, 0x3A87, 0x3A04, 
	0x398C, 0x3925, 0x38D4, 0x38A0, 0x388D, 0x0000, 0x0000, 0x0000, 0x0000, 
	0xFFFF, 0x0000, 0xFFFF, 0xFFFF, 0x0000, 0x0000, 0x0000, 0xFFFF, 0x0000, 
	0x0000, 0x0000, 0x0000, 0xFFFF, 0xFFFF, 0xFFFF, 0x0000, 0x0000, 0x0000, 
	0xFFFF, 0xFFFF, 0x0000, 0xFFFF, 0x0000, 0xFFFF, 0xFFFF, 0x0000, 0x0000, 
	0xFFFF, 0x0000, 0xFFFF, 0xFFFF, 0x0000, 0x0000, 0x0000, 0x0000, 0xFFFF, 
	0x0000, 0x0000, 0xFFFF, 0xFFFF, 0xFFFF, 0x0000, 0xFFFF, 0xFFFF, 0x0000, 
	0xFFFF, 0xFFFF, 0xFFFF, 0x0000, 0xFFFF, 0xFFFF, 0xFFFF, 0x0000, 0xFFFF, 
	0xFFFF, 0x0000, 0x0000, 0x0000, 0x0000, 0x0000, 0x0000, 0xFFFF, 0x0000, 
	0xFFFF, 0x0000, 0xFFFF, 0xFD14, 0xFE04, 0xFEFA, 0xFFF9, 0x00FF, 0x0210, 
	0x032A, 0x0450, 0x0583, 0x06C3, 0x0811, 0x0A6E, 0x0E0D, 0x11B6, 0x1432, 
	0x144A, 0xFF03, 0xFF10, 0x0139, 0x047D, 0x07DC, 0x0A57, 0x0AEB, 0x099D, 
	0x074E, 0x044C, 0x00E2, 0xFD5D, 0xFA09, 0xF732, 0xF526, 0xF412, 0xF3C4, 
	0xF3FB, 0xF475, 0xF4EF, 0xF526, 0x01B4, 0x01B2, 0x01AF, 0x01AD, 0x01AB, 
	0x01AA, 0x01A9, 0x01AA, 0x01AC, 0x01B0, 0x01B6, 0x01C3, 0x01DA, 0x01F7, 
	0x0214, 0x022D, 0x0234, 0x0234, 0x0236, 0x0237, 0x0236, 0x0233, 0x022B, 
	0x01E7, 0x019E, 0x014F, 0x00FF, 0x00B1, 0x006A, 0x002E, 0xFFFF, 0xFFE5, 
	0xFFDE, 0xFFE3, 0xFFEF, 0xFFFA, 0x0000, 0x0165, 0x0169, 0x016F, 0x0174, 
	0x0179, 0x017C, 0x017D, 0x017C, 0x0177, 0x016E, 0x0160, 0x0141, 0x010B, 
	0x00CA, 0x0087, 0x004D, 0x0038, 0x0020, 0x000A, 0xFFF4, 0xFFDC, 0xFFC2, 
	0xFFA5, 0xFF59, 0xFF69, 0xFF81, 0xFF9D, 0xFFBA, 0xFFD6, 0xFFEE, 0xFFFF, 
	0x0008, 0x000B, 0x0009, 0x0005, 0x0001, 0xFFFF, 0xD8CA, 0xD86C, 0xD800, 
	0xD794, 0xD736, 0xD6F3, 0xD6DA, 0xD6F8, 0xD75B, 0xD810, 0xD926, 0xDBA2, 
	0xDFEE, 0xE52E, 0xEA88, 0xEF21, 0xF0C4, 0xF262, 0xF3D8, 0xF54F, 0xF6F1, 
	0xF8E5, 0xFB56, 0x03E5, 0x066F, 0x08BA, 0x0AC8, 0x0C99, 0x0E2C, 0x0F81, 
	0x109A, 0x1148, 0x1178, 0x1156, 0x1109, 0x10BD, 0x109A, 0xFFFE, 0xFFFE, 
	0xFFFE, 0xFFFE, 0xFFFE, 0xFFFE, 0xFFFE, 0xFFFE, 0xFFFE, 0xFFFE, 0xFFFE, 
	0x0005, 0x0012, 0x001B, 0x0018, 0xFFFE, 0xFF76, 0xFEE7, 0xFDDF, 0xFCFD, 
	0xFEE7, 0x05D7, 0x0FA7, 0x186F, 0x1C47, 0x1BC7, 0x1A46, 0x17F9, 0x1510, 
	0x11C1, 0x0E3D, 0x0AB7, 0x0763, 0x0474, 0x021C, 0x008E, 0xFFFE, 0x0001, 
	0x0001, 0x0001, 0x0001, 0x0001, 0x0001, 0x0001, 0x0001, 0x0001, 0x0001, 
	0x0001, 0x009C, 0x01D2, 0x02BA, 0x026C, 0x0001, 0xF32A, 0xE592, 0xE3D1, 
	0xE596, 0xE592, 0xE0D1, 0xDA04, 0xD44D, 0xD2CD, 0xD514, 0xD871, 0xDCA6, 
	0xE175, 0xE69D, 0xEBE1, 0xF102, 0xF5C0, 0xF9DE, 0xFD1D, 0xFF3D, 0x0001, 
	0xC170, 0xC170, 0xC170, 0xC170, 0xC170, 0xC170, 0xC170, 0xC170, 0xC170, 
	0xC170, 0xC170, 0xC1CB, 0xC282, 0xC30C, 0xC2DE, 0xC170, 0xB9D5, 0xB1C8, 
	0xB020, 0xB08E, 0xB1C8, 0xB377, 0xB5C5, 0xB82B, 0xBA21, 0xBBC6, 0xBD8A, 
	0xBF60, 0xC13C, 0xC311, 0xC4D1, 0xC66F, 0xC7E0, 0xC915, 0xCA02, 0xCA99, 
	0xCACF, 0x34B2, 0x34AE, 0x349A, 0x3467, 0x3409, 0x3372, 0x3295, 0x3163, 
	0x2FD1, 0x2DCF, 0x2B51, 0x275E, 0x217F, 0x1A68, 0x12D0, 0x0B6A, 0x00F7, 
	0x11C8, 0xB6C7, 0xDBC6, 0xEC98, 0xE9F4, 0xE3A9, 0xDC26, 0xD5DA, 0xD337, 
	0xD3CE, 0xD56D, 0xD7D9, 0xDAD7, 0xDE2D, 0xE1A1, 0xE4F7, 0xE7F5, 0xEA61, 
	0xEC00, 0xEC98, 0xEDCB, 0xEDD0, 0xEDDE, 0xEDF5, 0xEE15, 0xEE3C, 0xEE6B, 
	0xEEA0, 0xEEDB, 0xEF1B, 0xEF61, 0xF028, 0xF17D, 0xF2B0, 0xF315, 0xF1FD, 
	0xE305, 0xD045, 0xC010, 0xCE6C, 0xDB3D, 0xE6C9, 0xF0B2, 0xF86F, 0xFD77, 
	0xFF43, 0xFE6C, 0xFC1F, 0xF8AF, 0xF46F, 0xEFB3, 0xEACD, 0xE610, 0xE1D1, 
	0xDE61, 0xDC14, 0xDB3D, 0x4E72, 0x4F23, 0x4F4C, 0x4F25, 0x4EE6, 0x4EC5, 
	0x4EFA, 0x4FBE, 0x5147, 0x53CD, 0x5788, 0x5E59, 0x68FA, 0x75E5, 0x8395, 
	0x9088, 0x9FF2, 0x9DBC, 0x18DF, 0x1400, 0x11C7, 0x11C4, 0x11C2, 0x11C1, 
	0x11C1, 0x11C1, 0x11C1, 0x11C1, 0x11C2, 0x11C3, 0x11C3, 0x11C4, 0x11C5, 
	0x11C6, 0x11C6, 0x11C7, 0x0000, 0xFFFF, 0x0000, 0x0000, 0xFFFF, 0x0000, 
	0x0000, 0xFFFF, 0x0000, 0xFFFF, 0xFFFF, 0xFFFF, 0x0000, 0xFFFF, 0xFFFF, 
	0xFFFF, 0xFFFF, 0x0000, 0x0000, 0x0000, 0x0000, 0x0000, 0x0000, 0x0000, 
	0x0000, 0x0000, 0x0000, 0x0000, 0xFFFF, 0x0000, 0x0000, 0xFFFF, 0x0000, 
	0x0000, 0x0000, 0xFFFF, 0x0000, 0xFFFF, 0x0000, 0x0000, 0x0000, 0xFFFF, 
	0xFFFF, 0x0000, 0xFFFF, 0xFFFF, 0x0000, 0xFFFF, 0xFFFF, 0x0000, 0x0000, 
	0x0000, 0x0000, 0x0000, 0x0000, 0x0000, 0x0000, 0x0000, 0x0000, 0x0000, 
	0xFFFF, 0x0000, 0xFFFF, 0xFFFF, 0xFFFF, 0x0000, 0xFFFF, 0x0000, 0xF3AE, 
	0xF3D8, 0xF3F0, 0xF3F7, 0xF3E8, 0xF3C3, 0xF385, 0xF32C, 0xF2B6, 0xF221, 
	0xF16B, 0xEF19, 0xEAB3, 0xE5C1, 0xE1C8, 0xE04F, 0xE0B9, 0xDC34, 0xD242, 
	0xC851, 0xC3CB, 0xD8BF, 0xD8FC, 0xD951, 0xD9B6, 0xDA25, 0xDA96, 0xDB02, 
	0xDB63, 0xDBB1, 0xDBE5, 0xDBF7, 0xDBE5, 0xDBBF, 0xDBA3, 0xDBAD, 0xDBF7, 
	0xDC75, 0xDDFC, 0xE01F, 0xE205, 0xE2D7, 0xFA43, 0xFA5E, 0xFA84, 0xFAB2, 
	0xFAE4, 0xFB17, 0xFB48, 0xFB74, 0xFB97, 0xFBAE, 0xFBB7, 0xFBBA, 0xFBC1, 
	0xFBC6, 0xFBC5, 0xFBB7, 0xFB9F, 0xFB30, 0xFA8C, 0xF9F7, 0xF9B5, 0xF4F6, 
	0xF4F5, 0xF4F4, 0xF4F3, 0xF4F1, 0xF4F0, 0xF4EE, 0xF4ED, 0xF4EC, 0xF4EB, 
	0xF4EB, 0xF4FD, 0xF521, 0xF53D, 0xF533, 0xF4EB, 0xF471, 0xF0DB, 0xEAD4, 
	0xE529, 0xE2A6, 0xFFFE, 0x0001, 0xC170, 0xC170, 0xC170, 0xC170, 0xC170, 
	0xC170, 0xC170, 0xC170, 0xC170, 0xC170, 0xC170, 0xC15E, 0xC13B, 0xC121, 
	0xC12A, 0xC170, 0xC1E4, 0xC266, 0xC2F4, 0xC38A, 0xC427, 0xC4C9, 0xC56E, 
	0xC613, 0xC6B7, 0xC758, 0xC7F3, 0xC886, 0xC910, 0xC98E, 0xC9FE, 0xCA46, 
	0xCA5B, 0xCA4C, 0xCA2C, 0xCA0C, 0xC9FE, 0xBAED, 0xBADD, 0xBAB8, 0xBA90, 
	0xBA75, 0xBA77, 0xBAA8, 0xBB19, 0xBBDA, 0xBCFC, 0xBE90, 0xC1C7, 0xC6F6, 
	0xCCEA, 0xD26B, 0xD645, 0xD8D5, 0xE162, 0xEDCE, 0xF900, 0xFDDD, 0x11FA, 
	0x121E, 0x127D, 0x1307, 0x13A9, 0x1453, 0x14F2, 0x1575, 0x15CB, 0x15E1, 
	0x15A7, 0x1472, 0x1220, 0x0F6F, 0x0D1B, 0x0BE1, 0x0B83, 0x1077, 0x1B5C, 
	0x2641, 0x2B35, 0x4CB6, 0x4D69, 0x4DA2, 0x4D94, 0x4D6D, 0x4D5E, 0x4D96, 
	0x4E46, 0x4F9D, 0x51CB, 0x5501, 0x5C02, 0x676A, 0x742A, 0x7F37, 0x8581, 
	0x8820, 0x866A, 0x82A4, 0x7EDE, 0x7D27, 0x0000, 0xFFFF, 0x0000, 0x0000, 
	0x0000, 0xFFFF, 0xFFFF, 0xFFFF, 0x0000, 0xFFFF, 0xFFFF, 0xFFFF, 0xFFFF, 
	0xFFFF, 0xFFFF, 0x0000, 0x0000, 0xFFFF, 0xFFFF, 0xFFFF, 0x0000, 0x0000, 
	0xFFFF, 0x0000, 0xFFFF, 0xFFFF, 0x0000, 0x0000, 0xFFFF, 0x0000, 0xFFFF, 
	0xFFFF, 0x0000, 0x0000, 0xFFFF, 0x0000, 0xFFFF, 0xFFFF, 0xFFFF, 0x0000, 
	0xFFFF, 0xFFFF, 0x0000, 0x0000, 0xFFFF, 0xFFFF, 0x0000, 0x0000, 0xFFFF, 
	0x0000, 0x0000, 0x0000, 0x0000, 0x0000, 0x0000, 0x0000, 0xFFFF, 0xFFFF, 
	0xFFFF, 0x0000, 0x0000, 0xFFFF, 0xE52C, 0xE55A, 0xE58C, 0xE5BC, 0xE5E8, 
	0xE60A, 0xE61F, 0xE622, 0xE610, 0xE5E4, 0xE59A, 0xE47D, 0xE25F, 0xE009, 
	0xDE46, 0xDDDD, 0xDE81, 0xDBBD, 0xD5A7, 0xCF90, 0xCCCC, 0x408F, 0x4047, 
	0x3FE4, 0x3F6D, 0x3EEC, 0x3E67, 0x3DE9, 0x3D78, 0x3D1D, 0x3CE0, 0x3CCA, 
	0x3D31, 0x3DFD, 0x3E97, 0x3E64, 0x3CCA, 0x3A20, 0x369A, 0x32EE, 0x300A, 
	0x2EDF, 0x122C, 0x1225, 0x121B, 0x1210, 0x1203, 0x11F6, 0x11E9, 0x11DE, 
	0x11D5, 0x11CF, 0x11CD, 0x11EE, 0x122E, 0x125E, 0x124E, 0x11CD, 0x10F6, 
	0x12A5, 0x165B, 0x1A10, 0x1BBF, 0x143B, 0x13ED, 0x1382, 0x1302, 0x1276, 
	0x11E7, 0x115E, 0x10E4, 0x1082, 0x1040, 0x1029, 0x106F, 0x10FC, 0x1165, 
	0x1142, 0x1029, 0x0E54, 0x109C, 0x15A2, 0x1AA7, 0x1CF0, 0x0000, 0x0000, 
	0x0000, 0xFFFF, 0xFFFF, 0x0000, 0xFFFF, 0x0000, 0x0000, 0x0000, 0x0000, 
	0x0000, 0x0000, 0x0000, 0xFFFF, 0x0000, 0x0000, 0x0000, 0xFFFF, 0x0000, 
	0xFFFF, 0xFFFF, 0xFFFF, 0xFFFF, 0xFFFF, 0x0000, 0xFFFF, 0x0000, 0x0000, 
	0x0000, 0x0000, 0x0000, 0x0000, 0xFFFF, 0x0000, 0xFFFF, 0x0000, 0x0000, 
	0x0000, 0x0000, 0x0000, 0xFFFF, 0x0000, 0xFFFF, 0xFFFF, 0xFFFF, 0x0000, 
	0x0000, 0x0000, 0x0000, 0xFFFF, 0x0000, 0xFFFF, 0xFFFF, 0x0000, 0xFFFF, 
	0x0000, 0x0000, 0x0000, 0x0000, 0x0000, 0x0000, 0xFFFF, 0xFFFF, 0xFFFF, 
	0x0000, 0x0000, 0x0000, 0xFFFF, 0x0000, 0xFFFF, 0xC5E3, 0xC5E3, 0xC5E3, 
	0xC5E3, 0xC5E3, 0xC5E3, 0xC5E3, 0xC5E3, 0xC5E3, 0xC5E3, 0xC5E3, 0xC5E3, 
	0xC5E3, 0xC5E3, 0xC5E3, 0xC5E3, 0xC5EC, 0xC601, 0xC61A, 0xC62C, 0xC62F, 
	0xC61A, 0xC5E3, 0xC55F, 0xC488, 0xC391, 0xC2A8, 0xC1BF, 0xC0C5, 0xBFEA, 
	0xBF5E, 0xBF23, 0xBF13, 0xBF1F, 0xBF39, 0xBF52, 0xBF5E, 0xF96A, 0xF9FA, 
	0xFA8E, 0xFB24, 0xFBB5, 0xFC3F, 0xFCBC, 0xFD29, 0xFD81, 0xFDC0, 0xFDE2, 
	0xFD61, 0xFC1E, 0xFAAC, 0xF9A1, 0xF990, 0xFAB9, 0xFCB8, 0xFF26, 0x019D, 
	0x03B7, 0x050C, 0x0538, 0x0336, 0xFEF1, 0xF965, 0xF392, 0xECA2, 0xE46A, 
	0xDCEC, 0xD826, 0xD63F, 0xD5B6, 0xD618, 0xD6EE, 0xD7C5, 0xD826, 0xF580, 
	0xF451, 0xF311, 0xF1C9, 0xF07D, 0xEF35, 0xEDF7, 0xECC9, 0xEBB2, 0xEAB8, 
	0xE9E1, 0xE978, 0xE996, 0xE9FD, 0xEA6D, 0xEAA7, 0xEAB6, 0xEACA, 0xEADB, 
	0xEAE1, 0xEAD2, 0xEAA8, 0xEA5A, 0xE995, 0xE85C, 0xE725, 0xE665, 0xE655, 
	0xE6AF, 0xE727, 0xE771, 0xE784, 0xE789, 0xE786, 0xE77D, 0xE775, 0xE771, 
	0xA41F, 0xA1E2, 0x9FA1, 0x9D66, 0x9B3A, 0x9928, 0x9739, 0x9577, 0x93EC, 
	0x92A2, 0x91A2, 0x922B, 0x9495, 0x9793, 0x99DA, 0x9A1C, 0x97F8, 0x945D, 
	0x8FF3, 0x8B63, 0x8755, 0x8474, 0x8366, 0x85D8, 0x8BCD, 0x9376, 0x9B04, 
	0xA33C, 0xACAB, 0xB52A, 0xBA93, 0xBCC4, 0xBD62, 0xBCF1, 0xBBFB, 0xBB04, 
	0xBA93, 0x0000, 0xFFFF, 0x0000, 0xFFFF, 0x0000, 0xFFFF, 0xFFFF, 0x0000, 
	0xFFFF, 0x0000, 0xFFFF, 0x0000, 0xFFFF, 0x0000, 0xFFFF, 0x0000, 0x0000, 
	0xFFFF, 0x0000, 0x0000, 0x0000, 0x0000, 0xFFFF, 0xFFFF, 0x0000, 0xFFFF, 
	0x0000, 0xFFFF, 0x0000, 0x0000, 0xFFFF, 0xFFFF, 0x0000, 0xFFFF, 0x0000, 
	0x0000, 0xFFFF, 0x0000, 0xFFFF, 0x0000, 0xFFFF, 0x0000, 0x0000, 0xFFFF, 
	0x0000, 0xFFFF, 0xFFFF, 0xFFFF, 0x0000, 0x0000, 0x0000, 0x0000, 0x0000, 
	0x0000, 0x0000, 0x0000, 0xFFFF, 0xFFFF, 0x0000, 0x0000, 0x0000, 0x0000, 
	0x0000, 0x0000, 0x0000, 0x0000, 0xFFFF, 0x0000, 0x0000, 0xFFFF, 0x0000, 
	0xFFFF, 0x0000, 0x45A0, 0x459F, 0x4564, 0x4506, 0x449C, 0x443D, 0x4401, 
	0x43FE, 0x444C, 0x4502, 0x4637, 0x494F, 0x4EA8, 0x54D3, 0x5A5E, 0x5DD8, 
	0x5F7E, 0x6085, 0x60F8, 0x60E3, 0x604F, 0x5F48, 0x5DD8, 0x5B08, 0x567A, 
	0x5121, 0x4BF2, 0x4673, 0x405F, 0x3AFC, 0x378C, 0x3622, 0x35BC, 0x3605, 
	0x36A4, 0x3744, 0x378C, 0x0000, 0xFFFF, 0x0000, 0xFFFF, 0xFFFF, 0xFFFF, 
	0xFFFF, 0x0000, 0x0000, 0x0000, 0xFFFF, 0x0020, 0x0060, 0x0090, 0x0080, 
	0x0000, 0xFEED, 0xFD6B, 0xFBAE, 0xF9EC, 0xF859, 0xF72A, 0xF694, 0xF769, 
	0xF998, 0xFC08, 0xFD9C, 0xFDEA, 0xFD92, 0xFD0F, 0xFCDD, 0xFD18, 0xFD7B, 
	0xFDEF, 0xFE5F, 0xFEB2, 0xFED3, 0x0000, 0xFFFF, 0x0000, 0x0000, 0xFFFF, 
	0xFFFF, 0xFFFF, 0x0000, 0x0000, 0xFFFF, 0xFFFF, 0xFFE8, 0xFFB9, 0xFF95, 
	0xFFA1, 0x0000, 0x00C9, 0x01E4, 0x032B, 0x0475, 0x059D, 0x067B, 0x06E8, 
	0x0658, 0x04D2, 0x030A, 0x01B7, 0x0100, 0x0087, 0x0039, 0xFFFF, 0xFFD4, 
	0xFFB8, 0xFFA9, 0xFFA2, 0xFFA1, 0xD708, 0xD6C6, 0xD67A, 0xD62E, 0xD5EB, 
	0xD5BC, 0xD5AB, 0xD5C0, 0xD605, 0xD685, 0xD749, 0xDA12, 0xDF2B, 0xE46C, 
	0xE7AC, 0xE6C4, 0xE15D, 0xD93B, 0xCF60, 0xC4CD, 0xBA85, 0xB189, 0xAADB, 
	0xA83D, 0xA94E, 0xABD9, 0xADAB, 0xAE72, 0xAF44, 0xB009, 0xB0AC, 0xB138, 
	0xB1C3, 0xB242, 0xB2A9, 0xB2F0, 0xB309, 0x0000, 0x0000, 0x0000, 0xFFFF, 
	0xFFFF, 0x0000, 0xFFFF, 0xFFFF, 0x0000, 0x0000, 0xFFFF, 0xFFFF, 0x0000, 
	0xFFFF, 0xFFFF, 0x0000, 0xFFFF, 0xFFFF, 0xFFFF, 0xFFFF, 0x0000, 0x0000, 
	0x0000, 0x0000, 0xFFFF, 0xFFFF, 0x0000, 0x0000, 0x0000, 0x0000, 0x0000, 
	0xFFFF, 0x0000, 0xFFFF, 0xFFFF, 0xFFFF, 0x0000, 0xFFFF, 0xFFFF, 0xFFFF, 
	0x0000, 0x0000, 0x0000, 0x0000, 0x0000, 0x0000, 0xFFFF, 0x0000, 0xFFFF, 
	0xFFFF, 0xFFFF, 0xFFFF, 0x0000, 0xFFFF, 0xFFFF, 0xFFFF, 0x0000, 0x0000, 
	0x0000, 0xFFFF, 0x0000, 0x0000, 0xFFFF, 0x0000, 0xFFFF, 0x0000, 0x0000, 
	0x0000, 0xFFFF, 0x0000, 0xFFFF, 0xFFFF, 0x0000, 0xFFFF, 0xBF5E, 0x03AC, 
	0x0332, 0x02AB, 0x021D, 0x018E, 0x0105, 0x0086, 0x0019, 0xFFC4, 0xFF8B, 
	0xFF77, 0x001C, 0x0199, 0x0340, 0x0461, 0x044E, 0x02C2, 0x003C, 0xFD2E, 
	0xFA0A, 0xF743, 0xF54A, 0xF493, 0xF657, 0xFA97, 0xFFED, 0x04F3, 0x0A02, 
	0x0F9C, 0x1495, 0x17C1, 0x1910, 0x196D, 0x192B, 0x1897, 0x1804, 0x17C1, 
	0x057F, 0x070D, 0x08BE, 0x0A87, 0x0C5D, 0x0E34, 0x1002, 0x11BB, 0x1354, 
	0x14C1, 0x15F9, 0x16AC, 0x16BE, 0x166D, 0x15F7, 0x1598, 0x1549, 0x14E2, 
	0x146F, 0x13FB, 0x1390, 0x133C, 0x1308, 0x1315, 0x1365, 0x13D3, 0x143B, 
	0x14A4, 0x151C, 0x1588, 0x15CC, 0x15E8, 0x15F0, 0x15EB, 0x15DE, 0x15D2, 
	0x15CC, 0xBF8A, 0xBBE7, 0xB7E1, 0xB399, 0xAF32, 0xAACC, 0xA68A, 0xA28E, 
	0x9EF8, 0x9BEC, 0x9989, 0x9988, 0x9C4F, 0xA009, 0xA2E1, 0xA301, 0xA008, 
	0x9B50, 0x9594, 0x8F94, 0x8A0D, 0x85BE, 0x8365, 0x84C3, 0x89C4, 0x9067, 
	0x96A9, 0x9CFA, 0xA41B, 0xAA7C, 0xAE8D, 0xB035, 0xB0AC, 0xB057, 0xAF9D, 
	0xAEE2, 0xAE8D, 0x0000, 0x0000, 0xFFFF, 0xFFFF, 0xFFFF, 0xFFFF, 0xFFFF, 
	0xFFFF, 0x0000, 0xFFFF, 0x0000, 0xFFFF, 0xFFFF, 0x0000, 0xFFFF, 0x0000, 
	0xFFFF, 0x0000, 0x0000, 0x0000, 0xFFFF, 0xFFFF, 0x0000, 0xFFFF, 0x0000, 
	0x0000, 0xFFFF, 0xFFFF, 0xFFFF, 0x0000, 0xFFFF, 0x0000, 0x0000, 0xFFFF, 
	0x0000, 0xFFFF, 0x0000, 0x0000, 0x0000, 0x0000, 0xFFFF, 0x0000, 0xFFFF, 
	0x0000, 0x0000, 0x0000, 0x0000, 0x0000, 0xFFFF, 0xFFFF, 0xFFFF, 0xFFFF, 
	0x0000, 0x0000, 0xFFFF, 0x0000, 0x0000, 0x0000, 0x0000, 0x0000, 0x0000, 
	0xFFFF, 0x0000, 0xFFFF, 0x0000, 0xFFFF, 0xFFFF, 0x0000, 0xFFFF, 0xFFFF, 
	0xFFFF, 0x0000, 0xFFFF, 0x3388, 0x3514, 0x36A2, 0x383A, 0x39E4, 0x3BA5, 
	0x3D86, 0x3F8C, 0x41C0, 0x4427, 0x46C9, 0x4AE6, 0x50CD, 0x5717, 0x5C5E, 
	0x5F3B, 0x5FC9, 0x5F41, 0x5DE1, 0x5BEB, 0x59A0, 0x5740, 0x550B, 0x52B9, 
	0x4FDE, 0x4C8D, 0x48D7, 0x441A, 0x3E86, 0x395F, 0x35EB, 0x3432, 0x333E, 
	0x32DC, 0x32D6, 0x32FA, 0x3311, 0x0000, 0xFFFF, 0x0000, 0xFFFF, 0xFFFF, 
	0x0000, 0xFFFF, 0xFFFF, 0xFFFF, 0x0000, 0x0000, 0xFFDC, 0xFF96, 0xFF61, 
	0xFF73, 0x0000, 0x012A, 0x02CC, 0x04AE, 0x0697, 0x084F, 0x099E, 0x0A4C, 
	0x0979, 0x0739, 0x04BA, 0x032E, 0x031B, 0x03CE, 0x049C, 0x04DA, 0x045A, 
	0x0380, 0x0281, 0x018C, 0x00D4, 0x008C, 0xFFFF, 0xFFFF, 0xFFFF, 0xFFFF, 
	0xFFFF, 0xFFFF, 0x0000, 0x0000, 0xFFFF, 0xFFFF, 0x0000, 0x000B, 0x0022, 
	0x0033, 0x002D, 0x0000, 0xFF9A, 0xFF09, 0xFE61, 0xFDBA, 0xFD29, 0xFCC5, 
	0xFCA4, 0xFD10, 0xFE0B, 0xFF40, 0x0056, 0x0167, 0x0290, 0x0386, 0x03FB, 
	0x03DE, 0x036A, 0x02C9, 0x0223, 0x01A1, 0x016D, 0xC595, 0xC6DF, 0xC83F, 
	0xC9B2, 0xCB32, 0xCCBC, 0xCE4B, 0xCFDC, 0xD16A, 0xD2F2, 0xD46F, 0xD682, 
	0xD937, 0xDBA9, 0xDCF2, 0xDC2D, 0xD93D, 0xD4EF, 0xCFBA, 0xCA17, 0xC47E, 
	0xBF67, 0xBB4B, 0xB89D, 0xB72D, 0xB67E, 0xB610, 0xB5F0, 0xB652, 0xB6F4, 
	0xB797, 0xB844, 0xB91C, 0xB9FE, 0xBAC9, 0xBB5B, 0xBB93, 

},{ 
	0x0001, 0x0000, 0x0025, 0x0001, 0x0024, 0x0026, 0x0001, 0x004A, 0x0001, 
	0x004B, 0x0001, 0x004C, 0x0019, 0x004D, 0x0001, 0x0066, 0x0025, 0x0067, 
	0x0022, 0x008C, 0x0024, 0x00AE, 0x0025, 0x00D2, 0x0025, 0x00F7, 0x0025, 
	0x011C, 0x0025, 0x0141, 0x0025, 0x0166, 0x0025, 0x018B, 0x0025, 0x01B0, 
	0x0025, 0x01D5, 0x0025, 0x01FA, 0x0024, 0x021F, 0x0021, 0x0243, 0x0023, 
	0x0264, 0x0015, 0x0287, 0x0015, 0x029C, 0x0015, 0x02B1, 0x0015, 0x02C6, 
	0x0001, 0x02DB, 0x0001, 0x02DC, 0x0025, 0x02DD, 0x0015, 0x0302, 0x0015, 
	0x0317, 0x0015, 0x032C, 0x0024, 0x0341, 0x001A, 0x0365, 0x0015, 0x037F, 
	0x0015, 0x0394, 0x0015, 0x03A9, 0x0015, 0x03BE, 0x0025, 0x03D3, 0x0022, 
	0x03F8, 0x0025, 0x041A, 0x0025, 0x043F, 0x0025, 0x0464, 0x0025, 0x0489, 
	0x0025, 0x04AE, 0x0024, 0x04D3, 0x0025, 0x04F7, 0x0025, 0x051C, 0x0024, 
	0x0541, 0x0025, 0x0565, 0x0025, 0x058A, 0x0025, 0x05AF, 0x0001, 0x05D4, 
	0x0025, 0x05D5, 0x0025, 0x05FA, 0x0025, 0x061F, 0x0025, 0x0644, 0x0024, 
	0x0669, 0x0025, 0x068D, 0x0025, 0x06B2, 0x0025, 0x06D7, 0x0025, 0x06FC, 
	

});

-- J-355
smlua_anim_util_register_animation('cr_anim_j355_menu',0, 0, 0, 0, 168, { 
	0x0004, 0x00BF, 0x0000, 0x0000, 0x3FFF, 0x0000, 0xF1C6, 0x0000, 0x4000, 
	0xEE47, 0xF1D2, 0xF55E, 0xF8E9, 0xFC74, 0xFFFF, 0x038B, 0x0716, 0x0AA1, 
	0x0E2D, 0x11B8, 0x137E, 0x1544, 0x137E, 0x11B8, 0x11B8, 0x11B8, 0x11B8, 
	0x11B8, 0x11B8, 0x11B8, 0x11B8, 0x11B8, 0x11B8, 0x11B8, 0x11B8, 0x11B8, 
	0x11B8, 0x11B8, 0x11B8, 0x11B8, 0x11B8, 0x11B8, 0x11B8, 0x11B8, 0x11B8, 
	0x0FF2, 0x0E2D, 0x0C67, 0x0AA1, 0x08DC, 0x0716, 0x0551, 0x038B, 0x01C6, 
	0xFFFF, 0xFFFF, 0xFFFF, 0xFFFF, 0xFFFF, 0xFFFF, 0xFFFF, 0xFFFF, 0xFFFF, 
	0xFFFF, 0xFFFF, 0xFFFF, 0xFFFF, 0xFFFF, 0xFFFF, 0xFFFF, 0xFFFF, 0xFFFF, 
	0xFFFF, 0xFFFF, 0xFFFF, 0xFFFF, 0xFFFF, 0xFFFF, 0xFFFF, 0xFFFF, 0xFFFF, 
	0xFFFF, 0xFFFF, 0xFFFF, 0xFFFF, 0xFFFF, 0xFFFF, 0xFFFF, 0xFFFF, 0xFFFF, 
	0xFFFF, 0xFFFF, 0xFFFF, 0xFFFF, 0xFFFF, 0xFFFF, 0xFFFF, 0xFFFF, 0xFFFF, 
	0xFFFF, 0xFFFF, 0xFFFF, 0xFFFF, 0xFFFF, 0xFFFF, 0xFFFF, 0xFFFF, 0xFFFF, 
	0xFFFF, 0xFFFF, 0xFFFF, 0xFFFF, 0xFFFF, 0xFFFF, 0xFFFF, 0xFFFF, 0xFFFF, 
	0xFFFF, 0xFFFF, 0xFFFF, 0xFFFF, 0xFFFF, 0xFFFF, 0xFFFF, 0xFFFF, 0xFFFF, 
	0xFFFF, 0xFFFF, 0xFFFF, 0xFFFF, 0xFFFF, 0xFFFF, 0xFFFF, 0xFFFF, 0xFFFF, 
	0xFFFF, 0xFFFF, 0xFFFF, 0xFFFF, 0xFFFF, 0xFFFF, 0xFFFF, 0xFFFF, 0xFFFF, 
	0xFFFF, 0xFFFF, 0xFFFF, 0xFFFF, 0xFFFF, 0xFFFF, 0xFFFF, 0xFFFF, 0xFFFF, 
	0xFFFF, 0xFFFF, 0xFFFF, 0xFFFF, 0xFFFF, 0xFFFF, 0xFFFF, 0xFFFF, 0xFFFF, 
	0xFFFF, 0xFFFF, 0xFFFF, 0xFFFF, 0xFFFF, 0xFFFF, 0xFFFF, 0xFFFF, 0xFFFF, 
	0xFFFF, 0xFFFF, 0xFC74, 0xF8E9, 0xF55E, 0xF1D2, 0xEE47, 0xFE7F, 0xFECC, 
	0xFF18, 0xFF65, 0xFFB2, 0xFFFF, 0x004D, 0x009A, 0x00E7, 0x0133, 0x0180, 
	0x01A3, 0x01C7, 0x01A3, 0x0180, 0x0180, 0x0180, 0x0180, 0x0180, 0x0180, 
	0x0180, 0x0180, 0x0180, 0x0180, 0x0180, 0x0180, 0x0180, 0x0180, 0x0180, 
	0x0180, 0x0180, 0x0180, 0x0180, 0x0180, 0x0180, 0x0180, 0x015A, 0x0133, 
	0x010D, 0x00E7, 0x00C0, 0x009A, 0x0073, 0x004D, 0x0026, 0xFFFF, 0xFFFF, 
	0xFFFF, 0xFFFF, 0xFFFF, 0xFFFF, 0xFFFF, 0xFFFF, 0xFFFF, 0xFFFF, 0xFFFF, 
	0xFFFF, 0xFFFF, 0xFFFF, 0xFFFF, 0xFFFF, 0xFFFF, 0xFFFF, 0xFFFF, 0xFFFF, 
	0xFFFF, 0xFFFF, 0xFFFF, 0xFFFF, 0xFFFF, 0xFFFF, 0xFFFF, 0xFFFF, 0xFFFF, 
	0xFFFF, 0xFFFF, 0xFFFF, 0xFFFF, 0xFFFF, 0xFFFF, 0xFFFF, 0xFFFF, 0xFFFF, 
	0xFFFF, 0xFFFF, 0xFFFF, 0xFFFF, 0xFFFF, 0xFFFF, 0xFFFF, 0xFFFF, 0xFFFF, 
	0xFFFF, 0xFFFF, 0xFFFF, 0xFFFF, 0xFFFF, 0xFFFF, 0xFFFF, 0xFFFF, 0xFFFF, 
	0xFFFF, 0xFFFF, 0xFFFF, 0xFFFF, 0xFFFF, 0xFFFF, 0xFFFF, 0xFFFF, 0xFFFF, 
	0xFFFF, 0xFFFF, 0xFFFF, 0xFFFF, 0xFFFF, 0xFFFF, 0x0000, 0xFFFF, 0x0000, 
	0x0000, 0x0000, 0x0000, 0x0000, 0xFFFF, 0x0000, 0xFFFF, 0xFFFF, 0xFFFF, 
	0xFFFF, 0xFFFF, 0xFFFF, 0xFFFF, 0xFFFF, 0xFFFF, 0xFFFF, 0xFFFF, 0xFFFF, 
	0xFFFF, 0xFFFF, 0xFFFF, 0xFFFF, 0xFFFF, 0xFFFF, 0xFFFF, 0xFFFF, 0xFFFF, 
	0xFFFF, 0xFFFF, 0xFFFF, 0xFFFF, 0xFFFF, 0xFFFF, 0xFFFF, 0xFFFF, 0xFFFF, 
	0xFFFF, 0xFFCF, 0xFF9F, 0xFF6F, 0xFF3F, 0xFF0F, 0xFEDF, 0xFEAF, 0xFE7F, 
	0xFCC6, 0xFCC6, 0xFCC6, 0xFCC6, 0xFCC6, 0xFCC6, 0xFCC6, 0xFCC6, 0xFCC6, 
	0xFCC6, 0xFCC6, 0xFCD8, 0xFCEA, 0xFCD8, 0xFCC6, 0xFCC6, 0xFCC6, 0xFCC6, 
	0xFCC6, 0xFCC6, 0xFCC6, 0xFCC6, 0xFCC6, 0xFCC6, 0xFCC6, 0xFCC6, 0xFCC6, 
	0xFCC6, 0xFCC6, 0xFCC6, 0xFCC6, 0xFCC6, 0xFCC6, 0xFCC6, 0xFCC6, 0xFCC6, 
	0xFCBD, 0xFCB5, 0xFCAC, 0xFCA4, 0xFC9B, 0xFC93, 0xFC8A, 0xFC82, 0xFC79, 
	0xFC71, 0xFC71, 0xFC71, 0xFC71, 0xFC71, 0xFC71, 0xFC71, 0xFC71, 0xFC71, 
	0xFC71, 0xFC71, 0xFC71, 0xFC71, 0xFC71, 0xFC71, 0xFC71, 0xFC71, 0xFC71, 
	0xFC71, 0xFC71, 0xFC71, 0xFC71, 0xFC71, 0xFC71, 0xFC71, 0xFC71, 0xFC71, 
	0xFC71, 0xFC71, 0xFC71, 0xFC71, 0xFC71, 0xFC71, 0xFC71, 0xFC71, 0xFC71, 
	0xFC71, 0xFC71, 0xFC71, 0xFC71, 0xFC71, 0xFC71, 0xFC71, 0xFC71, 0xFC71, 
	0xFC71, 0xFC71, 0xFC71, 0xFC71, 0xFC71, 0xFC71, 0xFC71, 0xFC71, 0xFC71, 
	0xFC71, 0xFC71, 0xFC71, 0xFC71, 0xFC71, 0xFC71, 0xFC71, 0xFC71, 0xFC71, 
	0xFC71, 0xFC71, 0xFC71, 0xFC71, 0xFC71, 0xFC71, 0xFC71, 0xFC71, 0xFBBB, 
	0xFB05, 0xFA4F, 0xF999, 0xF8E3, 0xF82D, 0xF776, 0xF6C0, 0xF60A, 0xF554, 
	0xF554, 0xF554, 0xF554, 0xF554, 0xF554, 0xF554, 0xF554, 0xF554, 0xF554, 
	0xF554, 0xF554, 0xF554, 0xF554, 0xF554, 0xF554, 0xF554, 0xF554, 0xF554, 
	0xF554, 0xF554, 0xF554, 0xF554, 0xF554, 0xF554, 0xF554, 0xF554, 0xF554, 
	0xF554, 0xF554, 0xF554, 0xF643, 0xF731, 0xF81F, 0xF90D, 0xF9FB, 0xFAE9, 
	0xFBD8, 0xFCC6, 0xEE38, 0xEAAA, 0xE71C, 0xE97A, 0xEBD9, 0xEE38, 0xF1C6, 
	0xF554, 0xF8E3, 0xFC71, 0x0000, 0x038E, 0x071C, 0x0AAB, 0x0E39, 0x11C7, 
	0x1555, 0x138E, 0x11C7, 0x11C7, 0x11C7, 0x11C1, 0x11B8, 0x11A9, 0x1195, 
	0x117C, 0x115F, 0x113F, 0x111C, 0x10F8, 0x10D4, 0x0FB4, 0x0E95, 0x0D76, 
	0x0C57, 0x0B38, 0x0A19, 0x08F9, 0x07DA, 0x06BB, 0x059C, 0x047D, 0x035E, 
	0x023E, 0x011F, 0x0000, 0xFCA7, 0xFE53, 0x0000, 0x0000, 0x0000, 0x0000, 
	0x0000, 0x0000, 0x0000, 0x0000, 0x0000, 0x0000, 0xFFFF, 0xFFFF, 0xFFFF, 
	0xFFFF, 0xFFFF, 0xFFFF, 0xFFFF, 0xFFFF, 0xFFFF, 0xFFFF, 0xFFFF, 0xFFFF, 
	0xFFFF, 0xFFFF, 0xFFFF, 0xFFFF, 0xFFFF, 0xFFFF, 0xFFFF, 0xFFFF, 0xFFFF, 
	0xFFFF, 0xFFFF, 0xFFFF, 0xFFFF, 0xFFFF, 0xFFFF, 0xFFFF, 0xFFFF, 0xFFFF, 
	0xFFFF, 0xFFFF, 0xFFFF, 0xFFFF, 0xFFFF, 0xFFFF, 0xFFFF, 0xFFFF, 0xFFFF, 
	0xFFFF, 0xFFFF, 0xFFFF, 0xFFFF, 0xFFFF, 0xFFFF, 0xFFFF, 0xFFFF, 0xFFFF, 
	0xFFFF, 0xFFFF, 0xFFFF, 0xFFFF, 0xFFFF, 0xFFFF, 0xFFFF, 0xFFFF, 0xFFFF, 
	0xFFFF, 0xFFFF, 0xFFFF, 0xFFFF, 0xFFFF, 0xFFFF, 0xFFFF, 0xFFFF, 0xFFFF, 
	0xFFFF, 0x0000, 0x0132, 0x0470, 0x0937, 0x0F05, 0x1555, 0x1BA6, 0x2173, 
	0x263B, 0x2979, 0x2AAB, 0x27AA, 0x1F24, 0x11CF, 0x0064, 0xEB98, 0xD425, 
	0xBAC3, 0xA028, 0x850C, 0x6A27, 0x5031, 0x37E1, 0x21EE, 0x0F11, 0xFFFF, 
	0xF5A7, 0xF1C6, 0xF30F, 0xF632, 0xFA1D, 0xFDBD, 0xFFFF, 0x0132, 0x071C, 
	0x0000, 0xFF99, 0xFE78, 0xFCB7, 0xFA71, 0xF7C0, 0xF4BF, 0xF189, 0xEE38, 
	0xFFFF, 0x0005, 0x0009, 0x0006, 0x0003, 0xFFFF, 0xFFFF, 0xFFFF, 0xFFFF, 
	0xFFFF, 0xFFFF, 0xFFFF, 0xFFFF, 0xFFFF, 0xFFFF, 0xFFFF, 0xFFFF, 0xFFFF, 
	0xFFFF, 0xFFFF, 0xFFFF, 0xFEF7, 0xFE7F, 0xFEA9, 0xFF22, 0xFFDD, 0x00D1, 
	0x01F0, 0x0330, 0x0487, 0x05E9, 0x0584, 0x051F, 0x04BA, 0x0455, 0x03F1, 
	0x038C, 0x0327, 0x02C2, 0x025D, 0x01F8, 0x0193, 0x012F, 0x00CA, 0x0065, 
	0xFFFF, 0xFEC8, 0xFF63, 0xFFFF, 0xFFFF, 0xFFFF, 0xFFFF, 0xFFFF, 0xFFFF, 
	0xFFFF, 0xFFFF, 0xFFFF, 0xFFFF, 0xFFFF, 0xFFFF, 0xFFFF, 0xFFFF, 0xFFFF, 
	0xFFFF, 0xFFFF, 0xFFFF, 0xFFFF, 0xFFFF, 0xFFFF, 0xFFFF, 0xFFFF, 0xFFFF, 
	0xFFFF, 0xFFFF, 0xFFFF, 0xFFFF, 0xFFFF, 0xFFFF, 0xFFFF, 0xFFFF, 0xFFFF, 
	0xFFFF, 0xFFFF, 0xFFFF, 0xFFFF, 0xFFFF, 0xFFFF, 0xFFFF, 0xFFFF, 0xFFFF, 
	0xFFFF, 0xFFFF, 0xFFFF, 0xFFFF, 0xFFFF, 0xFFFF, 0xFFFF, 0xFFFF, 0xFFFF, 
	0xFFFF, 0xFFFF, 0xFFFF, 0xFFFF, 0xFFFF, 0xFFFF, 0xFFFF, 0xFFFF, 0xFFFF, 
	0xFFFF, 0xFFFF, 0xFFFF, 0xFFFF, 0xFFFF, 0xFFFF, 0xFFFF, 0xFFFF, 0xFFFF, 
	0xFFFF, 0xFFFF, 0xFFFF, 0xFFFF, 0xFFFF, 0xFFFF, 0xFFFF, 0xFFFF, 0xFFFF, 
	0xFFFF, 0xFFFF, 0xFFFF, 0xFFFF, 0xFFFF, 0xFFFF, 0xFFFF, 0xFFFF, 0xFFFF, 
	0xFFFF, 0xFFFF, 0xFFFF, 0xFFFF, 0xFFFF, 0xFFFF, 0xFFFF, 0xFFFF, 0xFFFF, 
	0xFFFF, 0xFFFF, 0xFFFF, 0xFFFF, 0xFFFF, 0xFFFF, 0xFFFF, 0xFFFF, 0xFFFF, 
	0xFFFF, 0xFFFF, 0xFFFF, 0xFFFF, 0xFFFF, 0xFFFF, 0xFFFF, 0x0000, 0xFFFF, 
	0x038E, 0x038F, 0x038F, 0x038F, 0x038E, 0x038E, 0x038E, 0x038E, 0x038E, 
	0x038E, 0x038E, 0x038E, 0x038E, 0x038E, 0x038E, 0x038E, 0x038E, 0x038E, 
	0x038E, 0x038E, 0x038E, 0x05C6, 0x06C7, 0x066A, 0x0563, 0x03CA, 0x01B7, 
	0xFF42, 0xFC85, 0xF998, 0xF692, 0xF67D, 0xF667, 0xF652, 0xF63D, 0xF628, 
	0xF613, 0xF5FE, 0xF5E8, 0xF5D3, 0xF5BE, 0xF5A9, 0xF594, 0xF57F, 0xF56A, 
	0xF554, 0xF561, 0xF55B, 0xF554, 0xF554, 0xF554, 0xF2E3, 0xF1C6, 0xF2D7, 
	0xF5B6, 0xF9E8, 0xFEF1, 0x0455, 0x0997, 0x0E3C, 0x11C7, 0x13F3, 0x1555, 
	0x138E, 0x11C7, 0x11C7, 0x11C7, 0x11C7, 0x11C7, 0x11C7, 0x11C7, 0x11C7, 
	0x11C7, 0x11C7, 0x11C7, 0x11C7, 0x11C7, 0x11C7, 0x11C7, 0x11C7, 0x11C7, 
	0x11C7, 0x11C7, 0x11C7, 0x11C7, 0x11C7, 0x11C7, 0x11C7, 0x11C7, 0x11C7, 
	0x11C7, 0x11C7, 0x11C7, 0x11C7, 0x11C7, 0x11C7, 0x11C7, 0x11C7, 0x11C7, 
	0x11C7, 0x11C7, 0x11C7, 0x11C7, 0x11C7, 0x11C7, 0x11C7, 0x11C7, 0x11C7, 
	0x11C7, 0x11C7, 0x11C7, 0x11C7, 0x11C7, 0x11C7, 0x11C7, 0x11C7, 0x0F1F, 
	0x0C84, 0x0A04, 0x07AE, 0x058E, 0x03B3, 0x0229, 0x00FF, 0x0042, 0xFFFF, 
	0xFFFF, 0xFFFF, 0xFFFF, 0xFFFF, 0xFFFF, 0xFFFF, 0xFFFF, 0xFFFF, 0xFFFF, 
	0xFFFF, 0xFFFF, 0xFFFF, 0xFFFF, 0xFFFF, 0xFFFF, 0xFFFF, 0xFFFF, 0xFFFF, 
	0xFFFF, 0xFFFF, 0xFFFF, 0xFFFF, 0xFFFF, 0xFFFF, 0xFFFF, 0xFFFF, 0xFFFF, 
	0xFFFF, 0xFFFF, 0xFFFF, 0xFFFF, 0xFFFF, 0xFFFF, 0xFFFF, 0x0000, 0x0015, 
	0x004E, 0x00A8, 0x011D, 0x01A6, 0x0240, 0x02E4, 0x038E, 0xFFFE, 0x0001, 
	0xC170, 0xFFFE, 0xFFFE, 0xFFFE, 0xFFFE, 0xFFFE, 0xFFFE, 0xFFFE, 0xFFFE, 
	0xFFFE, 0xFFFE, 0xFFFE, 0xFFFE, 0xFFFE, 0xFFFE, 0xFFFE, 0xFFFE, 0xFFFE, 
	0xFFFE, 0xFFFE, 0xFFFE, 0xFFFE, 0xFFFE, 0xFFFE, 0xFFFE, 0xFFFE, 0xFFFE, 
	0xFFFE, 0xFFFE, 0xFFFE, 0xFFFE, 0xFFFE, 0xFFFE, 0xFFFE, 0xFFFE, 0xFFFE, 
	0xFFFE, 0xFFFE, 0xFFFE, 0xFFFE, 0xFFFE, 0xFFFE, 0xFFFE, 0xFFFE, 0xFFFE, 
	0xFFFE, 0xFFFE, 0xFFFE, 0xFFFE, 0xFFFE, 0xFFFE, 0xFFFE, 0xFFFE, 0xFFFE, 
	0xFFFE, 0xFFFE, 0xFFFE, 0xFFFE, 0xFFFE, 0xFFFE, 0xFFFD, 0xFFFD, 0xFFFD, 
	0xFFFD, 0xFFFD, 0xFFFD, 0xFFFD, 0xFFFD, 0xFFFD, 0xFFFD, 0xFFFD, 0xFFFD, 
	0xFFFD, 0xFFFD, 0xFFFD, 0xFFFD, 0xFFFD, 0xFFFD, 0xFFFD, 0xFFFD, 0xFFFD, 
	0xFFFD, 0x0133, 0x024E, 0x0338, 0x03D6, 0x0410, 0x02D1, 0xFFD5, 0xFC47, 
	0xF94C, 0xF80D, 0xF8E0, 0xFAD8, 0xFD32, 0xFF2A, 0xFFFD, 0xFFFD, 0xFFFD, 
	0xFFFD, 0xFFFD, 0xFFFD, 0xFFFD, 0xFFFD, 0xFFFD, 0xFFFD, 0xFFFD, 0xFFFD, 
	0xFFFD, 0xFFFD, 0xFFFD, 0xFFFD, 0xFFFD, 0xFFFD, 0xFFFD, 0xFFFD, 0xFFFD, 
	0xFFFD, 0xFFFD, 0xFFFD, 0xFFFD, 0xFFFD, 0xFFFD, 0xFFFD, 0xFFFD, 0xFFFE, 
	0xEAAB, 0xEAAB, 0xEAAB, 0xEAAB, 0xEAAB, 0xEAAB, 0xEAAB, 0xEAAB, 0xEAAB, 
	0xEAAB, 0xEAAB, 0xEAAB, 0xEAAB, 0xEAAB, 0xEAAB, 0xEAAB, 0xEAAB, 0xEAAB, 
	0xEAAB, 0xEAAB, 0xEAAB, 0xEAAB, 0xEAAB, 0xEAAB, 0xEAAB, 0xEAAB, 0xEAAB, 
	0xEAAB, 0xEAAB, 0xEAAB, 0xEAAB, 0xEAAB, 0xEAAB, 0xEAAB, 0xEAAB, 0xEAAB, 
	0xEAAB, 0xEAAB, 0xEAAB, 0xEAAB, 0xEAAB, 0xEAAB, 0xEAAB, 0xEAAB, 0xEAAB, 
	0xEAAB, 0xEAAB, 0xEAAB, 0xEAAB, 0xEAAB, 0xEAAB, 0xEAAB, 0xEAAB, 0xEAAB, 
	0xEAAB, 0xEAAB, 0xEAAB, 0xEAAB, 0xEAAB, 0xEAAB, 0xEAAB, 0xEAAB, 0xEAAB, 
	0xEAAB, 0xEAAB, 0xEAAB, 0xEAAB, 0xEAAB, 0xEAAB, 0xEAAB, 0xEAAB, 0xEAAB, 
	0xEAAB, 0xEAAB, 0xEAAB, 0xEAAB, 0xEAAB, 0xEAAB, 0xEAAB, 0xEAAB, 0xEAAB, 
	0xEAAC, 0xEAB1, 0xEABF, 0xEADA, 0xEB06, 0xEB44, 0xEB8B, 0xEBCE, 0xEBFF, 
	0xEC13, 0xEBED, 0xEB94, 0xEB29, 0xEAD0, 0xEAAB, 0xEAAB, 0xEAAB, 0xEAAB, 
	0xEAAB, 0xEAAB, 0xEAAB, 0xEAAB, 0xEAAB, 0xEAAB, 0xEAAB, 0xEAAB, 0xEAAB, 
	0xEAAB, 0xEAAB, 0xEAAB, 0xEAAB, 0xEAAB, 0xEAAB, 0xEAAB, 0xEAAB, 0xE99A, 
	0xE889, 0xE778, 0xE666, 0xE555, 0xE444, 0xE333, 0xE222, 0xE111, 0xE000, 
	0xE000, 0xE000, 0xE000, 0xE000, 0xE000, 0xE000, 0xE000, 0xE000, 0xE000, 
	0xE000, 0xE000, 0xE000, 0xE000, 0xE000, 0xE000, 0xE000, 0xE000, 0xE000, 
	0xE000, 0xE000, 0xE000, 0xE000, 0xE000, 0xE000, 0xE000, 0xE000, 0xE000, 
	0xE000, 0xE000, 0xE000, 0xE155, 0xE2AB, 0xE400, 0xE555, 0xE6AB, 0xE800, 
	0xE955, 0xEAAB, 0xC38E, 0xC38E, 0xC38E, 0xC38E, 0xC38E, 0xC38E, 0xC38E, 
	0xC38E, 0xC38E, 0xC38E, 0xC38E, 0xC38E, 0xC38E, 0xC38E, 0xC38E, 0xC38E, 
	0xC38E, 0xC38E, 0xC38E, 0xC38E, 0xC38E, 0xC38E, 0xC38E, 0xC38E, 0xC38E, 
	0xC38E, 0xC38E, 0xC38E, 0xC38E, 0xC38E, 0xC38E, 0xC38E, 0xC38E, 0xC38E, 
	0xC38E, 0xC38E, 0xC38E, 0xC38E, 0xC38E, 0xC38E, 0xC38E, 0xC38E, 0xC38E, 
	0xC38E, 0xC38E, 0xC38E, 0xC38E, 0xC38E, 0xC38E, 0xC38E, 0xC38E, 0xC1C7, 
	0xC000, 0xBE39, 0xBC72, 0xBAAB, 0xB8E4, 0xB71C, 0xB555, 0xB38E, 0xB1C7, 
	0xB1C7, 0xB1C7, 0xB1C7, 0xB1C7, 0xB1C7, 0xB1C7, 0xB1C7, 0xB1C7, 0xB1C7, 
	0xB1C7, 0xB1C7, 0xB1C7, 0xB1C7, 0xB1C7, 0xB1C7, 0xB1C7, 0xB1C7, 0xB1C7, 
	0xB1C7, 0xB1C7, 0xAF5B, 0xAD21, 0xAB4C, 0xAA0E, 0xA998, 0xAC22, 0xB22E, 
	0xB967, 0xBF73, 0xC1FD, 0xC04D, 0xBC48, 0xB77C, 0xB377, 0xB1C7, 0xB1C7, 
	0xB1C7, 0xB1C7, 0xB1C7, 0xB1C7, 0xB1C7, 0xB1C7, 0xB1C7, 0xB1C7, 0xB1C7, 
	0xB1C7, 0xB1C7, 0xB1C7, 0xB1C7, 0xB1C7, 0xB1C7, 0xB1C7, 0xB1C7, 0xB1C7, 
	0xB1C7, 0xB333, 0xB49F, 0xB60C, 0xB778, 0xB8E4, 0xBA50, 0xBBBC, 0xBD28, 
	0xBE94, 0xC000, 0xC000, 0xC000, 0xC000, 0xC000, 0xC000, 0xC000, 0xC000, 
	0xC000, 0xC000, 0xC000, 0xC000, 0xC000, 0xC000, 0xC000, 0xC000, 0xC000, 
	0xC000, 0xC000, 0xC000, 0xC000, 0xC000, 0xC000, 0xC000, 0xC000, 0xC000, 
	0xC000, 0xC000, 0xC000, 0xC000, 0xC000, 0xC072, 0xC0E4, 0xC155, 0xC1C7, 
	0xC239, 0xC2AB, 0xC31C, 0xC38E, 0xFFFF, 0x0000, 0x0000, 0x0000, 0x0000, 
	0x0000, 0x0000, 0x0000, 0x0000, 0x0000, 0x0000, 0x0000, 0x0000, 0x0000, 
	0x0000, 0x0000, 0x0000, 0x0000, 0x0000, 0x0000, 0x0000, 0x0000, 0x0000, 
	0x0000, 0x0000, 0x0000, 0x0000, 0x0000, 0x0000, 0x0000, 0x0000, 0x0000, 
	0x0000, 0x0000, 0x0000, 0x0000, 0x0000, 0x0000, 0x0000, 0x0000, 0x0000, 
	0x0000, 0x0000, 0x0000, 0x0000, 0x0000, 0x0000, 0x0000, 0x0000, 0x0000, 
	0x0000, 0x0000, 0x0000, 0x0000, 0x0000, 0x0000, 0x0000, 0x0000, 0x0000, 
	0x0000, 0x0000, 0x0000, 0x0000, 0x0000, 0x0000, 0x0000, 0x0000, 0x0000, 
	0x0000, 0x0000, 0x0000, 0x0000, 0x0000, 0x0000, 0x0000, 0x0000, 0x0000, 
	0x0000, 0x0000, 0x0000, 0x0000, 0x0000, 0x0000, 0x0000, 0x0000, 0x0000, 
	0x0000, 0x0000, 0x0000, 0x0000, 0x0000, 0x0000, 0x0000, 0x0000, 0x0000, 
	0x0000, 0x0000, 0x0000, 0x0000, 0x0000, 0x0000, 0x0000, 0x0000, 0x0000, 
	0x0000, 0x0000, 0x0000, 0x0000, 0x0000, 0x0000, 0x0000, 0x0000, 0x0000, 
	0x0000, 0x0000, 0x0000, 0x0000, 0x0000, 0x0000, 0x0000, 0x0000, 0xFFFF, 
	0xFFFF, 0x0000, 0xFFFF, 0xFFFF, 0xFFFF, 0xFFFF, 0xFFFF, 0xFFFF, 0xFFFF, 
	0xFFFF, 0xFFFF, 0xFFFF, 0xFFFF, 0xFFFF, 0xFFFF, 0xFFFF, 0xFFFF, 0xFFFF, 
	0xFFFF, 0xFFFF, 0xFFFF, 0xFFFF, 0xFFFF, 0xFFFF, 0xFFFF, 0xFFFF, 0xFFFF, 
	0xFFFF, 0xFFFF, 0xFFFF, 0xFFFF, 0xFFFF, 0xFFFF, 0xFFFF, 0xFFFF, 0x0000, 
	0xFFFF, 0xFFFF, 0x0000, 0x0000, 0x0000, 0x0000, 0x0000, 0x0000, 0x0000, 
	0x0000, 0xFFFF, 0xFFFF, 0xFFFF, 0xFFFF, 0xFFFF, 0xFFFF, 0xFFFF, 0xFFFF, 
	0xFFFF, 0xFFFF, 0xFFFF, 0xFFFF, 0xFFFF, 0xFFFF, 0xFFFF, 0xFFFF, 0xFFFF, 
	0xFFFF, 0xFFFF, 0xFFFF, 0xFFFF, 0xFFFF, 0xFFFF, 0xFFFF, 0xFFFF, 0xFFFF, 
	0xFFFF, 0xFFFF, 0xFFFF, 0xFFFF, 0xFFFF, 0xFFFF, 0xFFFF, 0xFFFF, 0xFFFF, 
	0xFFFF, 0xFFFF, 0xFFFF, 0xFFFF, 0xFFFF, 0xFFFF, 0xFFFF, 0xFFFF, 0xFFFF, 
	0xFFFF, 0xFFFF, 0xFFFF, 0xFFFF, 0xFFFF, 0xFFFF, 0xFFFF, 0xFFFF, 0xFFFF, 
	0xFFFF, 0xFFFF, 0xFFFF, 0xFFFF, 0xFFFF, 0xFFFF, 0xFFFF, 0xFFFF, 0xFFFF, 
	0xFFFF, 0xFFFF, 0xFFFF, 0xFFFF, 0xFFFF, 0xFFFF, 0xFFFF, 0xFFFF, 0xFFFF, 
	0xFFFF, 0xFFFF, 0xFFFF, 0xFFFF, 0xFFFF, 0xFFFF, 0xFFFF, 0xFFFF, 0xFFFF, 
	0xFFFF, 0xFFFF, 0xFFFF, 0xFFFF, 0xFFFF, 0xFFFF, 0xFFFF, 0xFFFF, 0x0000, 
	0xFFFF, 0x0000, 0xFFFF, 0xFFFF, 0xFFFF, 0xFFFF, 0xFFFF, 0xFFFF, 0xFFFF, 
	0xFFFF, 0xFFFF, 0xFFFF, 0xFFFF, 0x0000, 0x0000, 0x0000, 0x0000, 0x0000, 
	0x0000, 0x0000, 0x0000, 0x0000, 0xFFFF, 0xFFFF, 0xFFFF, 0xFFFF, 0xFFFF, 
	0xFFFF, 0xFFFF, 0xFFFF, 0xFFFF, 0x0000, 0xFFFF, 0xBFFF, 0xBFFF, 0xBFFF, 
	0xBFFF, 0xBFFF, 0xBFFF, 0xBFFF, 0xBFFF, 0xBFFF, 0xBFFF, 0xBFFF, 0xBFFF, 
	0xBFFF, 0xBFFF, 0xBFFF, 0xBFFF, 0xBFFF, 0xBFFF, 0xBFFF, 0xBFFF, 0xBFFF, 
	0xBFFF, 0xBFFF, 0xBFFF, 0xBFFF, 0xBFFF, 0xBFFF, 0xBFFF, 0xBFFF, 0xBFFF, 
	0xBFFF, 0xBFFF, 0xBFFF, 0xBFFF, 0xBFFF, 0xBFFF, 0xBFFF, 0xBFFF, 0xBFFF, 
	0xBFFF, 0xBFFF, 0xBFFF, 0xBFFF, 0xBFFF, 0xBFFF, 0xBFFF, 0xBFFF, 0xBFFF, 
	0xBFFF, 0xBFFF, 0xBFFF, 0xBFFF, 0xBFFF, 0xBFFF, 0xBFFF, 0xBFFF, 0xBFFF, 
	0xBFFF, 0xBFFF, 0xBFFF, 0xBFFF, 0xBFFF, 0xBFFF, 0xBFFF, 0xBFFF, 0xBFFF, 
	0xBFFF, 0xBFFF, 0xBFFF, 0xBFFF, 0xBFFF, 0xBFFF, 0xBFFF, 0xBFFF, 0xBFFF, 
	0xBFFF, 0xBFFF, 0xBFFF, 0xBFFF, 0xBFFF, 0xBFFF, 0xC21C, 0xC312, 0xC05E, 
	0xBA6C, 0xB47A, 0xB1C6, 0xB462, 0xBB1A, 0xC445, 0xCE38, 0xD74E, 0xDDEC, 
	0xE07B, 0xDF3E, 0xDBE9, 0xD70F, 0xD144, 0xCB1B, 0xC529, 0xBFFF, 0xBC1F, 
	0xB9B6, 0xB8E3, 0xB948, 0xBA4C, 0xBBAF, 0xBD33, 0xBE96, 0xBF9A, 0xBFFF, 
	0xBFFF, 0xBFFF, 0xBFFF, 0xBFFF, 0xBFFF, 0xC666, 0xCCCC, 0xD332, 0xD999, 
	0xDFFF, 0xE666, 0xECCC, 0xF332, 0xF999, 0x0000, 0x0000, 0x0000, 0x0000, 
	0x0000, 0x0000, 0x0000, 0x0000, 0x0000, 0x0000, 0x0000, 0x0000, 0x0000, 
	0x0000, 0x0000, 0x0000, 0x0000, 0x0000, 0x0000, 0x0000, 0x0000, 0x0000, 
	0x0000, 0x0000, 0x0000, 0x0000, 0x0000, 0x0000, 0x0000, 0x0000, 0x0000, 
	0xF7FF, 0xEFFF, 0xE7FF, 0xDFFF, 0xD7FF, 0xCFFF, 0xC7FF, 0xBFFF, 0x0000, 
	0xFFFF, 0x0000, 0x0000, 0x0000, 0x0000, 0x0000, 0x0000, 0x0000, 0x0000, 
	0x0000, 0x0000, 0xFFFF, 0x0000, 0x0000, 0x0000, 0x0000, 0x0000, 0x0000, 
	0x0000, 0x0000, 0x0000, 0x0000, 0x0000, 0x0000, 0x0000, 0x0000, 0x0000, 
	0x0000, 0x0000, 0x0000, 0x0000, 0x0000, 0x0000, 0x0000, 0x0000, 0x0000, 
	0x0000, 0xFFFF, 0x0000, 0x0000, 0x0000, 0x0000, 0x0000, 0x0000, 0x0000, 
	0x0000, 0x0000, 0x0000, 0x0000, 0x0000, 0x0000, 0x0000, 0x0000, 0xFFFF, 
	0x0000, 0xFFFF, 0x0000, 0xFFFF, 0xFFFF, 0x0000, 0xF2F2, 0xE5E6, 0xD8D9, 
	0xCBCC, 0xBEC0, 0xB1C1, 0xA4C2, 0x97C3, 0x8AC4, 0x7DC5, 0x7131, 0x649D, 
	0x580A, 0x4B76, 0x3EE2, 0x324F, 0x25BB, 0x1927, 0x0C94, 0xFFFF, 0x0000, 
	0x0000, 0x0000, 0x0000, 0x0000, 0x0000, 0x0000, 0x0000, 0x0000, 0x0000, 
	0x0000, 0x0000, 0x0000, 0x0000, 0x0000, 0x0000, 0x0000, 0x0000, 0x0000, 
	0x0000, 0x0000, 0x0000, 0x0000, 0x0000, 0x0000, 0x0000, 0x0000, 0x0000, 
	0x0000, 0x0000, 0x0000, 0x0000, 0x0000, 0x0000, 0x0000, 0x0000, 0x0000, 
	0xFFFF, 0xFFFF, 0x0000, 0xFFFF, 0xFFFF, 0xFFFF, 0x0000, 0xFFFF, 0xFFFF, 
	0xFFFF, 0xFFFF, 0xFFFF, 0xFFFF, 0xFFFF, 0xFFFF, 0xFFFF, 0xFFFF, 0xFFFF, 
	0xFFFF, 0xFFFF, 0xFFFF, 0xFFFF, 0xFFFF, 0xFFFF, 0xFFFF, 0xFFFF, 0xFFFF, 
	0xFFFF, 0xFFFF, 0xFFFF, 0xFFFF, 0xFFFF, 0xFFFF, 0xFFFF, 0xFFFF, 0xFFFF, 
	0xFFFF, 0xFFFF, 0x0000, 0x0000, 0xFFFF, 0xFFFF, 0xFFFF, 0xFFFF, 0x0000, 
	0x0000, 0x0000, 0xFFFF, 0xFFFF, 0x0000, 0xFFFF, 0xFFFF, 0xFFFF, 0xFFFF, 
	0xFFFF, 0xFFFF, 0xFFFF, 0xFFFF, 0xFFFF, 0xFFFF, 0xFFFF, 0xFFFF, 0xFFFF, 
	0xFFFF, 0xFFFF, 0xFFFF, 0xFFFF, 0xFFFF, 0xFFFF, 0xFFFF, 0xFFFF, 0xFFFF, 
	0xFFFF, 0xFFFF, 0xFFFF, 0xFFFF, 0xFFFF, 0xFFFF, 0xFFFF, 0xFFFF, 0xFFFF, 
	0xFFFF, 0xFFFF, 0xFFFF, 0x0000, 0xFFFF, 0xFFFF, 0xFFFF, 0xFFFF, 0x0000, 
	0xFFFF, 0xFFFF, 0xFFFF, 0xFFFF, 0xFFFF, 0xFFFF, 0x0000, 0xFFFF, 0xFFFF, 
	0xFFFF, 0xFFFF, 0xFFFF, 0xFFFF, 0xFFFF, 0xFFFF, 0x0000, 0xFC12, 0xF826, 
	0xF439, 0xF04C, 0xEC5F, 0xF266, 0xF86D, 0xFE74, 0x047C, 0x0A83, 0x0976, 
	0x0869, 0x075C, 0x064E, 0x0541, 0x0434, 0x0327, 0x021A, 0x010D, 0xFFFF, 
	0xFFFF, 0xFFFF, 0x0000, 0xFFFF, 0x0000, 0x0000, 0x0000, 0xFFFF, 0xFFFF, 
	0x0000, 0xFFFF, 0xFFFF, 0xFFFF, 0xFFFF, 0xFFFF, 0xFFFF, 0x0000, 0xFFFF, 
	0xFFFF, 0xFFFF, 0xFFFF, 0x0000, 0xFFFF, 0xFFFF, 0x0000, 0xFFFF, 0xFFFF, 
	0xFFFF, 0x0000, 0xFFFF, 0xFFFF, 0xFFFF, 0xFFFF, 0xFFFF, 0xFFFF, 0x0000, 
	0x0000, 0xFFFF, 0xFFFF, 0xFFFF, 0xFFFF, 0xFFFF, 0xFFFF, 0x0000, 0x0000, 
	0x0000, 0x0000, 0x0000, 0x0000, 0x0000, 0x0000, 0x0000, 0x0000, 0x0000, 
	0x0000, 0x0000, 0x0000, 0x0000, 0x0000, 0x0000, 0x0000, 0x0000, 0x0000, 
	0x0000, 0x0000, 0x0000, 0x0000, 0x0000, 0x0000, 0x0000, 0x0000, 0x0000, 
	0x0000, 0x0000, 0x0000, 0x0000, 0x0000, 0xFFFF, 0xFFFF, 0xFFFF, 0xFFFF, 
	0xFFFF, 0xFFFF, 0x0000, 0xFFFF, 0xFFFF, 0x0000, 0xEE38, 0xEE38, 0xEE38, 
	0xEE38, 0xEE38, 0xEE38, 0xEE38, 0xEE38, 0xEE38, 0xEE38, 0xEE38, 0xEE38, 
	0xEE38, 0xEE38, 0xEE38, 0xEE38, 0xEE38, 0xEE38, 0xEE38, 0xEE38, 0xEE38, 
	0xEE38, 0xEE38, 0xEE38, 0xEE38, 0xEE38, 0xEE38, 0xEE38, 0xEE38, 0xEE38, 
	0xEE38, 0xEE38, 0xEE38, 0xEE38, 0xEE38, 0xEE38, 0xEE38, 0xEE38, 0xEE38, 
	0xEE38, 0xEE38, 0xEE38, 0xEE38, 0xEE38, 0xEE38, 0xEE38, 0xEE38, 0xEE38, 
	0xEE38, 0xEE38, 0xEE38, 0xEE38, 0xEE38, 0xEE38, 0xEE38, 0xEE38, 0xEE38, 
	0xEE38, 0xEE38, 0xEE38, 0xEE38, 0xF039, 0xF23A, 0xF43A, 0xF63B, 0xF83C, 
	0xF9F3, 0xFBAA, 0xFD61, 0xFF18, 0x00D0, 0xFEF3, 0xFD17, 0xFB3B, 0xF95F, 
	0xF783, 0xF5A8, 0xF3CC, 0xF1F0, 0xF014, 0xEE38, 0xFFFE, 0x0001, 0xC170, 
	0xFFFD, 0xFFFD, 0xFFFD, 0xFFFD, 0xFFFD, 0xFFFD, 0xFFFD, 0xFFFD, 0xFFFD, 
	0xFFFD, 0xFFFD, 0xFFFD, 0xFFFD, 0xFFFD, 0xFFFD, 0xFFFD, 0xFFFD, 0xFFFD, 
	0xFFFD, 0xFFFD, 0xFFFD, 0xFFFD, 0xFFFD, 0xFFFD, 0xFFFD, 0xFFFD, 0xFFFD, 
	0xFFFD, 0xFFFD, 0xFFFD, 0xFFFD, 0xFFFD, 0xFFFD, 0xFFFD, 0xFFFD, 0xFFFD, 
	0xFFFD, 0xFFFD, 0xFFFD, 0xFFFD, 0xFFFD, 0xFFFD, 0xFFFD, 0xFFFD, 0xFFFD, 
	0xFFFD, 0xFFFD, 0xFFFD, 0xFFFD, 0xFFFD, 0xFFFD, 0xFFFD, 0xFFFD, 0xFFFD, 
	0xFFFD, 0xFFFD, 0xFFFD, 0xFFFD, 0xFFFD, 0xFFFC, 0xFFFC, 0xFFFC, 0xFFFC, 
	0xFFFC, 0xFFFC, 0xFFFC, 0xFFFC, 0xFFFC, 0xFFFC, 0xFFFC, 0xFFFC, 0xFFFC, 
	0xFFFC, 0xFFFC, 0xFFFC, 0xFFFC, 0xFFFC, 0xFFFC, 0xFFFC, 0xFFFC, 0xFFFC, 
	0xFEC8, 0xFDAC, 0xFCC3, 0xFC24, 0xFBEA, 0xFD2A, 0x0026, 0x03B5, 0x06B0, 
	0x07F0, 0x071C, 0x0524, 0x02CA, 0x00D1, 0xFFFC, 0xFFFC, 0xFFFC, 0xFFFC, 
	0xFFFC, 0xFFFC, 0xFFFC, 0xFFFC, 0xFFFC, 0xFFFC, 0xFFFC, 0xFFFC, 0xFFFC, 
	0xFFFC, 0xFFFC, 0xFFFC, 0xFFFC, 0xFFFC, 0xFFFC, 0xFFFC, 0xFFFC, 0xFFFC, 
	0xFFFC, 0xFFFC, 0xFFFC, 0xFFFD, 0x1557, 0x1557, 0x1557, 0x1557, 0x1557, 
	0x1557, 0x1557, 0x1557, 0x1557, 0x1557, 0x1557, 0x1557, 0x1557, 0x1557, 
	0x1557, 0x1557, 0x1557, 0x1557, 0x1557, 0x1557, 0x1557, 0x1557, 0x1557, 
	0x1557, 0x1557, 0x1557, 0x1557, 0x1557, 0x1557, 0x1557, 0x1557, 0x1557, 
	0x1557, 0x1557, 0x1557, 0x1557, 0x1557, 0x1557, 0x1557, 0x1557, 0x1557, 
	0x1557, 0x1557, 0x1557, 0x1557, 0x1557, 0x1557, 0x1557, 0x1557, 0x1557, 
	0x1557, 0x1557, 0x1557, 0x1557, 0x1557, 0x1557, 0x1557, 0x1557, 0x1557, 
	0x1557, 0x1557, 0x1557, 0x1557, 0x1557, 0x1557, 0x1557, 0x1557, 0x1557, 
	0x1557, 0x1557, 0x1557, 0x1557, 0x1557, 0x1557, 0x1557, 0x1557, 0x1557, 
	0x1557, 0x1557, 0x1557, 0x1557, 0x1555, 0x1550, 0x1542, 0x1527, 0x14FB, 
	0x14BD, 0x1476, 0x1434, 0x1403, 0x13F0, 0x1415, 0x146E, 0x14D9, 0x1532, 
	0x1557, 0x1557, 0x1557, 0x1557, 0x1557, 0x1557, 0x1557, 0x1557, 0x1557, 
	0x1557, 0x1557, 0x1557, 0x1557, 0x1557, 0x1557, 0x1557, 0x1557, 0x1557, 
	0x1557, 0x1557, 0x1557, 0x1668, 0x1779, 0x188A, 0x199B, 0x1AAC, 0x1BBD, 
	0x1CCE, 0x1DDF, 0x1EF0, 0x2002, 0x2002, 0x2002, 0x2002, 0x2002, 0x2002, 
	0x2002, 0x2002, 0x2002, 0x2002, 0x2002, 0x2002, 0x2002, 0x2002, 0x2002, 
	0x2002, 0x2002, 0x2002, 0x2002, 0x2002, 0x2002, 0x2002, 0x2002, 0x2002, 
	0x2002, 0x2002, 0x2002, 0x2002, 0x2002, 0x2002, 0x2002, 0x1EAC, 0x1D57, 
	0x1C02, 0x1AAC, 0x1957, 0x1802, 0x16AC, 0x1557, 0xC38D, 0xC38D, 0xC38D, 
	0xC38D, 0xC38D, 0xC38D, 0xC38D, 0xC38D, 0xC38D, 0xC38D, 0xC38D, 0xC38D, 
	0xC38D, 0xC38D, 0xC38D, 0xC38D, 0xC38D, 0xC38D, 0xC38D, 0xC38D, 0xC38D, 
	0xC38D, 0xC38D, 0xC38D, 0xC38D, 0xC38D, 0xC38D, 0xC38D, 0xC38D, 0xC38D, 
	0xC38D, 0xC38D, 0xC38D, 0xC38D, 0xC38D, 0xC38D, 0xC38D, 0xC38D, 0xC38D, 
	0xC38D, 0xC38D, 0xC38D, 0xC38D, 0xC38D, 0xC38D, 0xC38D, 0xC38D, 0xC38D, 
	0xC38D, 0xC38D, 0xC38D, 0xC1C5, 0xBFFE, 0xBE37, 0xBC70, 0xBAA9, 0xB8E2, 
	0xB71B, 0xB553, 0xB38C, 0xB1C5, 0xB1C5, 0xB1C5, 0xB1C5, 0xB1C5, 0xB1C5, 
	0xB1C5, 0xB1C5, 0xB1C5, 0xB1C5, 0xB1C5, 0xB1C5, 0xB1C5, 0xB1C5, 0xB1C5, 
	0xB1C5, 0xB1C5, 0xB1C5, 0xB1C5, 0xB1C5, 0xB1C5, 0xAF59, 0xAD1F, 0xAB4A, 
	0xAA0B, 0xA996, 0xAC20, 0xB22C, 0xB965, 0xBF72, 0xC1FB, 0xC04C, 0xBC47, 
	0xB77A, 0xB375, 0xB1C5, 0xB1C5, 0xB1C5, 0xB1C5, 0xB1C5, 0xB1C5, 0xB1C5, 
	0xB1C5, 0xB1C5, 0xB1C5, 0xB1C5, 0xB1C5, 0xB1C5, 0xB1C5, 0xB1C5, 0xB1C5, 
	0xB1C5, 0xB1C5, 0xB1C5, 0xB1C5, 0xB1C5, 0xB331, 0xB49D, 0xB609, 0xB775, 
	0xB8E1, 0xBA4D, 0xBBB9, 0xBD25, 0xBE92, 0xBFFE, 0xBFFE, 0xBFFE, 0xBFFE, 
	0xBFFE, 0xBFFE, 0xBFFE, 0xBFFE, 0xBFFE, 0xBFFE, 0xBFFE, 0xBFFE, 0xBFFE, 
	0xBFFE, 0xBFFE, 0xBFFE, 0xBFFE, 0xBFFE, 0xBFFE, 0xBFFE, 0xBFFE, 0xBFFE, 
	0xBFFE, 0xBFFE, 0xBFFE, 0xBFFE, 0xBFFE, 0xBFFE, 0xBFFE, 0xBFFE, 0xBFFE, 
	0xC06F, 0xC0E1, 0xC153, 0xC1C5, 0xC237, 0xC2A9, 0xC31B, 0xC38D, 0xFFFF, 
	0xFFFF, 0xFFFF, 0xFFFF, 0xFFFF, 0xFFFF, 0xFFFF, 0xFFFF, 0xFFFF, 0xFFFF, 
	0xFFFF, 0xFFFF, 0xFFFF, 0xFFFF, 0xFFFF, 0xFFFF, 0xFFFF, 0xFFFF, 0xFFFF, 
	0xFFFF, 0xFFFF, 0xFFFF, 0xFFFF, 0xFFFF, 0xFFFF, 0xFFFF, 0xFFFF, 0xFFFF, 
	0xFFFF, 0xFFFF, 0xFFFF, 0xFFFF, 0xFFFF, 0xFFFF, 0xFFFF, 0xFFFF, 0xFFFF, 
	0xFFFF, 0xFFFF, 0xFFFF, 0xFFFF, 0xFFFF, 0xFFFF, 0xFFFF, 0xFFFF, 0xFFFF, 
	0xFFFF, 0xFFFF, 0xFFFF, 0xFFFF, 0xFFFF, 0xFFFF, 0xFFFF, 0xFFFF, 0xFFFF, 
	0xFFFF, 0xFFFF, 0xFFFF, 0xFFFF, 0xFFFF, 0xFFFF, 0xFFFF, 0xFFFF, 0xFFFF, 
	0xFFFF, 0xFFFF, 0xFFFF, 0xFFFF, 0xFFFF, 0xFFFF, 0xFFFF, 0xFFFF, 0xFFFF, 
	0xFFFF, 0xFFFF, 0xFFFF, 0xFFFF, 0xFFFF, 0xFFFF, 0xFFFF, 0xFFFF, 0xFFFF, 
	0xFFFF, 0xFFFF, 0xFFFF, 0xFFFF, 0xFFFF, 0xFFFF, 0xFFFF, 0xFFFF, 0xFFFF, 
	0xFFFF, 0xFFFF, 0xFFFF, 0xFFFF, 0xFFFF, 0xFFFF, 0xFFFF, 0xFFFF, 0xFFFF, 
	0xFFFF, 0xFFFF, 0xFFFF, 0xFFFF, 0xFFFF, 0xFFFF, 0xFFFF, 0xFFFF, 0xFFFF, 
	0xFFFF, 0xFFFF, 0xFFFF, 0xFFFF, 0xFFFF, 0xFFFF, 0xFFFF, 0xFFFF, 0xFFFF, 
	0xFFFF, 0xFFFF, 0xFFFF, 0xFFFF, 0x0000, 0x0000, 0x0000, 0x0000, 0x0000, 
	0x0000, 0x0000, 0x0000, 0x0000, 0x0000, 0x0000, 0x0000, 0x0000, 0x0000, 
	0x0000, 0x0000, 0x0000, 0x0000, 0x0000, 0x0000, 0x0000, 0x0000, 0x0000, 
	0x0000, 0x0000, 0x0000, 0x0000, 0x0000, 0x0000, 0x0000, 0x0000, 0x0000, 
	0x0000, 0x0000, 0x0000, 0x0000, 0x0000, 0x0000, 0xFFFF, 0xFFFF, 0x0000, 
	0xFFFF, 0x0000, 0x0000, 0x0000, 0x0000, 0x0000, 0x0000, 0x0000, 0x0000, 
	0x0000, 0x0000, 0x0000, 0x0000, 0x0000, 0x0000, 0x0000, 0x0000, 0x0000, 
	0x0000, 0x0000, 0x0000, 0x0000, 0x0000, 0x0000, 0x0000, 0x0000, 0x0000, 
	0x0000, 0x0000, 0x0000, 0x0000, 0x0000, 0x0000, 0x0000, 0x0000, 0x0000, 
	0x0000, 0x0000, 0x0000, 0x0000, 0x0000, 0x0000, 0x0000, 0x0000, 0x0000, 
	0x0000, 0x0000, 0x0000, 0x0000, 0x0000, 0x0000, 0x0000, 0x0000, 0x0000, 
	0x0000, 0x0000, 0x0000, 0x0000, 0x0000, 0x0000, 0x0000, 0x0000, 0x0000, 
	0x0000, 0x0000, 0x0000, 0x0000, 0x0000, 0x0000, 0x0000, 0x0000, 0x0000, 
	0x0000, 0x0000, 0x0000, 0x0000, 0x0000, 0x0000, 0x0000, 0x0000, 0x0000, 
	0x0000, 0x0000, 0x0000, 0x0000, 0xFFFF, 0x0000, 0xFFFF, 0x0000, 0xBFFF, 
	0xBFFF, 0xBFFF, 0xBFFF, 0xBFFF, 0xBFFF, 0xBFFF, 0xBFFF, 0xBFFF, 0xBFFF, 
	0xBFFF, 0xBFFF, 0xBFFF, 0xBFFF, 0xBFFF, 0xBFFF, 0xBFFF, 0xBFFF, 0xBFFF, 
	0xBFFF, 0xBFFF, 0xBFFF, 0xBFFF, 0xBFFF, 0xBFFF, 0xBFFF, 0xBFFF, 0xBFFF, 
	0xBFFF, 0xBFFF, 0xBFFF, 0xBFFF, 0xBFFF, 0xBFFF, 0xBFFF, 0xBFFF, 0xBFFF, 
	0xBFFF, 0xBFFF, 0xBFFF, 0xBFFF, 0xBFFF, 0xBFFF, 0xBFFF, 0xBFFF, 0xBFFF, 
	0xBFFF, 0xBFFF, 0xBFFF, 0xBFFF, 0xBFFF, 0xBFFF, 0xBFFF, 0xBFFF, 0xBFFF, 
	0xBFFF, 0xBFFF, 0xBFFF, 0xBFFF, 0xBFFF, 0xBFFF, 0xBFFF, 0xBFFF, 0xBFFF, 
	0xBFFF, 0xBFFF, 0xBFFF, 0xBFFF, 0xBFFF, 0xBFFF, 0xBFFF, 0xBFFF, 0xBFFF, 
	0xBFFF, 0xBFFF, 0xBFFF, 0xBFFF, 0xBFFF, 0xBFFF, 0xBFFF, 0xBFFF, 0xC21C, 
	0xC312, 0xC05E, 0xBA6C, 0xB47A, 0xB1C6, 0xB462, 0xBB1A, 0xC445, 0xCE38, 
	0xD74E, 0xDDEC, 0xE07B, 0xDF3E, 0xDBE9, 0xD70F, 0xD144, 0xCB1B, 0xC529, 
	0xBFFF, 0xBC1F, 0xB9B6, 0xB8E3, 0xB948, 0xBA4C, 0xBBAF, 0xBD33, 0xBE96, 
	0xBF9A, 0xBFFF, 0xBFFF, 0xBFFF, 0xBFFF, 0xBFFF, 0xBFFF, 0xC666, 0xCCCC, 
	0xD332, 0xD999, 0xDFFF, 0xE665, 0xECCC, 0xF332, 0xF999, 0xFFFF, 0xFFFF, 
	0xFFFF, 0xFFFF, 0xFFFF, 0xFFFF, 0xFFFF, 0xFFFF, 0xFFFF, 0xFFFF, 0xFFFF, 
	0xFFFF, 0xFFFF, 0xFFFF, 0xFFFF, 0xFFFF, 0xFFFF, 0xFFFF, 0xFFFF, 0xFFFF, 
	0xFFFF, 0xFFFF, 0xFFFF, 0xFFFF, 0xFFFF, 0xFFFF, 0xFFFF, 0xFFFF, 0xFFFF, 
	0xFFFF, 0xFFFF, 0xF7FF, 0xEFFF, 0xE7FF, 0xDFFF, 0xD7FF, 0xCFFF, 0xC7FF, 
	0xBFFF, 0xFFFF, 0xFFFF, 0xFFFF, 0xFFFF, 0xFFFF, 0xFFFF, 0xFFFF, 0xFFFF, 
	0xFFFF, 0xFFFF, 0x0000, 0xFFFF, 0xFFFF, 0xFFFF, 0x0000, 0x0000, 0x0000, 
	0x0000, 0x0000, 0x0000, 0x0000, 0x0000, 0x0000, 0x0000, 0x0000, 0x0000, 
	0x0000, 0x0000, 0x0000, 0x0000, 0x0000, 0x0000, 0x0000, 0x0000, 0x0000, 
	0x0000, 0xFFFF, 0x0000, 0xFFFF, 0x0000, 0xFFFF, 0xFFFF, 0xFFFF, 0xFFFF, 
	0xFFFF, 0xFFFF, 0xFFFF, 0xFFFF, 0xFFFF, 0xFFFF, 0xFFFF, 0x0000, 0xFFFF, 
	0x0000, 0xFFFF, 0xFFFF, 0x0000, 0xFFFF, 0xFFFF, 0xFFFF, 0xFFFF, 0x0D0D, 
	0x1A1A, 0x2726, 0x3433, 0x4140, 0x4E3F, 0x5B3F, 0x683E, 0x753D, 0x823C, 
	0x8ED0, 0x9B63, 0xA7F7, 0xB48A, 0xC11E, 0xCDB1, 0xDA45, 0xE6D8, 0xF36C, 
	0x0000, 0xFFFF, 0x0000, 0x0000, 0x0000, 0xFFFF, 0x0000, 0xFFFF, 0xFFFF, 
	0x0000, 0xFFFF, 0x0000, 0xFFFF, 0xFFFF, 0x0000, 0xFFFF, 0xFFFF, 0x0000, 
	0xFFFF, 0xFFFF, 0x0000, 0xFFFF, 0xFFFF, 0xFFFF, 0xFFFF, 0xFFFF, 0xFFFF, 
	0xFFFF, 0xFFFF, 0xFFFF, 0x0000, 0x0000, 0x0000, 0x0000, 0x0000, 0x0000, 
	0x0000, 0xFFFF, 0xFFFF, 0x0000, 0xFFFF, 0x0000, 0xFFFF, 0x0000, 0xFFFF, 
	0x0000, 0x0000, 0x0000, 0x0000, 0x0000, 0x0000, 0x0000, 0x0000, 0x0000, 
	0x0000, 0x0000, 0x0000, 0x0000, 0x0000, 0x0000, 0x0000, 0x0000, 0x0000, 
	0x0000, 0x0000, 0x0000, 0x0000, 0x0000, 0x0000, 0x0000, 0x0000, 0x0000, 
	0x0000, 0x0000, 0x0000, 0x0000, 0x0000, 0xFFFF, 0x0000, 0x0000, 0x0000, 
	0xFFFF, 0x0000, 0xFFFF, 0x0000, 0xFFFF, 0xFFFF, 0xFFFF, 0x0000, 0x0000, 
	0x0000, 0x0000, 0x0000, 0x0000, 0x0000, 0x0000, 0x0000, 0x0000, 0x0000, 
	0x0000, 0x0000, 0x0000, 0x0000, 0x0000, 0x0000, 0x0000, 0x0000, 0x0000, 
	0x0000, 0x0000, 0x0000, 0x0000, 0x0000, 0x0000, 0x0000, 0x0000, 0x0000, 
	0x0000, 0x0000, 0x0000, 0x0000, 0x0000, 0x0000, 0x0000, 0x0000, 0x0000, 
	0x0000, 0x0000, 0x0000, 0x0000, 0x0000, 0x0000, 0x0000, 0x0000, 0x0000, 
	0x0000, 0x0000, 0x0000, 0x0000, 0xFFFF, 0x0000, 0x0000, 0x0000, 0x0000, 
	0x0000, 0x0000, 0x0000, 0x03ED, 0x07D9, 0x0BC6, 0x0FB3, 0x13A0, 0x0D99, 
	0x0792, 0x018B, 0xFB83, 0xF57C, 0xF68A, 0xF797, 0xF8A4, 0xF9B1, 0xFABE, 
	0xFBCB, 0xFCD8, 0xFDE5, 0xFEF2, 0x0000, 0x0000, 0x0000, 0x0000, 0x0000, 
	0x0000, 0x0000, 0x0000, 0x0000, 0x0000, 0x0000, 0x0000, 0x0000, 0x0000, 
	0x0000, 0x0000, 0x0000, 0x0000, 0x0000, 0xFFFF, 0x0000, 0x0000, 0x0000, 
	0x0000, 0x0000, 0x0000, 0x0000, 0xFFFF, 0x0000, 0x0000, 0x0000, 0x0000, 
	0x0000, 0x0000, 0x0000, 0x0000, 0x0000, 0x0000, 0x0000, 0x0000, 0x0000, 
	0x0000, 0x0000, 0x0000, 0xFFFF, 0x0000, 0x0000, 0x0000, 0x0000, 0x0000, 
	0x0000, 0x0000, 0x0000, 0x0000, 0x0000, 0x0000, 0x0000, 0x0000, 0x0000, 
	0x0000, 0x0000, 0x0000, 0x0000, 0x0000, 0x0000, 0x0000, 0x0000, 0x0000, 
	0x0000, 0x0000, 0x0000, 0x0000, 0x0000, 0x0000, 0x0000, 0x0000, 0xFFFF, 
	0xFFFF, 0xFFFF, 0x0000, 0x0000, 0x0000, 0x0000, 0x0000, 0x0000, 0x0000, 
	0x0000, 0xFFFF, 0xEE38, 0xEE38, 0xEE38, 0xEE38, 0xEE38, 0xEE38, 0xEE38, 
	0xEE38, 0xEE38, 0xEE38, 0xEE38, 0xEE38, 0xEE38, 0xEE38, 0xEE38, 0xEE38, 
	0xEE38, 0xEE38, 0xEE38, 0xEE38, 0xEE38, 0xEE38, 0xEE38, 0xEE38, 0xEE38, 
	0xEE38, 0xEE38, 0xEE38, 0xEE38, 0xEE38, 0xEE38, 0xEE38, 0xEE38, 0xEE38, 
	0xEE38, 0xEE38, 0xEE38, 0xEE38, 0xEE38, 0xEE38, 0xEE38, 0xEE38, 0xEE38, 
	0xEE38, 0xEE38, 0xEE38, 0xEE38, 0xEE38, 0xEE38, 0xEE38, 0xEE38, 0xEE38, 
	0xEE38, 0xEE38, 0xEE38, 0xEE38, 0xEE38, 0xEE38, 0xEE38, 0xEE38, 0xEE38, 
	0xF039, 0xF23A, 0xF43B, 0xF63C, 0xF83D, 0xF9F3, 0xFBAA, 0xFD61, 0xFF18, 
	0x00D0, 0xFEF3, 0xFD17, 0xFB3B, 0xF95F, 0xF783, 0xF5A7, 0xF3CC, 0xF1F0, 
	0xF014, 0xEE38, 0xFFFF, 0xFFFF, 0xCD97, 0xFFFF, 0x0000, 0xB1C6, 0xFFFF, 
	0xFFFF, 0x0000, 0x0000, 0x0000, 0x0000, 0x0000, 0x0000, 0x0000, 0x0000, 
	0x0000, 0x0000, 0x0000, 0x0000, 0x0000, 0x0000, 0x0000, 0x0000, 0x0000, 
	0x0000, 0x0000, 0x0000, 0x0000, 0x0000, 0x0000, 0x0000, 0x0000, 0x0000, 
	0x0000, 0x0000, 0x0000, 0x0000, 0x0000, 0x0000, 0x0000, 0x0000, 0x0000, 
	0x0000, 0x0000, 0x0000, 0x0000, 0x0000, 0x0000, 0x0000, 0x0000, 0x0000, 
	0xFFFF, 0xFFFF, 0xFFFF, 0xFFFF, 0xFFFF, 0xFFFF, 0x0000, 0xFFFF, 0x0000, 
	0xCFA4, 0x0000, 0xFFFF, 0xFFFF, 0xFFFF, 0xFFFF, 0xFFFF, 0xFFFF, 0xFFFF, 
	0xFFFF, 0xFFFF, 0xFFFF, 0xFFFF, 0xFFFF, 0xFFFF, 0xFFFF, 0xFFFF, 0xFFFF, 
	0xFFFF, 0xFFFF, 0xFFFF, 0xFFFF, 0xFFFF, 0xFFFF, 0xFFFF, 0xFFFF, 0xFFFF, 
	0xFFFF, 0xFFFF, 0xFFFF, 0xFFFF, 0xFFFF, 0xFFFF, 0xFFFF, 0xFFFF, 0xFFFF, 
	0xFFFF, 0xFFFF, 0xFFFF, 0xFFFF, 0xFFFF, 0xFFFF, 0xFFFF, 0xFFFF, 0xFFFF, 
	0xFFFF, 0x0000, 0x0000, 0x0000, 0x0000, 0x0000, 0x0000, 0xFFFF, 0xCD97, 
	0xFFFF, 0xFFFF, 0xFFFF, 0xFFFF, 0xFFFF, 0xFFFF, 0xFFFF, 0xFFFF, 0xFFFF, 
	0xFFFF, 0xFFFF, 0xFFFF, 0xFFFF, 0xFFFF, 0xFFFF, 0xFFFF, 0xFFFF, 0xFFFF, 
	0xFFFF, 0x0000, 0x0000, 0x0000, 0x0000, 0x0000, 0x0000, 0x0000, 0x0000, 
	0x0000, 0x0000, 0x0000, 0x0000, 0x0000, 0x0000, 0x0000, 0x0000, 0x0000, 
	0x0000, 0x0000, 0x0000, 0x0000, 0x0000, 0x0000, 0x0000, 0x0000, 0x0000, 
	0x0000, 0x0000, 0x0000, 0x0000, 0x0000, 0xFFFF, 0xFFFF, 0xB1C6, 0x0000, 
	0x0000, 0x0000, 0x0000, 0x0000, 0x0000, 0x0000, 0x0000, 0x0000, 0x0000, 
	0x0000, 0x0000, 0x0000, 0x0000, 0x0000, 0x0000, 0x0000, 0x0000, 0x0000, 
	0x0000, 0xFFFF, 0xFFFF, 0xFFFF, 0xFFFF, 0xFFFF, 0xFFFF, 0xFFFF, 0xFFFF, 
	0xFFFF, 0xFFFF, 0xFFFF, 0xFFFF, 0xFFFF, 0xFFFF, 0xFFFF, 0xFFFF, 0xFFFF, 
	0xFFFF, 0xFFFF, 0xFFFF, 0xFFFF, 0xFFFF, 0xFFFF, 0xFFFF, 0xFFFF, 0xFFFF, 
	0xFFFF, 0xFFFF, 0xFFFF, 0xFFFF, 0xFFFF, 0x0000, 0xFFFF, 0xFFFF, 0xFFFF, 
	0xFFFF, 0xFFFF, 0xFFFF, 0xFFFF, 0xFFFF, 0xFFFF, 0xFFFF, 0xFFFF, 0xFFFF, 
	0xFFFF, 0xFFFF, 0xFFFF, 0xFFFF, 0xFFFF, 0xFFFF, 0xFFFF, 0x0000, 0x0000, 
	0x0000, 0x0000, 0x0000, 0x0000, 0x0000, 0x0000, 0x0000, 0x0000, 0x0000, 
	0x0000, 0x0000, 0x0000, 0x0000, 0x0000, 0x0000, 0x0000, 0x0000, 0x0000, 
	0x0000, 0x0000, 0x0000, 0x0000, 0x0000, 0xFFFF, 0xFFFF, 0x0000, 0xCFA4, 
	

},{ 
	0x0001, 0x0000, 0x0001, 0x0001, 0x0001, 0x0002, 0x0001, 0x0003, 0x0001, 
	0x0004, 0x0001, 0x0005, 0x0001, 0x0006, 0x0001, 0x0007, 0x0001, 0x0008, 
	0x00A9, 0x0009, 0x00A4, 0x00B2, 0x00A4, 0x0156, 0x00A9, 0x01FA, 0x00A2, 
	0x02A3, 0x00A9, 0x0345, 0x0001, 0x03EE, 0x0001, 0x03EF, 0x0001, 0x03F0, 
	0x007D, 0x03F1, 0x00A4, 0x046E, 0x00A4, 0x0512, 0x00A9, 0x05B6, 0x0079, 
	0x065F, 0x00A4, 0x06D8, 0x00A3, 0x077C, 0x00A8, 0x081F, 0x0051, 0x08C7, 
	0x0001, 0x0918, 0x0001, 0x0919, 0x0001, 0x091A, 0x0079, 0x091B, 0x00A4, 
	0x0994, 0x00A4, 0x0A38, 0x00A4, 0x0ADC, 0x0058, 0x0B80, 0x00A4, 0x0BD8, 
	0x00A6, 0x0C7C, 0x00A8, 0x0D22, 0x0051, 0x0DCA, 0x0001, 0x0E1B, 0x0001, 
	0x0E1C, 0x0001, 0x0E1D, 0x0001, 0x0E1E, 0x0001, 0x0E1F, 0x0001, 0x0E20, 
	0x0001, 0x0E21, 0x0001, 0x0E22, 0x0033, 0x0E23, 0x0001, 0x0E56, 0x0001, 
	0x0E57, 0x0001, 0x0E58, 0x0001, 0x0E59, 0x0033, 0x0E5A, 0x0001, 0x0E8D, 
	0x0033, 0x0E8E, 0x0001, 0x0EC1, 0x0001, 0x0EC2, 0x0001, 0x0EC3, 0x0033, 
	0x0EC4, 0x002D, 0x0EF7, 0x0001, 0x0F24, 0x0001, 0x0F25, 0x0001, 0x0F26, 
	

});
smlua_anim_util_register_animation('cr_anim_j355_idle',0, 0, 0, 0, 29, { 
	0x0000, 0x00BB, 0x0000, 0x0000, 0x3FFF, 0x0000, 0xFFFF, 0x0000, 0x4000, 
	0xF55E, 0xF803, 0xFAA7, 0xFD4C, 0xFFF0, 0x0296, 0x053A, 0x07DF, 0x0A83, 
	0x0A87, 0x0A8B, 0x0A90, 0x0A94, 0x0A98, 0x0A9C, 0x0AA1, 0x07FC, 0x0558, 
	0x02B3, 0x000F, 0xFD69, 0xFAC5, 0xF820, 0xF57C, 0xF578, 0xF574, 0xF56F, 
	0xF56B, 0xF567, 0xF563, 0xFF14, 0xFF6C, 0xFFC4, 0x001D, 0x0075, 0x00CD, 
	0x0125, 0x017D, 0x01D5, 0x01B4, 0x0192, 0x0171, 0x014F, 0x012E, 0x010D, 
	0x00EB, 0x0093, 0x003B, 0xFFE2, 0xFF8A, 0xFF32, 0xFEDA, 0xFE82, 0xFE2A, 
	0xFE4B, 0xFE6D, 0xFE8E, 0xFEB0, 0xFED1, 0xFEF2, 0xFC90, 0xFC22, 0xFBB4, 
	0xFB46, 0xFAD8, 0xFA6A, 0xF9FB, 0xF98D, 0xF91F, 0xF99D, 0xFA1B, 0xFA99, 
	0xFB16, 0xFB94, 0xFC12, 0xFC90, 0xFC22, 0xFBB4, 0xFB46, 0xFAD8, 0xFA6A, 
	0xF9FB, 0xF98D, 0xF91F, 0xF99D, 0xFA1B, 0xFA99, 0xFB16, 0xFB94, 0xFC12, 
	0x0AAB, 0x0801, 0x0558, 0x02AE, 0x0005, 0xFD5B, 0xFAB1, 0xF808, 0xF55E, 
	0xF55D, 0xF55B, 0xF55A, 0xF559, 0xF557, 0xF556, 0xF554, 0xF7FE, 0xFAA7, 
	0xFD51, 0xFFFA, 0x02A4, 0x054E, 0x07F7, 0x0AA1, 0x0AA2, 0x0AA4, 0x0AA5, 
	0x0AA6, 0x0AA8, 0x0AA9, 0xFFFF, 0x001D, 0x003B, 0x0058, 0x0076, 0x0093, 
	0x00B0, 0x00CE, 0x00EB, 0x00CA, 0x00A8, 0x0086, 0x0065, 0x0043, 0x0022, 
	0xFFFF, 0xFFE2, 0xFFC4, 0xFFA7, 0xFF89, 0xFF6C, 0xFF4E, 0xFF31, 0xFF14, 
	0xFF35, 0xFF57, 0xFF78, 0xFF9A, 0xFFBC, 0xFFDD, 0x038E, 0x03FC, 0x046A, 
	0x04D8, 0x0546, 0x05B4, 0x0622, 0x0690, 0x06FE, 0x0680, 0x0602, 0x0585, 
	0x0507, 0x0489, 0x040C, 0x038E, 0x03FC, 0x046A, 0x04D8, 0x0546, 0x05B4, 
	0x0622, 0x0690, 0x06FD, 0x0680, 0x0602, 0x0585, 0x0507, 0x0489, 0x040C, 
	0xFFFE, 0x0001, 0xC170, 0xFFFE, 0xFE90, 0xFD21, 0xFBB3, 0xFA45, 0xF8D6, 
	0xF768, 0xF5FA, 0xF48B, 0xF48B, 0xF48B, 0xF48B, 0xF48B, 0xF48B, 0xF48B, 
	0xF48B, 0xF5FA, 0xF768, 0xF8D6, 0xFA45, 0xFBB3, 0xFD21, 0xFE90, 0xFFFE, 
	0xEAAB, 0xEB0E, 0xEB70, 0xEBD3, 0xEC36, 0xEC99, 0xECFC, 0xED5F, 0xEDC1, 
	0xEDC1, 0xEDC1, 0xEDC1, 0xEDC1, 0xEDC1, 0xEDC1, 0xEDC1, 0xED5F, 0xECFC, 
	0xEC99, 0xEC36, 0xEBD3, 0xEB70, 0xEB0E, 0xEAAB, 0xC38E, 0xC68D, 0xC98B, 
	0xCC8A, 0xCF88, 0xD287, 0xD585, 0xD884, 0xDB83, 0xDB83, 0xDB83, 0xDB83, 
	0xDB83, 0xDB83, 0xDB83, 0xDB83, 0xD884, 0xD585, 0xD287, 0xCF88, 0xCC8A, 
	0xC98B, 0xC68D, 0xC38E, 0xFFFF, 0xFFFF, 0xFFFF, 0xFFFF, 0xFFFF, 0xFFFF, 
	0xFFFF, 0xFFFF, 0xFFFF, 0x0000, 0x0000, 0x0000, 0xFFFF, 0x0000, 0x0000, 
	0x0000, 0x0000, 0x0000, 0x0000, 0x0000, 0x0000, 0x0000, 0x0000, 0xFFFF, 
	0x0000, 0xBFFF, 0xC1C6, 0xC38D, 0xC555, 0xC71C, 0xC8E3, 0xCAAA, 0xCC71, 
	0xCE38, 0xCE38, 0xCE38, 0xCE38, 0xCE38, 0xCE38, 0xCE38, 0xCE38, 0xCC71, 
	0xCAAA, 0xC8E3, 0xC71C, 0xC555, 0xC38D, 0xC1C6, 0xBFFF, 0x0000, 0xFFFF, 
	0x0000, 0x0000, 0xFFFF, 0xFFFF, 0x0000, 0x0000, 0x0000, 0x0000, 0x0000, 
	0xFFFF, 0x0000, 0x0000, 0xFFFF, 0x0000, 0xFFFF, 0x0000, 0xFFFF, 0x0000, 
	0x0000, 0xFFFF, 0xFFFF, 0x0000, 0x0000, 0xFFFF, 0x0000, 0xFFFF, 0xFFFF, 
	0xFFFF, 0xFFFF, 0xFFFF, 0xFFFF, 0xFFFF, 0xFFFF, 0xFFFF, 0xFFFF, 0xFFFF, 
	0xFFFF, 0xFFFF, 0xFFFF, 0xFFFF, 0xFFFF, 0x0000, 0xFFFF, 0xFFFF, 0xFFFF, 
	0xFFFF, 0xFFFF, 0xFFFF, 0xFFFF, 0xFFFF, 0xFFFF, 0xFFFF, 0xFFFF, 0xFFFF, 
	0x0000, 0xEE38, 0xFFFE, 0x0001, 0xC170, 0x0B73, 0x0A04, 0x0896, 0x0727, 
	0x05B9, 0x044A, 0x02DB, 0x016D, 0xFFFD, 0xFFFD, 0xFFFD, 0xFFFD, 0xFFFD, 
	0xFFFD, 0xFFFD, 0xFFFD, 0x016D, 0x02DB, 0x044A, 0x05B9, 0x0727, 0x0896, 
	0x0A04, 0x0B73, 0x1241, 0x12A4, 0x1307, 0x1369, 0x13CC, 0x142F, 0x1492, 
	0x14F4, 0x1557, 0x1557, 0x1557, 0x1557, 0x1557, 0x1557, 0x1557, 0x1557, 
	0x14F4, 0x1492, 0x142F, 0x13CC, 0x1369, 0x1307, 0x12A4, 0x1241, 0xDB82, 
	0xD884, 0xD585, 0xD286, 0xCF87, 0xCC89, 0xC98A, 0xC68B, 0xC38D, 0xC38D, 
	0xC38D, 0xC38D, 0xC38D, 0xC38D, 0xC38D, 0xC38D, 0xC68B, 0xC98A, 0xCC89, 
	0xCF87, 0xD286, 0xD585, 0xD884, 0xDB82, 0x0000, 0x0000, 0x0000, 0x0000, 
	0x0000, 0x0000, 0x0000, 0x0000, 0xFFFF, 0xFFFF, 0xFFFF, 0xFFFF, 0xFFFF, 
	0xFFFF, 0xFFFF, 0xFFFF, 0xFFFF, 0xFFFF, 0xFFFF, 0xFFFF, 0xFFFF, 0xFFFF, 
	0xFFFF, 0x0000, 0x0000, 0xCE38, 0xCC71, 0xCAAA, 0xC8E3, 0xC71C, 0xC555, 
	0xC38D, 0xC1C6, 0xBFFF, 0xBFFF, 0xBFFF, 0xBFFF, 0xBFFF, 0xBFFF, 0xBFFF, 
	0xBFFF, 0xC1C6, 0xC38D, 0xC555, 0xC71C, 0xC8E3, 0xCAAA, 0xCC71, 0xCE38, 
	0xFFFF, 0x0000, 0xEE38, 0x0000, 0x0000, 0x0000, 0x0000, 0x0000, 0x0000, 
	0x0000, 0x0000, 0x0000, 0x0000, 0x0000, 0x0000, 0x0000, 0x0000, 0x0000, 
	0x0000, 0x0000, 0x0000, 0x0000, 0xFFFF, 0xFFFF, 0xCD97, 0xFFFF, 0xFFFF, 
	0xB1C6, 0xFFFF, 0xFFFF, 0xFFFF, 0xFFFF, 0xFFFF, 0xFFFF, 0xFFFF, 0xFFFF, 
	0xFFFF, 0xFFFF, 0xFFFF, 0xFFFF, 0xFFFF, 0xFFFF, 0xFFFF, 0xFFFF, 0xFFFF, 
	0xFFFF, 0xFFFF, 0x0000, 0xFFFF, 0xFFFF, 0xFFFF, 0x0000, 0xCFA4, 0x0000, 
	0xFFFF, 0xCD97, 0xFFFF, 0xFFFF, 0xB1C6, 0xFFFF, 0xFFFF, 0x0000, 0xFFFF, 
	0x0000, 0xCFA4, 

},{ 
	0x0001, 0x0000, 0x0001, 0x0001, 0x0001, 0x0002, 0x0001, 0x0003, 0x0001, 
	0x0004, 0x0001, 0x0005, 0x0001, 0x0006, 0x0001, 0x0007, 0x0001, 0x0008, 
	0x001E, 0x0009, 0x001E, 0x0027, 0x001E, 0x0045, 0x001E, 0x0063, 0x001E, 
	0x0081, 0x001E, 0x009F, 0x0001, 0x00BD, 0x0001, 0x00BE, 0x0001, 0x00BF, 
	0x0018, 0x00C0, 0x0018, 0x00D8, 0x0018, 0x00F0, 0x0018, 0x0108, 0x0001, 
	0x0120, 0x0018, 0x0121, 0x001B, 0x0139, 0x001E, 0x0154, 0x0001, 0x0172, 
	0x0001, 0x0173, 0x0001, 0x0174, 0x0001, 0x0175, 0x0018, 0x0176, 0x0018, 
	0x018E, 0x0018, 0x01A6, 0x0018, 0x01BE, 0x0001, 0x01D6, 0x0018, 0x01D7, 
	0x0001, 0x01EF, 0x0001, 0x01F0, 0x0001, 0x01F1, 0x0014, 0x01F2, 0x0001, 
	0x0206, 0x0001, 0x0207, 0x0001, 0x0208, 0x0001, 0x0209, 0x0001, 0x020A, 
	0x0014, 0x020B, 0x0001, 0x021F, 0x0001, 0x0220, 0x0001, 0x0221, 0x0001, 
	0x0222, 0x0001, 0x0223, 0x0001, 0x0224, 0x0001, 0x0225, 0x0001, 0x0226, 
	0x0001, 0x0227, 0x0001, 0x0228, 0x0001, 0x0229, 0x0001, 0x022A, 0x0001, 
	0x022B, 0x0001, 0x022C, 0x0001, 0x022D, 0x0001, 0x022E, 0x0001, 0x022F, 
	

});
smlua_anim_util_register_animation('cr_anim_j355_idle_alt',0, 0, 0, 0, 29, { 
	0x0000, 0x00BB, 0x0000, 0x0000, 0x3FFF, 0x0000, 0xFFFF, 0x0000, 0x4000, 
	0xF55E, 0xF808, 0xFAB1, 0xFD5B, 0x0005, 0x02AE, 0x0558, 0x0801, 0x0AAB, 
	0x0AA9, 0x0AA8, 0x0AA6, 0x0AA5, 0x0AA4, 0x0AA2, 0x0AA1, 0x07F7, 0x054E, 
	0x02A4, 0xFFFA, 0xFD51, 0xFAA7, 0xF7FE, 0xF554, 0xF556, 0xF557, 0xF559, 
	0xF55A, 0xF55B, 0xF55D, 0xFF14, 0xFF31, 0xFF4F, 0xFF6C, 0xFF89, 0xFFA7, 
	0xFFC4, 0xFFE2, 0xFFFF, 0x0022, 0x0043, 0x0065, 0x0086, 0x00A8, 0x00CA, 
	0x00EB, 0x00CE, 0x00B0, 0x0093, 0x0076, 0x0058, 0x003B, 0x001D, 0x0000, 
	0xFFDD, 0xFFBC, 0xFF9A, 0xFF79, 0xFF57, 0xFF35, 0xFC90, 0xFCFE, 0xFD6B, 
	0xFDD9, 0xFE47, 0xFEB5, 0xFF23, 0xFF91, 0x0000, 0xFF81, 0xFF04, 0xFE86, 
	0xFE09, 0xFD8B, 0xFD0D, 0xFC90, 0xFCFE, 0xFD6B, 0xFDD9, 0xFE47, 0xFEB5, 
	0xFF23, 0xFF91, 0x0000, 0xFF81, 0xFF04, 0xFE86, 0xFE09, 0xFD8B, 0xFD0D, 
	0x0AAB, 0x0801, 0x0558, 0x02AE, 0x0005, 0xFD5B, 0xFAB1, 0xF808, 0xF55E, 
	0xF55D, 0xF55B, 0xF55A, 0xF559, 0xF557, 0xF556, 0xF554, 0xF7FE, 0xFAA7, 
	0xFD51, 0xFFFA, 0x02A4, 0x054E, 0x07F7, 0x0AA1, 0x0AA2, 0x0AA4, 0x0AA5, 
	0x0AA6, 0x0AA8, 0x0AA9, 0xFFFF, 0xFFE2, 0xFFC4, 0xFFA7, 0xFF89, 0xFF6C, 
	0xFF4E, 0xFF31, 0xFF14, 0xFF35, 0xFF57, 0xFF78, 0xFF9A, 0xFFBC, 0xFFDD, 
	0xFFFF, 0x001D, 0x003B, 0x0058, 0x0076, 0x0093, 0x00B0, 0x00CE, 0x00EB, 
	0x00CA, 0x00A8, 0x0086, 0x0065, 0x0043, 0x0022, 0x038E, 0x0320, 0x02B2, 
	0x0244, 0x01D7, 0x0169, 0x00FB, 0x008D, 0x001F, 0x009C, 0x011A, 0x0198, 
	0x0215, 0x0293, 0x0311, 0x038E, 0x0320, 0x02B2, 0x0244, 0x01D7, 0x0169, 
	0x00FB, 0x008D, 0x001F, 0x009C, 0x011A, 0x0198, 0x0215, 0x0293, 0x0311, 
	0xFFFE, 0x0001, 0xC170, 0xFFFE, 0xFE90, 0xFD21, 0xFBB3, 0xFA45, 0xF8D6, 
	0xF768, 0xF5FA, 0xF48B, 0xF48B, 0xF48B, 0xF48B, 0xF48B, 0xF48B, 0xF48B, 
	0xF48B, 0xF5FA, 0xF768, 0xF8D6, 0xFA45, 0xFBB3, 0xFD21, 0xFE90, 0xFFFE, 
	0xEAAB, 0xEB0E, 0xEB70, 0xEBD3, 0xEC36, 0xEC99, 0xECFC, 0xED5F, 0xEDC1, 
	0xEDC1, 0xEDC1, 0xEDC1, 0xEDC1, 0xEDC1, 0xEDC1, 0xEDC1, 0xED5F, 0xECFC, 
	0xEC99, 0xEC36, 0xEBD3, 0xEB70, 0xEB0E, 0xEAAB, 0xC38E, 0xC68D, 0xC98B, 
	0xCC8A, 0xCF88, 0xD287, 0xD585, 0xD884, 0xDB83, 0xDB83, 0xDB83, 0xDB83, 
	0xDB83, 0xDB83, 0xDB83, 0xDB83, 0xD884, 0xD585, 0xD287, 0xCF88, 0xCC8A, 
	0xC98B, 0xC68D, 0xC38E, 0xFFFF, 0xFFFF, 0xFFFF, 0xFFFF, 0xFFFF, 0xFFFF, 
	0xFFFF, 0xFFFF, 0x0000, 0x0000, 0x0000, 0x0000, 0x0000, 0x0000, 0x0000, 
	0x0000, 0x0000, 0x0000, 0x0000, 0x0000, 0x0000, 0x0000, 0x0000, 0xFFFF, 
	0x0000, 0xBFFF, 0xC1C6, 0xC38D, 0xC555, 0xC71C, 0xC8E3, 0xCAAA, 0xCC71, 
	0xCE38, 0xCE38, 0xCE38, 0xCE38, 0xCE38, 0xCE38, 0xCE38, 0xCE38, 0xCC71, 
	0xCAAA, 0xC8E3, 0xC71C, 0xC555, 0xC38D, 0xC1C6, 0xBFFF, 0x0000, 0x0000, 
	0xFFFF, 0xFFFF, 0x0000, 0xFFFF, 0x0000, 0x0000, 0xFFFF, 0xFFFF, 0xFFFF, 
	0x0000, 0x0000, 0xFFFF, 0x0000, 0x0000, 0x0000, 0x0000, 0xFFFF, 0xFFFF, 
	0x0000, 0x0000, 0x0000, 0x0000, 0x0000, 0xFFFF, 0xFFFF, 0xFFFF, 0x0000, 
	0xFFFF, 0xFFFF, 0xFFFF, 0xFFFF, 0xFFFF, 0xFFFF, 0xFFFF, 0xFFFF, 0xFFFF, 
	0xFFFF, 0xFFFF, 0xFFFF, 0xFFFF, 0xFFFF, 0xFFFF, 0xFFFF, 0xFFFF, 0xFFFF, 
	0xFFFF, 0xFFFF, 0xFFFF, 0xFFFF, 0x0000, 0xFFFF, 0xEE38, 0xFFFE, 0x0001, 
	0xC170, 0x0B73, 0x0A04, 0x0896, 0x0727, 0x05B9, 0x044A, 0x02DB, 0x016D, 
	0xFFFD, 0xFFFD, 0xFFFD, 0xFFFD, 0xFFFD, 0xFFFD, 0xFFFD, 0xFFFD, 0x016D, 
	0x02DB, 0x044A, 0x05B9, 0x0727, 0x0896, 0x0A04, 0x0B73, 0x1241, 0x12A4, 
	0x1307, 0x1369, 0x13CC, 0x142F, 0x1492, 0x14F4, 0x1557, 0x1557, 0x1557, 
	0x1557, 0x1557, 0x1557, 0x1557, 0x1557, 0x14F4, 0x1492, 0x142F, 0x13CC, 
	0x1369, 0x1307, 0x12A4, 0x1241, 0xDB82, 0xD884, 0xD585, 0xD286, 0xCF87, 
	0xCC89, 0xC98A, 0xC68B, 0xC38D, 0xC38D, 0xC38D, 0xC38D, 0xC38D, 0xC38D, 
	0xC38D, 0xC38D, 0xC68B, 0xC98A, 0xCC89, 0xCF87, 0xD286, 0xD585, 0xD884, 
	0xDB82, 0x0000, 0x0000, 0x0000, 0x0000, 0x0000, 0x0000, 0x0000, 0x0000, 
	0xFFFF, 0xFFFF, 0xFFFF, 0xFFFF, 0xFFFF, 0xFFFF, 0xFFFF, 0xFFFF, 0xFFFF, 
	0xFFFF, 0xFFFF, 0xFFFF, 0xFFFF, 0x0000, 0xFFFF, 0x0000, 0x0000, 0xCE38, 
	0xCC71, 0xCAAA, 0xC8E3, 0xC71C, 0xC555, 0xC38D, 0xC1C6, 0xBFFF, 0xBFFF, 
	0xBFFF, 0xBFFF, 0xBFFF, 0xBFFF, 0xBFFF, 0xBFFF, 0xC1C6, 0xC38D, 0xC555, 
	0xC71C, 0xC8E3, 0xCAAA, 0xCC71, 0xCE38, 0xFFFF, 0x0000, 0xEE38, 0x0000, 
	0x0000, 0x0000, 0x0000, 0x0000, 0x0000, 0x0000, 0x0000, 0x0000, 0x0000, 
	0x0000, 0x0000, 0x0000, 0x0000, 0x0000, 0x0000, 0x0000, 0x0000, 0x0000, 
	0xFFFF, 0xFFFF, 0xCD97, 0xFFFF, 0xFFFF, 0xB1C6, 0xFFFF, 0xFFFF, 0xFFFF, 
	0xFFFF, 0xFFFF, 0xFFFF, 0xFFFF, 0xFFFF, 0xFFFF, 0xFFFF, 0xFFFF, 0xFFFF, 
	0xFFFF, 0xFFFF, 0xFFFF, 0xFFFF, 0xFFFF, 0xFFFF, 0xFFFF, 0x0000, 0xFFFF, 
	0xFFFF, 0xFFFF, 0x0000, 0xCFA4, 0x0000, 0xFFFF, 0xCD97, 0xFFFF, 0xFFFF, 
	0xB1C6, 0xFFFF, 0xFFFF, 0x0000, 0xFFFF, 0x0000, 0xCFA4, 

},{ 
	0x0001, 0x0000, 0x0001, 0x0001, 0x0001, 0x0002, 0x0001, 0x0003, 0x0001, 
	0x0004, 0x0001, 0x0005, 0x0001, 0x0006, 0x0001, 0x0007, 0x0001, 0x0008, 
	0x001E, 0x0009, 0x001E, 0x0027, 0x001E, 0x0045, 0x001E, 0x0063, 0x001E, 
	0x0081, 0x001E, 0x009F, 0x0001, 0x00BD, 0x0001, 0x00BE, 0x0001, 0x00BF, 
	0x0018, 0x00C0, 0x0018, 0x00D8, 0x0018, 0x00F0, 0x0018, 0x0108, 0x0001, 
	0x0120, 0x0018, 0x0121, 0x001E, 0x0139, 0x0017, 0x0157, 0x0001, 0x016E, 
	0x0001, 0x016F, 0x0001, 0x0170, 0x0001, 0x0171, 0x0018, 0x0172, 0x0018, 
	0x018A, 0x0018, 0x01A2, 0x0018, 0x01BA, 0x0001, 0x01D2, 0x0018, 0x01D3, 
	0x0001, 0x01EB, 0x0001, 0x01EC, 0x0001, 0x01ED, 0x0014, 0x01EE, 0x0001, 
	0x0202, 0x0001, 0x0203, 0x0001, 0x0204, 0x0001, 0x0205, 0x0001, 0x0206, 
	0x0014, 0x0207, 0x0001, 0x021B, 0x0001, 0x021C, 0x0001, 0x021D, 0x0001, 
	0x021E, 0x0001, 0x021F, 0x0001, 0x0220, 0x0001, 0x0221, 0x0001, 0x0222, 
	0x0001, 0x0223, 0x0001, 0x0224, 0x0001, 0x0225, 0x0001, 0x0226, 0x0001, 
	0x0227, 0x0001, 0x0228, 0x0001, 0x0229, 0x0001, 0x022A, 0x0001, 0x022B, 
	

});
smlua_anim_util_register_animation('cr_anim_j355_skating', 0, 0, 0, 1, 47, { 
	0x0000, 0x006F, 0x0070, 0x0073, 0x0077, 0x007C, 0x0082, 0x0087, 0x008C, 
	0x0090, 0x0093, 0x0094, 0x0093, 0x0092, 0x0090, 0x008D, 0x0089, 0x0086, 
	0x0082, 0x007E, 0x007A, 0x0077, 0x0074, 0x0071, 0x0070, 0x006F, 0x0070, 
	0x0073, 0x0077, 0x007C, 0x0082, 0x0087, 0x008C, 0x0090, 0x0093, 0x0094, 
	0x0093, 0x0092, 0x0090, 0x008D, 0x0089, 0x0086, 0x0082, 0x007E, 0x007A, 
	0x0077, 0x0074, 0x0071, 0x0070, 0xFFFF, 0x0000, 0x3FFF, 0x0000, 0xFFFF, 
	0x0000, 0x40A1, 0xFFFF, 0xFF4C, 0xFD68, 0xFA9F, 0xF73C, 0xF38D, 0xEFDE, 
	0xEC7C, 0xE9B2, 0xE7CE, 0xE71C, 0xE741, 0xE7AE, 0xE863, 0xE95B, 0xEA96, 
	0xEC12, 0xEDCC, 0xEFC2, 0xF1F1, 0xF459, 0xF6F7, 0xF9C9, 0xFCCC, 0xFFFF, 
	0x035C, 0x06CC, 0x0A36, 0x0D7F, 0x108E, 0x1349, 0x1596, 0x175A, 0x187D, 
	0x18E3, 0x1887, 0x1783, 0x15F3, 0x13F4, 0x11A2, 0x0F18, 0x0C72, 0x09CC, 
	0x0741, 0x04EF, 0x02F0, 0x0161, 0x005D, 0xFFFE, 0x004C, 0x011C, 0x024D, 
	0x03C1, 0x0555, 0x06E9, 0x085D, 0x098F, 0x0A5E, 0x0AAB, 0x0A9B, 0x0A6C, 
	0x0A1E, 0x09B4, 0x092D, 0x088A, 0x07CC, 0x06F5, 0x0605, 0x04FD, 0x03DE, 
	0x02A9, 0x015E, 0xFFFE, 0xFE8E, 0xFD15, 0xFB9E, 0xFA36, 0xF8E6, 0xF7BB, 
	0xF6BF, 0xF5FD, 0xF580, 0xF554, 0xF57C, 0xF5EC, 0xF697, 0xF772, 0xF870, 
	0xF987, 0xFAA9, 0xFBCC, 0xFCE3, 0xFDE1, 0xFEBC, 0xFF67, 0xFFD7, 0x20C7, 
	0x2042, 0x1ED9, 0x1CC5, 0x1A3F, 0x1780, 0x14C1, 0x123B, 0x1027, 0x0EBE, 
	0x0E39, 0x0E7E, 0x0F40, 0x106A, 0x11E7, 0x13A2, 0x1586, 0x1780, 0x1979, 
	0x1B5E, 0x1D19, 0x1E96, 0x1FC0, 0x2081, 0x20C7, 0x2042, 0x1ED9, 0x1CC5, 
	0x1A3F, 0x1780, 0x14C1, 0x123B, 0x1027, 0x0EBE, 0x0E39, 0x0E7E, 0x0F40, 
	0x106A, 0x11E7, 0x13A2, 0x1586, 0x1780, 0x1979, 0x1B5E, 0x1D19, 0x1E96, 
	0x1FC0, 0x2081, 0xFFFF, 0x00FF, 0x03B3, 0x07AE, 0x0C84, 0x11C7, 0x170A, 
	0x1BE0, 0x1FDB, 0x228F, 0x238E, 0x2359, 0x22BC, 0x21BB, 0x2057, 0x1E95, 
	0x1C77, 0x1A00, 0x1733, 0x1413, 0x10A3, 0x0CE6, 0x08E0, 0x0492, 0xFFFF, 
	0xFB32, 0xF649, 0xF169, 0xECB7, 0xE858, 0xE472, 0xE129, 0xDEA3, 0xDD04, 
	0xDC71, 0xDCF6, 0xDE69, 0xE0A4, 0xE37D, 0xE6CF, 0xEA6F, 0xEE38, 0xF201, 
	0xF5A1, 0xF8F3, 0xFBCC, 0xFE07, 0xFF7A, 0xFFFF, 0xFF99, 0xFE84, 0xFCED, 
	0xFAFD, 0xF8E3, 0xF6C8, 0xF4D9, 0xF341, 0xF22C, 0xF1C6, 0xF1DB, 0xF21A, 
	0xF281, 0xF30F, 0xF3C3, 0xF49C, 0xF599, 0xF6B7, 0xF7F7, 0xF957, 0xFAD6, 
	0xFC72, 0xFE2B, 0xFFFF, 0x01EC, 0x03E2, 0x05D6, 0x07B6, 0x0976, 0x0B05, 
	0x0C56, 0x0D58, 0x0DFE, 0x0E39, 0x0E04, 0x0D6F, 0x0C8B, 0x0B67, 0x0A13, 
	0x08A0, 0x071C, 0x0599, 0x0425, 0x02D2, 0x01AE, 0x00CA, 0x0035, 0xEAAA, 
	0xEADD, 0xEB67, 0xEC33, 0xED2B, 0xEE38, 0xEF45, 0xF03D, 0xF109, 0xF193, 
	0xF1C6, 0xF1AC, 0xF161, 0xF0EF, 0xF05D, 0xEFB3, 0xEEFA, 0xEE38, 0xED76, 
	0xECBC, 0xEC13, 0xEB81, 0xEB0F, 0xEAC4, 0xEAAA, 0xEADD, 0xEB67, 0xEC33, 
	0xED2B, 0xEE38, 0xEF45, 0xF03D, 0xF109, 0xF193, 0xF1C6, 0xF1AC, 0xF161, 
	0xF0EF, 0xF05D, 0xEFB3, 0xEEFA, 0xEE38, 0xED76, 0xECBC, 0xEC13, 0xEB81, 
	0xEB0F, 0xEAC4, 0x0000, 0xFFFF, 0xBFFF, 0x0000, 0x0165, 0x052D, 0x0AC0, 
	0x1186, 0x18E3, 0x2041, 0x2706, 0x2C9A, 0xB062, 0xB1C6, 0xB172, 0xB07A, 
	0xAEE8, 0x2CC5, 0x2A1A, 0x26F0, 0x2350, 0x1F42, 0x1AD1, 0x1606, 0x10E8, 
	0x0B82, 0x05DC, 0x0000, 0xF9FA, 0xF3F0, 0xEE07, 0xE867, 0xE338, 0xDEA2, 
	0xDACB, 0xD7DD, 0xD5FD, 0xD554, 0xD5F4, 0xD7B2, 0xDA5E, 0xDDCA, 0xE1C5, 
	0xE61F, 0xEAAA, 0xEF34, 0xF38F, 0xF78A, 0xFAF5, 0xFDA2, 0xFF60, 0xD554, 
	0xD5ED, 0xD78C, 0xD9F0, 0xDCD7, 0xDFFF, 0xE327, 0xE60E, 0xE872, 0x95EE, 
	0x9555, 0x958A, 0x9621, 0x970E, 0xE7B8, 0xE640, 0xE495, 0xE2C1, 0xE0D0, 
	0xDECE, 0xDCC6, 0xDAC4, 0xD8D3, 0xD700, 0xD554, 0xD3DB, 0xD293, 0xD17B, 
	0xD08F, 0xCFCE, 0xCF36, 0xCEC3, 0xCE74, 0xCE47, 0xCE38, 0xCE53, 0xCE9D, 
	0xCF0F, 0xCFA1, 0xD04B, 0xD105, 0xD1C6, 0xD288, 0xD342, 0xD3EC, 0xD47E, 
	0xD4F0, 0xD53A, 0xBFFF, 0xBE35, 0xB957, 0xB22C, 0xA978, 0x9FFF, 0x9687, 
	0x8DD2, 0x86A7, 0x01CB, 0xFFFF, 0x007F, 0x01EE, 0x043A, 0x874E, 0x8B17, 
	0x8F81, 0x9477, 0x99E5, 0x9FB8, 0xA5DC, 0xAC3C, 0xB2C5, 0xB962, 0xBFFF, 
	0xC688, 0xCCDF, 0xD2E7, 0xD881, 0xDD91, 0xE1F9, 0xE599, 0xE856, 0xEA10, 
	0xEAAA, 0xEA0B, 0xE84D, 0xE5A0, 0xE234, 0xDE39, 0xD9DF, 0xD554, 0xD0CA, 
	0xCC70, 0xC875, 0xC509, 0xC25C, 0xC09E, 0xEE38, 0xEEB7, 0xF011, 0xF20F, 
	0xF47A, 0xF71B, 0xF9BD, 0xFC28, 0xFE26, 0xFF80, 0xFFFF, 0xFFCF, 0xFF46, 
	0xFE70, 0xFD58, 0xFC0A, 0xFA91, 0xF8F9, 0xF74E, 0xF59B, 0xF3EB, 0xF24B, 
	0xF0C5, 0xEF66, 0xEE38, 0xED41, 0xEC7C, 0xEBE2, 0xEB6E, 0xEB1C, 0xEAE4, 
	0xEAC2, 0xEAB1, 0xEAAB, 0xEAAA, 0xEAB7, 0xEADC, 0xEB15, 0xEB5E, 0xEBB3, 
	0xEC10, 0xEC71, 0xECD2, 0xED2F, 0xED84, 0xEDCC, 0xEE06, 0xEE2B, 0xF8E3, 
	0xF949, 0xFA5D, 0xFBF5, 0xFDE4, 0x0000, 0x021B, 0x040A, 0x05A2, 0x06B6, 
	0x071C, 0x06E7, 0x0653, 0x056F, 0x044B, 0x02F7, 0x0183, 0x0000, 0xFE7C, 
	0xFD08, 0xFBB4, 0xFA90, 0xF9AC, 0xF918, 0xF8E3, 0xCE38, 0xCE05, 0xCD7B, 
	0xCCAF, 0xCBB7, 0xCAAA, 0xC99C, 0xC8A5, 0xC7D9, 0xC74F, 0xC71C, 0xC71C, 
	0xC721, 0xC72E, 0xC746, 0xC76F, 0xC7AB, 0xC7FF, 0xC86F, 0xC8FF, 0xC9B3, 
	0xCA8F, 0xCB96, 0xCCCD, 0xCE38, 0xD08C, 0xD43D, 0xD8E8, 0xDE2E, 0xE3AE, 
	0xE907, 0xEDD7, 0xF1C0, 0xF45F, 0xF554, 0xF4C2, 0xF32A, 0xF0B6, 0xED93, 
	0xE9ED, 0xE5F0, 0xE1C6, 0xDD9D, 0xD99F, 0xD5F9, 0xD2D6, 0xD063, 0xCECA, 
	0xFFFF, 0x0099, 0x0238, 0x049C, 0x0782, 0x0AAB, 0x0DD3, 0x10BA, 0x131D, 
	0x14BC, 0x1555, 0x1536, 0x14D7, 0x143D, 0x1368, 0x1259, 0x1114, 0x0F9A, 
	0x0DEB, 0x0C0B, 0x09FB, 0x07BD, 0x0553, 0x02BE, 0xFFFF, 0xFD1E, 0xFA2B, 
	0xF73F, 0xF46D, 0xF1CE, 0xEF77, 0xED7F, 0xEBFB, 0xEB02, 0xEAAA, 0xEE38, 
	0xF203, 0xF53A, 0xF7E8, 0xFA19, 0xFBDA, 0xFD38, 0xFE40, 0xFEFC, 0xFF7A, 
	0xFFC7, 0xFFEE, 0xFFFD, 0x0000, 0x0000, 0xFFFF, 0x0000, 0xFFFF, 0xFFFF, 
	0xFFFF, 0x0000, 0xFFFF, 0x0000, 0xFFFF, 0xFFFF, 0xFFFF, 0xFFFF, 0xFFFF, 
	0x0000, 0xFFFF, 0xFFFF, 0xFFFF, 0x0000, 0x0000, 0x0000, 0x0000, 0x0000, 
	0x0000, 0xFFFA, 0xFFD3, 0xFF6C, 0xFEA1, 0xFD54, 0xFB63, 0xF8AE, 0xF513, 
	0xF072, 0xEAAA, 0xE38D, 0xE408, 0xE55D, 0xE766, 0xE9F9, 0xECF0, 0xF023, 
	0xF369, 0xF69C, 0xF993, 0xFC27, 0xFE2F, 0xFF84, 0xF1C6, 0xF160, 0xF04C, 
	0xEEB4, 0xECC5, 0xEAAA, 0xE88F, 0xE6A0, 0xE508, 0xE3F3, 0xE38D, 0xE3AD, 
	0xE408, 0xE499, 0xE558, 0xE641, 0xE74D, 0xE877, 0xE9B7, 0xEB08, 0xEC64, 
	0xEDC4, 0xEF24, 0xF07C, 0xF1C6, 0xF2FE, 0xF41F, 0xF528, 0xF616, 0xF6E7, 
	0xF797, 0xF824, 0xF88C, 0xF8CD, 0xF8E3, 0xF8E3, 0xF8C4, 0xF86F, 0xF7EC, 
	0xF748, 0xF68A, 0xF5BD, 0xF4EC, 0xF41F, 0xF361, 0xF2BC, 0xF23A, 0xF1E5, 
	0x0000, 0xFFFF, 0xBFFF, 0x0000, 0x0132, 0x0470, 0x0937, 0x0F05, 0x1555, 
	0x1BA6, 0x2173, 0x263B, 0x2979, 0x2AAA, 0x2A76, 0x29D6, 0x28CA, 0x2751, 
	0x256A, 0x2312, 0x204A, 0x1D0F, 0x1960, 0x153C, 0x10A2, 0x0B90, 0x0605, 
	0x0000, 0xF988, 0xF2CE, 0xEC0B, 0xE576, 0xDF48, 0xD9BB, 0xD507, 0x5165, 
	0x4F0D, 0x4E39, 0x4EF2, 0x50FA, 0xD419, 0xD816, 0xDCBB, 0xE1D0, 0xE71C, 
	0xEC68, 0xF17C, 0xF621, 0xFA1E, 0xFD3D, 0xFF45, 0x2AAB, 0x2ADD, 0x2B68, 
	0x2C34, 0x2D2B, 0x2E39, 0x2F46, 0x303E, 0x310A, 0x3194, 0x31C7, 0x31C6, 
	0x31C2, 0x31B5, 0x319C, 0x3174, 0x3138, 0x30E3, 0x3073, 0x2FE3, 0x2F30, 
	0x2E54, 0x2D4D, 0x2C15, 0x2AAB, 0x28D6, 0x267F, 0x23D1, 0x20F6, 0x1E18, 
	0x1B61, 0x18FB, 0x68EF, 0x6A34, 0x6AAA, 0x6A5B, 0x697C, 0x17DA, 0x1990, 
	0x1B8D, 0x1DBB, 0x2000, 0x2245, 0x2472, 0x2670, 0x2826, 0x297C, 0x2A5B, 
	0xBFFF, 0xC131, 0xC46F, 0xC937, 0xCF04, 0xD554, 0xDBA5, 0xE172, 0xE63A, 
	0xE978, 0xEAAA, 0xEA8A, 0xEA23, 0xE96A, 0xE855, 0xE6D7, 0xE4E6, 0xE277, 
	0xDF7E, 0xDBF1, 0xD7C5, 0xD2EF, 0xCD63, 0xC717, 0xBFFF, 0xB820, 0xAFBC, 
	0xA724, 0x9EAA, 0x969E, 0x8F52, 0x8918, 0x0441, 0x011E, 0x0000, 0x00EF, 
	0x038C, 0x878E, 0x8CB0, 0x92A8, 0x9930, 0x9FFF, 0xA6CF, 0xAD57, 0xB34F, 
	0xB871, 0xBC74, 0xBF10, 0x11C7, 0x11E1, 0x1226, 0x128C, 0x1307, 0x138E, 
	0x1415, 0x1491, 0x14F7, 0x153C, 0x1555, 0x1555, 0x1553, 0x154C, 0x1540, 
	0x152C, 0x150E, 0x14E3, 0x14AB, 0x1463, 0x140A, 0x139C, 0x1318, 0x127C, 
	0x11C7, 0x10AA, 0x0EF4, 0x0CD1, 0x0A6C, 0x07F0, 0x0587, 0x035C, 0x019B, 
	0x006E, 0x0000, 0x0042, 0x00FC, 0x0219, 0x0386, 0x052F, 0x06FF, 0x08E4, 
	0x0AC8, 0x0C98, 0x0E41, 0x0FAE, 0x10CB, 0x1185, 0x071C, 0x071C, 0x071C, 
	0x071C, 0x071C, 0x071C, 0x071C, 0x071C, 0x071C, 0x071C, 0x071C, 0x071C, 
	0x071C, 0x071C, 0x071C, 0x071C, 0x071C, 0x071C, 0x071C, 0x071C, 0x071C, 
	0x071C, 0x071C, 0x071C, 0x071C, 0x06B6, 0x05A2, 0x040A, 0x021B, 0x0000, 
	0xFDE4, 0xFBF5, 0xFA5D, 0xF949, 0xF8E3, 0xF918, 0xF9AC, 0xFA90, 0xFBB4, 
	0xFD08, 0xFE7C, 0x0000, 0x0183, 0x02F7, 0x044B, 0x056F, 0x0653, 0x06E7, 
	0xCE38, 0xCF50, 0xD249, 0xD6AB, 0xDBFC, 0xE1C6, 0xE790, 0xECE2, 0xF143, 
	0xF43C, 0xF554, 0xF4E7, 0xF3B0, 0xF1CA, 0xEF51, 0xEC60, 0xE912, 0xE582, 
	0xE1CB, 0xDE08, 0xDA54, 0xD6CA, 0xD385, 0xD0A1, 0xCE38, 0xCC4B, 0xCAC0, 
	0xC98C, 0xC8A5, 0xC7FF, 0xC790, 0xC74D, 0xC72A, 0xC71D, 0xC71C, 0xC736, 
	0xC781, 0xC7F3, 0xC885, 0xC92E, 0xC9E8, 0xCAAA, 0xCB6C, 0xCC25, 0xCCCF, 
	0xCD61, 0xCDD3, 0xCE1E, 0x0000, 0x0099, 0x0238, 0x049C, 0x0782, 0x0AAB, 
	0x0DD3, 0x10BA, 0x131D, 0x14BC, 0x1555, 0x11C7, 0x0E1C, 0x0B3E, 0x090E, 
	0x0771, 0x0649, 0x0579, 0x04E5, 0x0470, 0x03FC, 0x036E, 0x02A8, 0x018D, 
	0x0000, 0xFDEF, 0xFB76, 0xF8BB, 0xF5E2, 0xF312, 0xF070, 0xEE22, 0xEC4E, 
	0xEB19, 0xEAAA, 0xEAF9, 0xEBD8, 0xED2F, 0xEEE4, 0xF0E2, 0xF30F, 0xF554, 
	0xF79A, 0xF9C7, 0xFBC4, 0xFD7A, 0xFED0, 0xFFAF, 0x0000, 0x0005, 0x002C, 
	0x0093, 0x015E, 0x02AB, 0x049C, 0x0751, 0x0AEC, 0x0F8D, 0x1555, 0x1C72, 
	0x1BF7, 0x1AA2, 0x1899, 0x1606, 0x130F, 0x0FDC, 0x0C96, 0x0963, 0x066C, 
	0x03D8, 0x01D0, 0x007B, 0x0000, 0x0000, 0xFFFF, 0x0000, 0x0000, 0x0000, 
	0x0000, 0xFFFF, 0xFFFF, 0xFFFF, 0x0000, 0xFFFF, 0x0000, 0x0000, 0x0000, 
	0xFFFF, 0xFFFF, 0xFFFF, 0x0000, 0x0000, 0x0000, 0xFFFF, 0xFFFF, 0x0000, 
	0xF1C6, 0xF1F9, 0xF283, 0xF34F, 0xF447, 0xF554, 0xF662, 0xF759, 0xF825, 
	0xF8B0, 0xF8E3, 0xF8E3, 0xF8E0, 0xF8D7, 0xF8C2, 0xF89C, 0xF863, 0xF812, 
	0xF7A3, 0xF714, 0xF660, 0xF582, 0xF477, 0xF33A, 0xF1C6, 0xF01C, 0xEE4C, 
	0xEC68, 0xEA85, 0xE8B6, 0xE70F, 0xE5A4, 0xE488, 0xE3CF, 0xE38D, 0xE3C2, 
	0xE457, 0xE53B, 0xE65F, 0xE7B3, 0xE926, 0xEAAA, 0xEC2D, 0xEDA1, 0xEEF4, 
	0xF018, 0xF0FC, 0xF191, 0x0000, 0xFFFF, 0xBF5E, 0xFFFF, 0x0000, 0xFFFF, 
	0xFFFF, 0x0000, 0xFFFF, 0x0000, 0x0000, 0xFFFF, 0xFFFF, 0xFFFF, 0x0000, 
	0xFFFF, 0xFFFF, 0xFFFF, 0xFFFF, 0x0000, 0xFFFF, 0xFFFF, 0xFFFF, 0xFFFF, 
	0xFFFF, 0xFFFF, 0x0000, 0xFFFF, 0x071C, 0x0E39, 0x0CB2, 0x08AB, 0x02F9, 
	0xFC71, 0xF5EA, 0xF038, 0xEC31, 0xEAAA, 0xEAF9, 0xEBD8, 0xED2F, 0xEEE4, 
	0xF0E2, 0xF30F, 0xF554, 0xF79A, 0xF9C7, 0xFBC4, 0xFD7A, 0xFED0, 0xFFAF, 
	0x0000, 0x0033, 0x00BD, 0x0189, 0x0281, 0x038E, 0x049C, 0x0593, 0x065F, 
	0x06E9, 0x071C, 0x071C, 0x0717, 0x070B, 0x06F2, 0x06C9, 0x068D, 0x0639, 
	0x05C9, 0x0539, 0x0485, 0x03A9, 0x02A2, 0x016B, 0x0000, 0xFA9D, 0xF554, 
	0xF428, 0xF346, 0xF2A4, 0xF238, 0xF1F6, 0xF1D4, 0xF1C8, 0xF1C6, 0xF1FB, 
	0xF290, 0xF374, 0xF498, 0xF5EC, 0xF75F, 0xF8E3, 0xFA66, 0xFBDA, 0xFD2D, 
	0xFE51, 0xFF35, 0xFFCA, 0x893E, 0x89C8, 0x8B3D, 0x8D64, 0x9000, 0x92D8, 
	0x95AF, 0x984C, 0x9A72, 0x9BE8, 0x9C71, 0x9C2A, 0x9B61, 0x9A2D, 0x98A3, 
	0x96D8, 0x94E3, 0x92D8, 0x90CD, 0x8ED7, 0x8D0C, 0x8B82, 0x8A4E, 0x8986, 
	0x893E, 0x8C9B, 0x9555, 0xA183, 0xAFD6, 0xBF25, 0xCE46, 0xDC10, 0xE75A, 
	0xEEF9, 0xF1C6, 0xF040, 0xEBFC, 0xE56E, 0xDD0D, 0xD34C, 0xC8A2, 0xBD82, 
	0xB262, 0xA7B8, 0x9DF7, 0x9596, 0x8F08, 0x8AC4, 0x0000, 0xFFFF, 0x0000, 
	0xFFFF, 0x0000, 0x0000, 0x0000, 0xFFFF, 0x0000, 0xFFFF, 0xFFFF, 0x0000, 
	0xFFFF, 0x0000, 0xFFFF, 0x0000, 0xFFFF, 0x0000, 0x0000, 0xFFFF, 0x0000, 
	0xFFFF, 0x0000, 0x0000, 0x0000, 0x0000, 0x0000, 0x0000, 0xFFFF, 0xFFFF, 
	0x0000, 0xFFFF, 0xFFFF, 0xFFFF, 0x0000, 0x0000, 0xFFFF, 0x0000, 0xFFFF, 
	0x0000, 0xFFFF, 0x0000, 0x0000, 0xFFFF, 0xFFFF, 0x0000, 0xFFFF, 0x0000, 
	0xFFFF, 0xFFFF, 0x0000, 0x0000, 0x0000, 0x0000, 0x0000, 0xFFFF, 0x0000, 
	0x0000, 0xFFFF, 0x0000, 0x0000, 0x0000, 0x0000, 0x0000, 0x0000, 0x0000, 
	0xFFFF, 0x0000, 0xFFFF, 0x0000, 0x0000, 0xFFFF, 0xFFFF, 0x0000, 0xFFFF, 
	0xFFFF, 0xFFFF, 0xFFFF, 0x0000, 0x0000, 0xFFFF, 0x0000, 0x0000, 0x0000, 
	0x0000, 0xFFFF, 0x0000, 0xFFFF, 0xFFFF, 0xFFFF, 0xFFFF, 0xFFFF, 0xFFFF, 
	0x0000, 0x4C16, 0x4A42, 0x4549, 0x3DF5, 0x350F, 0x2B61, 0x21B2, 0x18CC, 
	0x1178, 0x0C80, 0x0AAB, 0x0B9F, 0x0E4A, 0x1264, 0x17A3, 0x1DBD, 0x246A, 
	0x2B61, 0x3257, 0x3904, 0x3F1E, 0x445D, 0x4877, 0x4B22, 0x4C16, 0x4B27, 
	0x489D, 0x44DE, 0x4053, 0x3B60, 0x366E, 0x31E3, 0x2E24, 0x2B9A, 0x2AAB, 
	0x2B27, 0x2C84, 0x2E9D, 0x314B, 0x3469, 0x37D2, 0x3B60, 0x3EEF, 0x4258, 
	0x4576, 0x4824, 0x4A3D, 0x4B9A, 0x0000, 0xFFFF, 0x0000, 0x0000, 0xFFFF, 
	0xFFFF, 0x0000, 0x0000, 0xFFFF, 0x0000, 0xFFFF, 0x0000, 0xFFFF, 0x0000, 
	0xFFFF, 0x0000, 0x0000, 0xFFFF, 0x0000, 0xFFFF, 0x0000, 0x0000, 0x0000, 
	0x0000, 0x0000, 0x0000, 0x0000, 0x0000, 0x0000, 0xFFFF, 0x0000, 0xFFFF, 
	0x0000, 0x0000, 0xFFFF, 0x0000, 0xFFFF, 0xFFFF, 0x0000, 0x0000, 0xFFFF, 
	0x0000, 0xFFFF, 0x0000, 0x0000, 0xFFFF, 0x0000, 0xFFCC, 0xFF42, 0xFE76, 
	0xFD7E, 0xFC71, 0xFB63, 0xFA6C, 0xF9A0, 0xF916, 0xF8E3, 0xF8FD, 0xF947, 
	0xF9BA, 0xFA4B, 0xFAF5, 0xFBAF, 0xFC71, 0xFD33, 0xFDEC, 0xFE96, 0xFF28, 
	0xFF9A, 0xFFE4, 0x0000, 0xFEE3, 0xFC3E, 0xF916, 0xF670, 0xF554, 0xF670, 
	0xF916, 0xFC3E, 0xFEE3, 0x0000, 0xFFFF, 0x0000, 0xFFFF, 0x0000, 0xFFFF, 
	0xFFFF, 0x0000, 0xFFFF, 0xFFFF, 0x0000, 0xFFFF, 0xFFFF, 0x0000, 0xB8E3, 
	0xBA2E, 0xBDB1, 0xC2DF, 0xC928, 0xCFFF, 0xD6D6, 0xDD20, 0xE24D, 0xE5D0, 
	0xE71C, 0xE6A3, 0xE54B, 0xE330, 0xE06D, 0xDD1F, 0xD962, 0xD551, 0xD109, 
	0xCCA5, 0xC841, 0xC3F9, 0xBFEA, 0xBC2E, 0xB8E3, 0xB5DB, 0xB1C6, 0xABCF, 
	0xA61A, 0xA38E, 0xA8F5, 0xB69C, 0xC8AC, 0xDB4E, 0xEAAA, 0xF1C6, 0xF0D1, 
	0xEE26, 0xEA15, 0xE4EE, 0xDF00, 0xD89B, 0xD20E, 0xCBA9, 0xC5BB, 0xC094, 
	0xBC83, 0xB9D8, 0xFFFF, 0xFFFF, 0xBF5E, 0x0000, 0xF8E3, 0xF1C6, 0xF34D, 
	0xF754, 0xFD06, 0x038E, 0x0A15, 0x0FC7, 0x13CE, 0x1555, 0x1506, 0x1427, 
	0x12D0, 0x111B, 0x0F1D, 0x0CF0, 0x0AAB, 0x0865, 0x0638, 0x043B, 0x0285, 
	0x012F, 0x0050, 0x0000, 0xFFFF, 0xFFFF, 0x0000, 0x0000, 0x0000, 0x0000, 
	0x0000, 0x0000, 0x0000, 0x0000, 0x0000, 0x0000, 0xFFFF, 0x0000, 0xFFFF, 
	0x0000, 0xFFFF, 0x0000, 0x0000, 0xFFFF, 0xFFFF, 0x0000, 0xFFFF, 0x0000, 
	0x0500, 0x0AAB, 0x0BD7, 0x0CB9, 0x0D5B, 0x0DC7, 0x0E09, 0x0E2B, 0x0E37, 
	0x0E39, 0x0E19, 0x0DBE, 0x0D2D, 0x0C6E, 0x0B85, 0x0A79, 0x0950, 0x080F, 
	0x06BE, 0x0563, 0x0402, 0x02A3, 0x014B, 0x0000, 0xFEC7, 0xFDA6, 0xFC9D, 
	0xFBAF, 0xFADF, 0xFA2E, 0xF9A1, 0xF939, 0xF8F9, 0xF8E3, 0xF8FD, 0xF947, 
	0xF9BA, 0xFA4B, 0xFAF5, 0xFBAF, 0xFC71, 0xFD33, 0xFDEC, 0xFE96, 0xFF28, 
	0xFF9A, 0xFFE4, 0x893E, 0x8C9B, 0x9555, 0xA183, 0xAFD6, 0xBF25, 0xCE46, 
	0xDC10, 0xE75A, 0xEEF9, 0xF1C6, 0xF040, 0xEBFC, 0xE56E, 0xDD0D, 0xD34C, 
	0xC8A2, 0xBD82, 0xB262, 0xA7B8, 0x9DF7, 0x9596, 0x8F08, 0x8AC4, 0x893E, 
	0x89C8, 0x8B3D, 0x8D64, 0x9000, 0x92D8, 0x95AF, 0x984C, 0x9A72, 0x9BE8, 
	0x9C71, 0x9C2A, 0x9B61, 0x9A2D, 0x98A3, 0x96D8, 0x94E3, 0x92D8, 0x90CD, 
	0x8ED7, 0x8D0C, 0x8B82, 0x8A4E, 0x8986, 0xFFFF, 0x0000, 0xFFFF, 0xFFFF, 
	0x0000, 0xFFFF, 0x0000, 0x0000, 0x0000, 0x0000, 0x0000, 0x0000, 0xFFFF, 
	0x0000, 0xFFFF, 0x0000, 0x0000, 0x0000, 0xFFFF, 0xFFFF, 0x0000, 0x0000, 
	0xFFFF, 0xFFFF, 0xFFFF, 0x0000, 0xFFFF, 0x0000, 0xFFFF, 0xFFFF, 0x0000, 
	0x0000, 0xFFFF, 0xFFFF, 0xFFFF, 0x0000, 0xFFFF, 0x0000, 0xFFFF, 0xFFFF, 
	0x0000, 0xFFFF, 0x0000, 0xFFFF, 0xFFFF, 0xFFFF, 0x0000, 0xFFFF, 0x0000, 
	0x0000, 0xFFFF, 0xFFFF, 0xFFFF, 0xFFFF, 0xFFFF, 0xFFFF, 0xFFFF, 0xFFFF, 
	0x0000, 0xFFFF, 0x0000, 0xFFFF, 0xFFFF, 0x0000, 0x0000, 0xFFFF, 0x0000, 
	0xFFFF, 0xFFFF, 0x0000, 0xFFFF, 0xFFFF, 0xFFFF, 0x0000, 0x0000, 0xFFFF, 
	0xFFFF, 0x0000, 0xFFFF, 0xFFFF, 0x0000, 0x0000, 0x0000, 0xFFFF, 0x0000, 
	0xFFFF, 0x0000, 0xFFFF, 0x0000, 0xFFFF, 0x4C16, 0x4B27, 0x489D, 0x44DE, 
	0x4053, 0x3B60, 0x366E, 0x31E3, 0x2E24, 0x2B9A, 0x2AAB, 0x2B27, 0x2C84, 
	0x2E9D, 0x314B, 0x3469, 0x37D2, 0x3B60, 0x3EEF, 0x4258, 0x4576, 0x4824, 
	0x4A3D, 0x4B9A, 0x4C16, 0x4A42, 0x4549, 0x3DF5, 0x350F, 0x2B61, 0x21B2, 
	0x18CC, 0x1178, 0x0C80, 0x0AAB, 0x0B9F, 0x0E4A, 0x1264, 0x17A3, 0x1DBD, 
	0x246A, 0x2B61, 0x3257, 0x3904, 0x3F1E, 0x445D, 0x4877, 0x4B22, 0xFFFF, 
	0x0000, 0xFFFF, 0xFFFF, 0xFFFF, 0xFFFF, 0x0000, 0x0000, 0xFFFF, 0xFFFF, 
	0x0000, 0xFFFF, 0x0000, 0xFFFF, 0x0000, 0xFFFF, 0x0000, 0xFFFF, 0xFFFF, 
	0x0000, 0x0000, 0xFFFF, 0xFFFF, 0x0000, 0xFFFF, 0x0000, 0xFFFF, 0xFFFF, 
	0xFFFF, 0x0000, 0xFFFF, 0x0000, 0xFFFF, 0xFFFF, 0x0000, 0x0000, 0x0000, 
	0xFFFF, 0x0000, 0x0000, 0xFFFF, 0x0000, 0xFFFF, 0x0000, 0x0000, 0xFFFF, 
	0x0000, 0xFFFF, 0x0000, 0xFFFF, 0xFFFF, 0x02C4, 0x07E7, 0x0AAB, 0x098F, 
	0x06E9, 0x03C1, 0x011C, 0x0000, 0x071C, 0x06FE, 0x06A8, 0x0626, 0x0581, 
	0x04C4, 0x03F7, 0x0325, 0x0259, 0x019B, 0x00F6, 0x0074, 0x001F, 0x0000, 
	0x0033, 0x00BD, 0x0189, 0x0281, 0x038E, 0x049C, 0x0593, 0x065F, 0x06E9, 
	0x071C, 0x0702, 0x06B8, 0x0645, 0x05B4, 0x050A, 0x0450, 0x038E, 0x02CC, 
	0x0213, 0x0169, 0x00D7, 0x0065, 0x001B, 0xB8E3, 0xB6D7, 0xB1C6, 0xAB67, 
	0xA5E6, 0xA38E, 0xA8F5, 0xB69C, 0xC8AC, 0xDB4E, 0xEAAA, 0xF1C6, 0xF0D1, 
	0xEE26, 0xEA15, 0xE4EE, 0xDF00, 0xD89B, 0xD20E, 0xCBA9, 0xC5BB, 0xC094, 
	0xBC83, 0xB9D8, 0xB8E3, 0xBA2E, 0xBDB1, 0xC2DF, 0xC928, 0xCFFF, 0xD6D6, 
	0xDD20, 0xE24D, 0xE5D0, 0xE71C, 0xE66F, 0xE48C, 0xE1A6, 0xDDF2, 0xD9A2, 
	0xD4EA, 0xCFFF, 0xCB14, 0xC65D, 0xC20D, 0xBE58, 0xBB72, 0xB98F, 
},{ 
	0x0001, 0x0000, 0x0030, 0x0001, 0x0001, 0x0031, 0x0001, 0x0032, 0x0001, 
	0x0033, 0x0001, 0x0034, 0x0001, 0x0035, 0x0001, 0x0036, 0x0001, 0x0037, 
	0x0030, 0x0038, 0x0030, 0x0068, 0x0030, 0x0098, 0x0030, 0x00C8, 0x0030, 
	0x00F8, 0x0030, 0x0128, 0x0001, 0x0158, 0x0001, 0x0159, 0x0001, 0x015A, 
	0x0030, 0x015B, 0x0030, 0x018B, 0x0030, 0x01BB, 0x0030, 0x01EB, 0x0019, 
	0x021B, 0x0030, 0x0234, 0x0030, 0x0264, 0x0030, 0x0294, 0x0030, 0x02C4, 
	0x0001, 0x02F4, 0x0001, 0x02F5, 0x0001, 0x02F6, 0x0030, 0x02F7, 0x0030, 
	0x0327, 0x0030, 0x0357, 0x0030, 0x0387, 0x0030, 0x03B7, 0x0030, 0x03E7, 
	0x0030, 0x0417, 0x0030, 0x0447, 0x0030, 0x0477, 0x0001, 0x04A7, 0x0001, 
	0x04A8, 0x0001, 0x04A9, 0x0030, 0x04AA, 0x0030, 0x04DA, 0x0030, 0x050A, 
	0x0030, 0x053A, 0x002E, 0x056A, 0x0030, 0x0598, 0x002E, 0x05C8, 0x0030, 
	0x05F6, 0x0030, 0x0626, 0x0001, 0x0656, 0x0001, 0x0657, 0x0001, 0x0658, 
	0x0030, 0x0659, 0x0030, 0x0689, 0x0030, 0x06B9, 0x002B, 0x06E9, 0x002F, 
	0x0714, 0x0030, 0x0743, 0x0030, 0x0773, 0x0030, 0x07A3, 0x0030, 0x07D3, 
});
smlua_anim_util_register_animation('cr_anim_j355_ice_jump_1', 1, 0, 0, 0, 1, { 
	0x0000, 0x00B8, 0x0000, 0x0000, 0x3FFF, 0x0000, 0xFFFF, 0x0000, 0x4000, 
	0xFFFF, 0x0000, 0xFC71, 0xFFFF, 0x0000, 0x038E, 0xFFFE, 0x0001, 0xC170, 
	0x2C03, 0xF2E3, 0x9D5C, 0x0EBB, 0x11E8, 0xC18C, 0xCC84, 0xF8E7, 0xEC7E, 
	0xFFFE, 0x0001, 0xC170, 0xCA93, 0x0543, 0x89AD, 0xFA47, 0xFBF1, 0xBA8A, 
	0x385E, 0x0349, 0xF397, 0xFFFF, 0xFFFF, 0xBF5E, 0xD3DD, 0x015F, 0xB24B, 
	0x0310, 0x0CA5, 0x2897, 0xFDA7, 0xFEFB, 0xD6AC, 0x0000, 0x0000, 0xBF5E, 
	0xF835, 0xF11D, 0xC56E, 0x0000, 0xFFFF, 0xFFFF, 0xFE28, 0x05E8, 0xE7F9, 
},{ 
	0x0001, 0x0000, 0x0001, 0x0001, 0x0001, 0x0002, 0x0001, 0x0003, 0x0001, 
	0x0004, 0x0001, 0x0005, 0x0001, 0x0006, 0x0001, 0x0007, 0x0001, 0x0008, 
	0x0001, 0x0009, 0x0001, 0x000A, 0x0001, 0x000B, 0x0001, 0x000C, 0x0001, 
	0x000D, 0x0001, 0x000E, 0x0001, 0x000F, 0x0001, 0x0010, 0x0001, 0x0011, 
	0x0001, 0x0012, 0x0001, 0x0013, 0x0001, 0x0014, 0x0001, 0x0015, 0x0001, 
	0x0016, 0x0001, 0x0017, 0x0001, 0x0018, 0x0001, 0x0019, 0x0001, 0x001A, 
	0x0001, 0x001B, 0x0001, 0x001C, 0x0001, 0x001D, 0x0001, 0x001E, 0x0001, 
	0x001F, 0x0001, 0x0020, 0x0001, 0x0021, 0x0001, 0x0022, 0x0001, 0x0023, 
	0x0001, 0x0024, 0x0001, 0x0025, 0x0001, 0x0026, 0x0001, 0x0027, 0x0001, 
	0x0028, 0x0001, 0x0029, 0x0001, 0x002A, 0x0001, 0x002B, 0x0001, 0x002C, 
	0x0001, 0x002D, 0x0001, 0x002E, 0x0001, 0x002F, 0x0001, 0x0030, 0x0001, 
	0x0031, 0x0001, 0x0032, 0x0001, 0x0033, 0x0001, 0x0034, 0x0001, 0x0035, 
	0x0001, 0x0036, 0x0001, 0x0037, 0x0001, 0x0038, 0x0001, 0x0039, 0x0001, 
	0x003A, 0x0001, 0x003B, 0x0001, 0x003C, 0x0001, 0x003D, 0x0001, 0x003E, 
});
smlua_anim_util_register_animation('cr_anim_j355_ice_jump_2', 1, 0, 0, 0, 1, { 
	0x0000, 0x00B8, 0x0023, 0x0000, 0x3FFF, 0x0000, 0xFFFF, 0x0000, 0x4000, 
	0x0000, 0xFFFF, 0x0000, 0xFFFF, 0x0000, 0xF019, 0xFFFE, 0x0001, 0xC170, 
	0xBFFF, 0xBFFF, 0x0000, 0x0000, 0xFFFF, 0xFFFF, 0x064F, 0xE7A6, 0xF1B4, 
	0xFFFE, 0x0001, 0xC170, 0x4000, 0x4000, 0x0000, 0xFFFF, 0xFFFF, 0xFFFF, 
	0xF9B0, 0x1859, 0xF1B4, 0xFFFF, 0xFFFF, 0xBF5E, 0xEEAA, 0xE8F1, 0xED47, 
	0x024C, 0x0561, 0x38A3, 0x04E8, 0x0566, 0xF000, 0x0000, 0x0000, 0xBF5E, 
	0x137B, 0xF93A, 0xBFA5, 0x0000, 0x0000, 0x0EFA, 0x07BC, 0x077E, 0xF514, 
},{ 
	0x0001, 0x0000, 0x0001, 0x0001, 0x0001, 0x0002, 0x0001, 0x0003, 0x0001, 
	0x0004, 0x0001, 0x0005, 0x0001, 0x0006, 0x0001, 0x0007, 0x0001, 0x0008, 
	0x0001, 0x0009, 0x0001, 0x000A, 0x0001, 0x000B, 0x0001, 0x000C, 0x0001, 
	0x000D, 0x0001, 0x000E, 0x0001, 0x000F, 0x0001, 0x0010, 0x0001, 0x0011, 
	0x0001, 0x0012, 0x0001, 0x0013, 0x0001, 0x0014, 0x0001, 0x0015, 0x0001, 
	0x0016, 0x0001, 0x0017, 0x0001, 0x0018, 0x0001, 0x0019, 0x0001, 0x001A, 
	0x0001, 0x001B, 0x0001, 0x001C, 0x0001, 0x001D, 0x0001, 0x001E, 0x0001, 
	0x001F, 0x0001, 0x0020, 0x0001, 0x0021, 0x0001, 0x0022, 0x0001, 0x0023, 
	0x0001, 0x0024, 0x0001, 0x0025, 0x0001, 0x0026, 0x0001, 0x0027, 0x0001, 
	0x0028, 0x0001, 0x0029, 0x0001, 0x002A, 0x0001, 0x002B, 0x0001, 0x002C, 
	0x0001, 0x002D, 0x0001, 0x002E, 0x0001, 0x002F, 0x0001, 0x0030, 0x0001, 
	0x0031, 0x0001, 0x0032, 0x0001, 0x0033, 0x0001, 0x0034, 0x0001, 0x0035, 
	0x0001, 0x0036, 0x0001, 0x0037, 0x0001, 0x0038, 0x0001, 0x0039, 0x0001, 
	0x003A, 0x0001, 0x003B, 0x0001, 0x003C, 0x0001, 0x003D, 0x0001, 0x003E, 
});
smlua_anim_util_register_animation('cr_anim_j355_ice_jump_3', 1, 0, 0, 0, 1, { 
	0x0000, 0x00B8, 0x0000, 0x0000, 0x3FFF, 0x0000, 0xFFFF, 0xFFFE, 0x611C, 
	0x0000, 0x0000, 0x0000, 0xFFFF, 0x0001, 0xD56A, 0xFFFE, 0x0001, 0xC170, 
	0x0000, 0xE93E, 0x16C1, 0xF243, 0x1856, 0xCC9E, 0xEAAA, 0xF554, 0xDC71, 
	0xFFFE, 0x0001, 0xC170, 0x0000, 0x16C1, 0x16C1, 0x0DBC, 0xE7A9, 0xCC9E, 
	0x1555, 0x0AAB, 0xDC71, 0xFFFF, 0x0000, 0xBF5E, 0xFE50, 0x0B9D, 0x9D0A, 
	0xFF06, 0xF9FA, 0x0BB5, 0x0108, 0xFA5A, 0xF6A2, 0xFFFF, 0x0000, 0xBF5E, 
	0x100F, 0xF7A3, 0xF980, 0xFFEA, 0x0879, 0x31BF, 0xFA84, 0x0401, 0xC613, 
},{ 
	0x0001, 0x0000, 0x0001, 0x0001, 0x0001, 0x0002, 0x0001, 0x0003, 0x0001, 
	0x0004, 0x0001, 0x0005, 0x0001, 0x0006, 0x0001, 0x0007, 0x0001, 0x0008, 
	0x0001, 0x0009, 0x0001, 0x000A, 0x0001, 0x000B, 0x0001, 0x000C, 0x0001, 
	0x000D, 0x0001, 0x000E, 0x0001, 0x000F, 0x0001, 0x0010, 0x0001, 0x0011, 
	0x0001, 0x0012, 0x0001, 0x0013, 0x0001, 0x0014, 0x0001, 0x0015, 0x0001, 
	0x0016, 0x0001, 0x0017, 0x0001, 0x0018, 0x0001, 0x0019, 0x0001, 0x001A, 
	0x0001, 0x001B, 0x0001, 0x001C, 0x0001, 0x001D, 0x0001, 0x001E, 0x0001, 
	0x001F, 0x0001, 0x0020, 0x0001, 0x0021, 0x0001, 0x0022, 0x0001, 0x0023, 
	0x0001, 0x0024, 0x0001, 0x0025, 0x0001, 0x0026, 0x0001, 0x0027, 0x0001, 
	0x0028, 0x0001, 0x0029, 0x0001, 0x002A, 0x0001, 0x002B, 0x0001, 0x002C, 
	0x0001, 0x002D, 0x0001, 0x002E, 0x0001, 0x002F, 0x0001, 0x0030, 0x0001, 
	0x0031, 0x0001, 0x0032, 0x0001, 0x0033, 0x0001, 0x0034, 0x0001, 0x0035, 
	0x0001, 0x0036, 0x0001, 0x0037, 0x0001, 0x0038, 0x0001, 0x0039, 0x0001, 
	0x003A, 0x0001, 0x003B, 0x0001, 0x003C, 0x0001, 0x003D, 0x0001, 0x003E, 
});
smlua_anim_util_register_animation('cr_anim_j355_tada',	1, 0, 0, 0, 31, { 
	0x0000, 0x0078, 0x0086, 0x009F, 0x00B0, 0x00B7, 0x00BB, 0x00BD, 0x00BF, 
	0x00C0, 0x00C0, 0x00C0, 0x00C0, 0x00C0, 0x00C0, 0x00C0, 0x00C0, 0x00C0, 
	0x00C0, 0x00C0, 0x00BF, 0x00BF, 0x00BF, 0x00BE, 0x00BD, 0x00BD, 0x00BC, 
	0x00BB, 0x00BA, 0x00BA, 0x00B9, 0xFFCB, 0xFFCE, 0xFFD2, 0xFFD4, 0xFFD7, 
	0xFFDF, 0xFFED, 0xFFFD, 0x0007, 0x000A, 0x000C, 0x000D, 0x000D, 0x000D, 
	0x000D, 0x000C, 0x000A, 0x0007, 0x0000, 0x0000, 0x3FFF, 0x0000, 0xFFFF, 
	0x0000, 0x411C, 0x40C1, 0x3FD3, 0x3E82, 0x3D00, 0x3B7D, 0x3A2C, 0x393E, 
	0x38E3, 0x38E3, 0x38E3, 0x38E3, 0x38E3, 0x38E3, 0x38E3, 0x38E3, 0x38E3, 
	0x38E3, 0x38FE, 0x3948, 0x39BA, 0x3A4C, 0x3AF6, 0x3BB0, 0x3C72, 0x3D33, 
	0x3DED, 0x3E97, 0x3F29, 0x3F9B, 0x3FE5, 0x4000, 0x002B, 0x0029, 0x0024, 
	0x001D, 0x0016, 0x000E, 0x0007, 0x0002, 0xFFFF, 0xFFFF, 0xFFFF, 0xFFFF, 
	0xFFFF, 0xFFFF, 0xFFFF, 0xFFFF, 0xFFFF, 0xFFFF, 0xFFFF, 0xFFFF, 0xFFFF, 
	0xFFFF, 0xFFFF, 0xFFFF, 0xFFFF, 0xFFFF, 0xFFFF, 0xFFFF, 0xFFFF, 0xFFFF, 
	0xFFFF, 0x0000, 0xFFE8, 0xFFE9, 0xFFEC, 0xFFEF, 0xFFF3, 0xFFF8, 0xFFFB, 
	0xFFFE, 0x0000, 0x1E92, 0x1D9A, 0x1AF9, 0x171C, 0x126E, 0x0D5C, 0x0851, 
	0x03B9, 0x0000, 0xFD74, 0xFBF4, 0xFB3D, 0xFB0E, 0xFB92, 0xFCCB, 0xFE42, 
	0xFF7B, 0x0000, 0x0000, 0x0000, 0x0000, 0x0000, 0x0000, 0x0000, 0x0000, 
	0x0000, 0x0000, 0x0000, 0x0000, 0x0000, 0x0000, 0xFFFF, 0x0000, 0x0000, 
	0xFFFF, 0xFFFF, 0xFFFF, 0x0000, 0xFFFF, 0x0000, 0x0000, 0xFFFF, 0xFFFF, 
	0xFFFF, 0xFFFF, 0xFFFF, 0xFFFF, 0xFFFF, 0xFFFF, 0x0000, 0x0000, 0x0000, 
	0xFFFF, 0xFFFF, 0xFFFF, 0x0000, 0x0000, 0x0000, 0x0000, 0x0000, 0xFFFF, 
	0x0000, 0xFFDA, 0xFFDC, 0xFFE0, 0xFFE6, 0xFFED, 0xFFF3, 0xFFF9, 0xFFFD, 
	0x0000, 0xFFFF, 0xFFFF, 0xFFFF, 0xFFFF, 0xFFFF, 0xFFFF, 0xFFFF, 0xFFFF, 
	0x0000, 0x0557, 0x0558, 0x055E, 0x056F, 0x0590, 0x05C6, 0x0616, 0x0687, 
	0x071C, 0x0875, 0x0A8E, 0x0C7C, 0x0D55, 0x0CEE, 0x0BE0, 0x0A66, 0x08BC, 
	0x071C, 0x05B2, 0x047A, 0x0373, 0x0297, 0x01E4, 0x0154, 0x00E4, 0x008F, 
	0x0053, 0x002A, 0x0012, 0x0005, 0x0001, 0xFFFF, 0x0001, 0xFFFE, 0xC170, 
	0xBA1C, 0x3616, 0x2B7A, 0x1C7A, 0x0B47, 0xFA14, 0xEB13, 0x6078, 0x5C71, 
	0x5F57, 0x65B6, 0x6C15, 0x6EFB, 0x6D0D, 0x6874, 0x62F8, 0x5E5F, 0x5C71, 
	0x5FE0, 0xE8BB, 0xF4D7, 0x0209, 0x0E25, 0x1700, 0x1A6F, 0x17F1, 0x10D7, 
	0x05B0, 0xFC71, 0x0000, 0x05B0, 0x0000, 0x95DB, 0xE842, 0xE331, 0xDBCB, 
	0xD2EB, 0xC96D, 0xC02A, 0xC7FF, 0xCE38, 0xD20B, 0xD402, 0xD4BC, 0xD4D6, 
	0xD4C8, 0xD46A, 0xD368, 0xD173, 0xCE38, 0xC908, 0xBE0E, 0xC644, 0xCECD, 
	0xD6E1, 0xDDB5, 0xE27E, 0xE4EB, 0xE681, 0xE93E, 0xEE38, 0xF1C6, 0xF332, 
	0xF1C6, 0x0F26, 0x8FB8, 0x913A, 0x935B, 0x95CB, 0x983C, 0x9A5D, 0x1BDF, 
	0x1C72, 0x1A45, 0x157E, 0x10B6, 0x0E89, 0x0FFC, 0x136F, 0x178C, 0x1AFF, 
	0x1C72, 0x1BBF, 0x99F1, 0x977A, 0x94CA, 0x9253, 0x9085, 0x8FD2, 0x9795, 
	0xA6E4, 0xB1C6, 0xB555, 0xBFFF, 0xC7D2, 0xCAAA, 0xFFFF, 0xFF8A, 0xFE54, 
	0xFC9F, 0xFAAA, 0xF8B4, 0xF6FF, 0xF5CA, 0xF554, 0xF554, 0xF554, 0xF554, 
	0xF554, 0xF554, 0xF554, 0xF554, 0xF554, 0xF554, 0xF5A8, 0xF68A, 0xF7D8, 
	0xF96E, 0xFB27, 0xFCE0, 0xFE76, 0xFFC4, 0x00A7, 0x00FB, 0xFF28, 0xFB27, 
	0xF726, 0xF554, 0x0000, 0xFFD8, 0xFF71, 0xFEDF, 0xFE38, 0xFD91, 0xFCFF, 
	0xFC98, 0xFC71, 0xFC71, 0xFC71, 0xFC71, 0xFC71, 0xFC71, 0xFC71, 0xFC71, 
	0xFC71, 0xFC71, 0xFC60, 0xFC32, 0xFBEE, 0xFB9C, 0xFB43, 0xFAE9, 0xFA97, 
	0xFA53, 0xFA25, 0xFA14, 0xFAAC, 0xFBF9, 0xFD46, 0xFDDD, 0xDDCC, 0xDF1D, 
	0xE296, 0xE77E, 0xED1E, 0xF2BF, 0xF7A7, 0xFB20, 0xFC71, 0xFC71, 0xFC71, 
	0xFC71, 0xFC71, 0xFC71, 0xFC71, 0xFC71, 0xFC71, 0xFC71, 0xFC33, 0xFB8A, 
	0xFA91, 0xF963, 0xF81A, 0xF6D2, 0xF5A4, 0xF4AB, 0xF402, 0xF3C4, 0xF51F, 
	0xF81A, 0xFB16, 0xFC71, 0x00AB, 0x0055, 0xFFFF, 0xFFFF, 0xFFFF, 0x0000, 
	0xFFFF, 0x0000, 0x0000, 0xFFFF, 0xFFFF, 0x0000, 0xFFFF, 0xFFFF, 0xFFFF, 
	0x0000, 0x0000, 0x0000, 0x0000, 0xFFFF, 0x0000, 0x0000, 0xFFFF, 0xFFFF, 
	0x0000, 0xFFFF, 0xFFFF, 0xFFFF, 0x0000, 0xFFFF, 0x0000, 0xFFFF, 0xF984, 
	0xF76C, 0xF554, 0xE956, 0xEB11, 0xECCC, 0xECCC, 0xECCC, 0xECCC, 0xECCC, 
	0xECCC, 0xECCD, 0xECCF, 0xECD3, 0xECD8, 0xECDF, 0xECE6, 0xECEE, 0xECF7, 
	0xED01, 0xED0B, 0xED15, 0xED1F, 0xED2A, 0xED34, 0xED3E, 0xED47, 0xED50, 
	0xED58, 0xED60, 0xED66, 0xED6B, 0xED6F, 0xED72, 0x0001, 0xFFFE, 0xC170, 
	0x3A72, 0x3EF6, 0x4ADE, 0x5BB4, 0xEEFF, 0x024C, 0x1322, 0x9F09, 0xA38E, 
	0xA09D, 0x9A25, 0x93AD, 0x90BD, 0x92B1, 0x975C, 0x9CEE, 0xA199, 0xA38E, 
	0xA01F, 0x1744, 0x0B29, 0xFDF7, 0xF1DC, 0xE901, 0xE592, 0xE5B1, 0xE687, 
	0xE8CB, 0x038E, 0x0000, 0xFA4F, 0xFFFF, 0x657E, 0x63C6, 0x5F24, 0x585F, 
	0x2FC0, 0x3874, 0x40F4, 0x3788, 0x31C7, 0x2E39, 0x2C65, 0x2BB9, 0x2BA1, 
	0x2BAD, 0x2C05, 0x2CF5, 0x2EC7, 0x31C7, 0x36C3, 0x4237, 0x39FB, 0x315D, 
	0x2932, 0x224C, 0x1D80, 0x1B25, 0x19A2, 0x16E0, 0x11C7, 0x0E39, 0x0CCD, 
	0x0E39, 0x0442, 0x054C, 0x0809, 0x0BE9, 0x9059, 0x94CA, 0x98AA, 0x1B68, 
	0x1C72, 0x1A39, 0x1555, 0x1071, 0x0E38, 0x0FB3, 0x133A, 0x1770, 0x1AF7, 
	0x1C72, 0x1BBF, 0x99F1, 0x9779, 0x94CA, 0x9253, 0x9085, 0x8FD2, 0x9793, 
	0xA6DF, 0xB1C2, 0xB555, 0xBFFF, 0xC7D2, 0xCAAA, 0x0000, 0x0075, 0x01AB, 
	0x0360, 0x0555, 0x074B, 0x0900, 0x0A35, 0x0AAB, 0x0AAB, 0x0AAB, 0x0AAB, 
	0x0AAB, 0x0AAB, 0x0AAB, 0x0AAB, 0x0AAB, 0x0AAB, 0x0AD6, 0x0B4D, 0x0BFB, 
	0x0CCF, 0x0DB6, 0x0E9C, 0x0F70, 0x101F, 0x1095, 0x10C1, 0x0FCD, 0x0DB6, 
	0x0B9E, 0x0AAB, 0x0000, 0x0027, 0x008E, 0x0120, 0x01C7, 0x026E, 0x0300, 
	0x0367, 0x038E, 0x038E, 0x038E, 0x038E, 0x038E, 0x038E, 0x038E, 0x038E, 
	0x038E, 0x038E, 0x03BA, 0x0432, 0x04E3, 0x05BA, 0x06A4, 0x078E, 0x0865, 
	0x0915, 0x098E, 0x09BA, 0x088A, 0x05EE, 0x0352, 0x0222, 0xD615, 0xD7BB, 
	0xDC13, 0xE238, 0xE943, 0xF04E, 0xF672, 0xFACB, 0xFC71, 0xFC71, 0xFC71, 
	0xFC71, 0xFC71, 0xFC71, 0xFC71, 0xFC71, 0xFC71, 0xFC71, 0xFC36, 0xFB98, 
	0xFAAE, 0xF993, 0xF85E, 0xF72A, 0xF60E, 0xF524, 0xF486, 0xF44B, 0xF591, 
	0xF85E, 0xFB2B, 0xFC71, 0x0000, 0x0000, 0x0000, 0x0000, 0x0000, 0xFFFF, 
	0x0000, 0xFFFF, 0xFFFF, 0x0000, 0xFFFF, 0xFFFF, 0x0000, 0xFFFF, 0x0000, 
	0xFFFF, 0x0000, 0xFFFF, 0x0000, 0x0000, 0x0000, 0x0000, 0x0000, 0xFFFF, 
	0xFFFF, 0x0000, 0xFFFF, 0xFFFF, 0xFFFF, 0xFFFF, 0xFFFF, 0x0000, 0xFFFF, 
	0x0075, 0x01AB, 0x0360, 0x0555, 0x074B, 0x0900, 0x0A35, 0x0AAB, 0xE9FE, 
	0xEA1D, 0xEA6E, 0xEAE1, 0xEB65, 0xEBE9, 0xEC5C, 0xECAD, 0xECCC, 0xECCC, 
	0xECCC, 0xECCC, 0xECCC, 0xECCC, 0xECCC, 0xECCC, 0xECCC, 0xECCC, 0xECCE, 
	0xECD5, 0xECE0, 0xECED, 0xECFC, 0xED0D, 0xED1F, 0xED31, 0xED42, 0xED51, 
	0xED5F, 0xED69, 0xED70, 0xED72, 0xFFFF, 0x0000, 0xFFFF, 0x0000, 0xFFFF, 
	0xFFFF, 0xFFFF, 0xFFFF, 0x0000, 0x0000, 0x0000, 0x0000, 0x0000, 0x0000, 
	0x0000, 0x0000, 0x0000, 0x0000, 0x0000, 0xFFFF, 0x0000, 0x0000, 0x0000, 
	0xFFFF, 0x0000, 0xFFFF, 0x0000, 0x0000, 0xFFFF, 0xFFFF, 0x0000, 0xFFFF, 
	0xFFFF, 0x0000, 0xFFFF, 0x0000, 0xFFFF, 0xFFFF, 0xFFFF, 0xFFFF, 0x0000, 
	0x0000, 0x0000, 0x0000, 0x0000, 0x0000, 0x0000, 0x0000, 0x0000, 0x0000, 
	0x0000, 0x0000, 0xFFFF, 0x0000, 0x0000, 0xFFFF, 0x0000, 0xFFFF, 0xFFFF, 
	0x0000, 0xFFFF, 0xFFFF, 0x0000, 0xFFFF, 0xBF5E, 0xFF49, 0xFE66, 0xFC10, 
	0xF8C3, 0xF4F9, 0xF130, 0xEDE3, 0xEB8D, 0xEAAA, 0xFA4F, 0xFAB4, 0xFBC0, 
	0xFD3B, 0xFEEE, 0x00A1, 0x021C, 0x0328, 0x038E, 0x038E, 0x038E, 0x038E, 
	0x038E, 0x038E, 0x038E, 0x038E, 0x038E, 0x038E, 0x0374, 0x0329, 0x02B7, 
	0x0225, 0x017B, 0x00C2, 0xFFFF, 0xFF3D, 0xFE83, 0xFDDA, 0xFD48, 0xFCD6, 
	0xFC8B, 0xFC71, 0x8FA4, 0x91D5, 0x97A6, 0x9FF5, 0xA99E, 0xB380, 0xBC77, 
	0xC361, 0xC71C, 0xC877, 0xC929, 0xC96A, 0xC974, 0xC95B, 0xC911, 0xC898, 
	0xC7F1, 0xC71C, 0xC61C, 0xC4F8, 0xC3BA, 0xC26A, 0xC110, 0xBFB6, 0xBE63, 
	0xBD22, 0xBBFA, 0xBAF5, 0xBA1A, 0xB973, 0xB908, 0xB8E3, 0x0000, 0x0000, 
	0x0000, 0x0000, 0xFFFF, 0xFFFF, 0xFFFF, 0x0000, 0x0000, 0x0000, 0x0000, 
	0x0000, 0xFFFF, 0x0000, 0xFFFF, 0xFFFF, 0x0000, 0x0000, 0xFFFF, 0xFFFF, 
	0x0000, 0x0000, 0xFFFF, 0xFFFF, 0x0000, 0x0000, 0x0000, 0x0000, 0xFFFF, 
	0x0000, 0xFFFF, 0xFFFF, 0x0000, 0xFFFF, 0xFFFF, 0x0000, 0xFFFF, 0xFFFF, 
	0x0000, 0xFFFF, 0xFFFF, 0x0000, 0x0000, 0x0000, 0x0000, 0x0000, 0xFFFF, 
	0xFFFF, 0xFFFF, 0x0000, 0x0000, 0x0000, 0x0000, 0x0000, 0xFFFF, 0x49C7, 
	0x469B, 0x3E40, 0x326F, 0x24E3, 0x1758, 0x0B87, 0x032C, 0x0000, 0xFFFF, 
	0xFFFF, 0xFFFF, 0x0000, 0x0000, 0x0000, 0x0000, 0xFFFF, 0x0000, 0x0042, 
	0x00FC, 0x0219, 0x0386, 0x052F, 0x06FF, 0x08E4, 0x0AC8, 0x0C98, 0x0E41, 
	0x0FAE, 0x10CB, 0x1185, 0x11C7, 0x0000, 0x00F2, 0x01E5, 0x01DE, 0x01D1, 
	0x01CA, 0x01EC, 0x020D, 0x0000, 0x0052, 0x0108, 0x01BD, 0x020F, 0x01FB, 
	0x01CA, 0x018F, 0x015E, 0x0149, 0x0329, 0x0526, 0x055C, 0x0588, 0x05AD, 
	0x05CA, 0x05E1, 0x05F2, 0x05FE, 0x0606, 0x060B, 0x060E, 0x060F, 0xFFFF, 
	0xFDAE, 0xF99C, 0xF739, 0xF658, 0xF5E8, 0xF52B, 0xF4B7, 0xF554, 0xF52C, 
	0xF4D2, 0xF478, 0xF44F, 0xF450, 0xF456, 0xF466, 0xF485, 0xF4B7, 0xF61C, 
	0xF8CB, 0xFB7F, 0xFDF8, 0x0035, 0x0235, 0x03F9, 0x0582, 0x06CE, 0x07DD, 
	0x08B1, 0x0948, 0x09A3, 0x09C1, 0xB555, 0xBBF0, 0xC554, 0xC900, 0xCA31, 
	0xCAE8, 0xCC77, 0xCD74, 0xCAAA, 0xCB2C, 0xCC4A, 0xCD68, 0xCDEA, 0xCDC9, 
	0xCD7B, 0xCD1E, 0xCCCF, 0xCCAF, 0xCD76, 0xCE3E, 0xCDFD, 0xCD4B, 0xCC3D, 
	0xCAEB, 0xC96B, 0xC7D5, 0xC63E, 0xC4BE, 0xC36C, 0xC25E, 0xC1AC, 0xC16B, 
	0x0000, 0xFFFF, 0xFFFF, 0x0000, 0x0000, 0x0000, 0xFFFF, 0xFFFF, 0x0000, 
	0x0000, 0x0000, 0x0000, 0x0000, 0x0000, 0x0000, 0x0000, 0x0000, 0x0000, 
	0x0000, 0x0000, 0x0000, 0x0000, 0xFFFF, 0x0000, 0x0000, 0xFFFF, 0xFFFF, 
	0x0000, 0x0000, 0x0000, 0xFFFF, 0xFFFF, 0xFFFF, 0xFFFF, 0xFFFF, 0xFFFF, 
	0xFFFF, 0xFFFF, 0xFFFF, 0xFFFF, 0xFFFF, 0xFFFF, 0x0000, 0x0000, 0x0000, 
	0xFFFF, 0xFFFF, 0x0000, 0xFFFF, 0xFFFF, 0xFFFF, 0x0000, 0xFFFF, 0xFFFF, 
	0x0000, 0xBF5E, 0x02D8, 0x03A4, 0x05BC, 0x08B2, 0x0C17, 0x0F7C, 0x1272, 
	0x148A, 0x1555, 0x071C, 0x06A7, 0x0572, 0x03BC, 0x01C7, 0xFFD1, 0xFE1B, 
	0xFCE6, 0xFC71, 0xFC71, 0xFC71, 0xFC71, 0xFC71, 0xFC71, 0xFC71, 0xFC71, 
	0xFC71, 0xFC71, 0xFC8B, 0xFCD6, 0xFD48, 0xFDDA, 0xFE84, 0xFF3D, 0xFFFF, 
	0x00C2, 0x017B, 0x0225, 0x02B7, 0x0329, 0x0374, 0x038E, 0x8D82, 0x8FCB, 
	0x95D9, 0x9E7F, 0xA88D, 0xB2D3, 0xBC21, 0xC34A, 0xC71C, 0xC877, 0xC929, 
	0xC96A, 0xC974, 0xC95B, 0xC911, 0xC898, 0xC7F1, 0xC71C, 0xC61C, 0xC4F8, 
	0xC3BA, 0xC26A, 0xC110, 0xBFB6, 0xBE63, 0xBD22, 0xBBFA, 0xBAF5, 0xBA1A, 
	0xB973, 0xB908, 0xB8E3, 0x0000, 0x0000, 0x0000, 0xFFFF, 0xFFFF, 0x0000, 
	0x0000, 0xFFFF, 0xFFFF, 0xFFFF, 0xFFFF, 0xFFFF, 0x0000, 0x0000, 0xFFFF, 
	0xFFFF, 0xFFFF, 0xFFFF, 0xFFFF, 0xFFFF, 0xFFFF, 0xFFFF, 0x0000, 0xFFFF, 
	0xFFFF, 0xFFFF, 0xFFFF, 0xFFFF, 0xFFFF, 0x0000, 0xFFFF, 0xFFFF, 0xFFFF, 
	0xFFFF, 0x0000, 0xFFFF, 0xFFFF, 0xFFFF, 0xFFFF, 0xFFFF, 0xFFFF, 0xFFFF, 
	0xFFFF, 0xFFFF, 0xFFFF, 0x0000, 0x0000, 0x0000, 0xFFFF, 0xFFFF, 0x0000, 
	0x0000, 0x0000, 0x0000, 0x0000, 0x0000, 0xFFFF, 0x0000, 0x0000, 0x0000, 
	0xFFFF, 0x0000, 0x484B, 0x4530, 0x3CFF, 0x316B, 0x2425, 0x16E0, 0x0B4C, 
	0x031B, 0x0000, 0x0000, 0xFFFF, 0x0000, 0xFFFF, 0x0000, 0x0000, 0xFFFF, 
	0x0000, 0x0000, 0x0042, 0x00FC, 0x0219, 0x0386, 0x052F, 0x06FF, 0x08E4, 
	0x0AC8, 0x0C98, 0x0E41, 0x0FAE, 0x10CB, 0x1185, 0x11C7, 0x006A, 0xFF58, 
	0xFE45, 0xFE43, 0xFE43, 0xFE41, 0xFE16, 0xFDED, 0xFFFF, 0xFFAD, 0xFEF7, 
	0xFE42, 0xFDEF, 0xFE04, 0xFE35, 0xFE70, 0xFEA1, 0xFEB6, 0xFCD5, 0xFAD8, 
	0xFAA3, 0xFA76, 0xFA52, 0xFA35, 0xFA1E, 0xFA0D, 0xFA01, 0xF9F8, 0xF9F3, 
	0xF9F1, 0xF9F0, 0xFF42, 0x01C3, 0x0626, 0x08B7, 0x09A4, 0x0A13, 0x0AD2, 
	0x0B48, 0x0AAB, 0x0AD3, 0x0B2D, 0x0B87, 0x0BB0, 0x0BAF, 0x0BA9, 0x0B99, 
	0x0B7B, 0x0B48, 0x09E3, 0x0734, 0x0480, 0x0208, 0xFFCA, 0xFDCA, 0xFC06, 
	0xFA7E, 0xF932, 0xF822, 0xF74E, 0xF6B7, 0xF65C, 0xF63E, 0xB936, 0xBF21, 
	0xC713, 0xC9B1, 0xCA81, 0xCB21, 0xCC96, 0xCD82, 0xCAAA, 0xCB2C, 0xCC4A, 
	0xCD68, 0xCDEA, 0xCDC9, 0xCD7B, 0xCD1D, 0xCCCF, 0xCCAF, 0xCD76, 0xCE3E, 
	0xCDFD, 0xCD4B, 0xCC3D, 0xCAEB, 0xC96B, 0xC7D4, 0xC63E, 0xC4BE, 0xC36C, 
	0xC25E, 0xC1AC, 0xC16B, 
},{ 
	0x0001, 0x0000, 0x001E, 0x0001, 0x0013, 0x001F, 0x0001, 0x0032, 0x0001, 
	0x0033, 0x0001, 0x0034, 0x0001, 0x0035, 0x0001, 0x0036, 0x0020, 0x0037, 
	0x0020, 0x0057, 0x0009, 0x0077, 0x0020, 0x0080, 0x001E, 0x00A0, 0x0012, 
	0x00BE, 0x0020, 0x00D0, 0x0001, 0x00F0, 0x0001, 0x00F1, 0x0001, 0x00F2, 
	0x0020, 0x00F3, 0x0020, 0x0113, 0x0020, 0x0133, 0x0020, 0x0153, 0x0020, 
	0x0173, 0x0020, 0x0193, 0x0020, 0x01B3, 0x0003, 0x01D3, 0x001F, 0x01D6, 
	0x0001, 0x01F5, 0x0001, 0x01F6, 0x0001, 0x01F7, 0x0020, 0x01F8, 0x0020, 
	0x0218, 0x0020, 0x0238, 0x0020, 0x0258, 0x0020, 0x0278, 0x0020, 0x0298, 
	0x0020, 0x02B8, 0x0009, 0x02D8, 0x0020, 0x02E1, 0x0020, 0x0301, 0x0020, 
	0x0321, 0x0001, 0x0341, 0x0009, 0x0342, 0x0020, 0x034B, 0x0020, 0x036B, 
	0x0017, 0x038B, 0x0020, 0x03A2, 0x0020, 0x03C2, 0x001F, 0x03E2, 0x0020, 
	0x0401, 0x0020, 0x0421, 0x0018, 0x0441, 0x001F, 0x0459, 0x0001, 0x0478, 
	0x0009, 0x0479, 0x0020, 0x0482, 0x0020, 0x04A2, 0x001F, 0x04C2, 0x001F, 
	0x04E1, 0x0020, 0x0500, 0x001F, 0x0520, 0x0020, 0x053F, 0x0020, 0x055F, 
});
smlua_anim_util_register_animation('cr_anim_j355_single_jump', 1, 0, 0, 0, 12, { 
	0x0000, 0x0066, 0x006A, 0x0074, 0x0080, 0x008D, 0x0097, 0x009B, 0x0000, 
	0x0000, 0x3FFF, 0x0000, 0xFFFF, 0x0000, 0x48C7, 0x0000, 0x0019, 0x0059, 
	0x00B2, 0x0114, 0x0171, 0x01BA, 0x01EA, 0x020B, 0x021E, 0x0228, 0x022C, 
	0x0000, 0xFFB0, 0xFEDD, 0xFDB2, 0xFC57, 0xFAF6, 0xF9B8, 0xF8BF, 0xF80A, 
	0xF78E, 0xF742, 0xF71B, 0xF710, 0x0E39, 0x0BF0, 0x063A, 0xFECA, 0xF758, 
	0xF198, 0xEF3E, 0xEF2D, 0xEF22, 0xEF1B, 0xEF17, 0xEF16, 0xFFFF, 0xFFEB, 
	0xFFB9, 0xFF78, 0xFF37, 0xFF05, 0xFEF1, 0xFEF2, 0xFEF5, 0xFEF8, 0xFEFC, 
	0xFEFF, 0xFF00, 0x0000, 0x003C, 0x00DC, 0x01BE, 0x02C3, 0x03CB, 0x04B5, 
	0x0569, 0x05E8, 0x063B, 0x066C, 0x0682, 0x0688, 0x071C, 0x068B, 0x051E, 
	0x0344, 0x016A, 0xFFFD, 0xFF6B, 0xFF8C, 0xFFDD, 0x0048, 0x00B2, 0x0104, 
	0x0124, 0xFFFE, 0x0001, 0xC170, 0x1F63, 0x1ECA, 0x1D37, 0x1AFE, 0x1870, 
	0x15E2, 0x13A5, 0x11FB, 0x10DA, 0x1028, 0x0FCB, 0x0FA7, 0x0FA0, 0xD9F7, 
	0xDB48, 0xDE92, 0xE2D9, 0xE720, 0xEA6A, 0xEBBA, 0xEB98, 0xEB42, 0xEAD3, 
	0xEA63, 0xEA0D, 0xE9EB, 0xA1AA, 0xA68E, 0xB2DE, 0xC312, 0xD3A1, 0xE100, 
	0xE7A8, 0xE970, 0xEAA2, 0xEB5C, 0xEBBB, 0xEBDE, 0xEBE3, 0xFE26, 0xFE37, 
	0xFE65, 0xFEA5, 0xFEF0, 0xFF3B, 0xFF7D, 0xFFB0, 0xFFD4, 0xFFEB, 0xFFF8, 
	0xFFFE, 0xFFFF, 0xF43C, 0xF404, 0xF37A, 0xF2C5, 0xF211, 0xF187, 0xF14F, 
	0xF266, 0xF51E, 0xF8A7, 0xFC30, 0xFEE9, 0xFFFF, 0xCDDE, 0xD17A, 0xDA83, 
	0xE641, 0xF1FF, 0xFB07, 0xFEA4, 0xFE61, 0xFDB9, 0xFCDE, 0xFC04, 0xFB5B, 
	0xFB18, 0xE6DE, 0xE3C5, 0xDBBF, 0xD0B3, 0xC485, 0xB91C, 0xB05F, 0xAAAB, 
	0xA6D8, 0xA486, 0xA355, 0xA2E5, 0xA2D5, 0xF291, 0xF100, 0xED15, 0xE7FD, 
	0xE2E5, 0xDEFA, 0xDD69, 0xDEC8, 0xE237, 0xE6AE, 0xEB25, 0xEE94, 0xEFF4, 
	0xF3D8, 0xF720, 0xFF65, 0x0A4D, 0x1578, 0x1E8D, 0x232F, 0x248E, 0x2579, 
	0x2607, 0x2650, 0x266B, 0x266F, 0xFFFE, 0x0001, 0xC170, 0x1AEC, 0x18D1, 
	0x1377, 0x0C53, 0x04D8, 0xFE78, 0xFAA9, 0xF8F0, 0xF7C8, 0xF714, 0xF6B8, 
	0xF696, 0xF692, 0x1C81, 0x1CD2, 0x1D9D, 0x1EA4, 0x1FAB, 0x2076, 0x20C7, 
	0x2069, 0x1F7F, 0x1E4E, 0x1D1D, 0x1C33, 0x1BD5, 0xF0E3, 0xE67F, 0xCC58, 
	0xA9F6, 0x86E1, 0x6AA0, 0x5CBC, 0x5931, 0x56D2, 0x5561, 0x54A4, 0x545E, 
	0x5454, 0x00EA, 0x002B, 0xFE4C, 0xFBDD, 0xF969, 0xF77F, 0xF6AC, 0xF698, 
	0xF68A, 0xF682, 0xF67E, 0xF67C, 0xFC1B, 0xFB7C, 0xF9EE, 0xF7E9, 0xF5E4, 
	0xF457, 0xF3B8, 0xF3DB, 0xF433, 0xF4A5, 0xF517, 0xF56F, 0xF592, 0xC1CC, 
	0xC573, 0xCEA1, 0xDAAB, 0xE6E5, 0xF0A6, 0xF542, 0xF63A, 0xF6E0, 0xF744, 
	0xF778, 0xF78B, 0xF78E, 0x1729, 0x1729, 0x1729, 0x1729, 0x1729, 0x1729, 
	0x1729, 0x1725, 0x171B, 0x170E, 0x1700, 0x16F6, 0x16F2, 0x0506, 0x0506, 
	0x0506, 0x0506, 0x0506, 0x0506, 0x0506, 0x052C, 0x058A, 0x0604, 0x067F, 
	0x06DD, 0x0703, 0xEB8E, 0xEB8E, 0xEB8E, 0xEB8E, 0xEB8E, 0xEB8E, 0xEB8E, 
	0xEBED, 0xECDA, 0xEE0E, 0xEF43, 0xF030, 0xF08F, 0xFFFF, 0xFFFF, 0xBF5E, 
	0x0090, 0xFFE0, 0xFE2B, 0xFBF2, 0xF9B9, 0xF804, 0xF755, 0xF768, 0xF798, 
	0xF7D6, 0xF815, 0xF845, 0xF858, 0x0084, 0x0018, 0xFF09, 0xFDAB, 0xFC4D, 
	0xFB3F, 0xFAD4, 0xFAD8, 0xFAE2, 0xFAEF, 0xFAFC, 0xFB06, 0xFB0A, 0x7A8A, 
	0x7A88, 0x7A7D, 0x7A5E, 0x7A23, 0x79C0, 0x792D, 0x7862, 0x7774, 0x7682, 
	0x75AD, 0x7515, 0x74DC, 0x003F, 0x00AE, 0x01C5, 0x0337, 0x04B3, 0x05ED, 
	0x0694, 0x06CD, 0x06F3, 0x070A, 0x0716, 0x071B, 0x0080, 0x0050, 0xFFD9, 
	0xFF40, 0xFEA6, 0xFE30, 0xFE01, 0xFE03, 0xFE09, 0xFE11, 0xFE18, 0xFE1E, 
	0xFE20, 0x4358, 0x415A, 0x3C54, 0x35B5, 0x2EEC, 0x2968, 0x2698, 0x25C4, 
	0x2535, 0x24DF, 0x24B3, 0x24A2, 0x24A0, 0xFFB5, 0xFF78, 0xFEE0, 0xFE1A, 
	0xFD54, 0xFCBB, 0xFC7E, 0xFCAB, 0xFD1B, 0xFDAD, 0xFE3F, 0xFEAF, 0xFEDC, 
	0xFB8B, 0xFB3C, 0xFA75, 0xF973, 0xF871, 0xF7AA, 0xF75B, 0xF78A, 0xF802, 
	0xF89D, 0xF939, 0xF9B0, 0xF9E0, 0xC897, 0xC965, 0xCB67, 0xCE03, 0xD09F, 
	0xD2A1, 0xD36E, 0xD25E, 0xCFB4, 0xCC3D, 0xC8C6, 0xC61C, 0xC50B, 0xFFFF, 
	0xFFFF, 0xBF5E, 0xFA03, 0xFA06, 0xFA17, 0xFA46, 0xFAA2, 0xFB3A, 0xFC1C, 
	0xFD7B, 0xFF4C, 0x0141, 0x0308, 0x0453, 0x04D3, 0x0489, 0x04B8, 0x052D, 
	0x05C6, 0x065E, 0x06D3, 0x0702, 0x06F3, 0x06CD, 0x069C, 0x066B, 0x0646, 
	0x0637, 0x8470, 0x8904, 0x94A0, 0xA417, 0xB438, 0xC1D7, 0xC9C3, 0xCD26, 
	0xCF6A, 0xD0CA, 0xD17F, 0xD1C2, 0xD1CB, 0xFF97, 0xFFB4, 0x0007, 0x0083, 
	0x0121, 0x01D6, 0x029B, 0x0364, 0x0426, 0x04D3, 0x055F, 0x05BD, 0x05DF, 
	0x0146, 0x00D0, 0xFFA5, 0xFE1C, 0xFC88, 0xFB40, 0xFA97, 0xFA63, 0xFA40, 
	0xFA2B, 0xFA21, 0xFA1D, 0xFA1C, 0x556A, 0x5349, 0x4DF8, 0x470F, 0x4026, 
	0x3AD5, 0x38B4, 0x3929, 0x3A4D, 0x3BC8, 0x3D43, 0x3E67, 0x3EDB, 0x0FF8, 
	0x0E7A, 0x0ABF, 0x05E5, 0x010C, 0xFD50, 0xFBD1, 0xFC1D, 0xFCDA, 0xFDD0, 
	0xFEC5, 0xFF82, 0xFFCE, 0x0FD0, 0x0ECD, 0x0C46, 0x08FC, 0x05B3, 0x032C, 
	0x0229, 0x0276, 0x0336, 0x0431, 0x052B, 0x05EB, 0x0638, 0xB21A, 0xB4A4, 
	0xBB2B, 0xC40F, 0xCDB0, 0xD66F, 0xDCAB, 0xE068, 0xE2EA, 0xE46F, 0xE537, 
	0xE580, 0xE58B, 
},{ 
	0x0001, 0x0000, 0x0007, 0x0001, 0x0001, 0x0008, 0x0001, 0x0009, 0x0001, 
	0x000A, 0x0001, 0x000B, 0x0001, 0x000C, 0x0001, 0x000D, 0x0001, 0x000E, 
	0x000C, 0x000F, 0x000D, 0x001B, 0x000C, 0x0028, 0x000D, 0x0034, 0x000D, 
	0x0041, 0x000D, 0x004E, 0x0001, 0x005B, 0x0001, 0x005C, 0x0001, 0x005D, 
	0x000D, 0x005E, 0x000D, 0x006B, 0x000D, 0x0078, 0x000D, 0x0085, 0x000D, 
	0x0092, 0x000D, 0x009F, 0x000D, 0x00AC, 0x000D, 0x00B9, 0x000D, 0x00C6, 
	0x0001, 0x00D3, 0x0001, 0x00D4, 0x0001, 0x00D5, 0x000D, 0x00D6, 0x000D, 
	0x00E3, 0x000D, 0x00F0, 0x000C, 0x00FD, 0x000D, 0x0109, 0x000D, 0x0116, 
	0x000D, 0x0123, 0x000D, 0x0130, 0x000D, 0x013D, 0x0001, 0x014A, 0x0001, 
	0x014B, 0x0001, 0x014C, 0x000D, 0x014D, 0x000D, 0x015A, 0x000D, 0x0167, 
	0x000C, 0x0174, 0x000D, 0x0180, 0x000D, 0x018D, 0x000D, 0x019A, 0x000D, 
	0x01A7, 0x000D, 0x01B4, 0x0001, 0x01C1, 0x0001, 0x01C2, 0x0001, 0x01C3, 
	0x000D, 0x01C4, 0x000D, 0x01D1, 0x000D, 0x01DE, 0x000D, 0x01EB, 0x000D, 
	0x01F8, 0x000D, 0x0205, 0x000D, 0x0212, 0x000D, 0x021F, 0x000D, 0x022C, 
});
smlua_anim_util_register_animation('cr_anim_j355_springflip', 1, 0, 0, 0, 26, { 
	0x0000, 0x0080, 0x00A7, 0x00AF, 0x00BD, 0x00EB, 0x013D, 0x0136, 0x0123, 
	0x010D, 0x00F7, 0x00E5, 0x00D4, 0x00C5, 0x00B8, 0x00AD, 0x00A4, 0x009C, 
	0x0096, 0x0091, 0x008D, 0x008A, 0x0087, 0x0086, 0x0085, 0x0084, 0x0027, 
	0x0060, 0x008B, 0x009E, 0x00C7, 0x0114, 0x0111, 0x0108, 0x00FB, 0x00ED, 
	0x00DD, 0x00CC, 0x00BB, 0x00A8, 0x0096, 0x0083, 0x0071, 0x005F, 0x004E, 
	0x003E, 0x002F, 0x0022, 0x0016, 0x000D, 0x0006, 0x0002, 0x0000, 0x0000, 
	0x3FFF, 0x4000, 0x0000, 0x0000, 0x0000, 0x0000, 0x0000, 0x0000, 0x0000, 
	0x0000, 0xFFFF, 0xFFFF, 0xFFFF, 0xFFFF, 0xFFFF, 0xFFFF, 0xFFFF, 0xFFFF, 
	0xFFFF, 0xFFFF, 0xFFFF, 0xFFFF, 0xFFFF, 0xFFFF, 0xFFFF, 0xFFFF, 0xFFFF, 
	0xFFFF, 0xFFFF, 0x0000, 0xFFFF, 0xFFFF, 0xFFFF, 0xFFFF, 0xFFFF, 0xFFFF, 
	0x0000, 0xFFFF, 0xFFFF, 0xFFFF, 0xFFFF, 0xFFFF, 0xFFFF, 0xFFFF, 0x0000, 
	0x0000, 0x0000, 0x0000, 0x0000, 0x0000, 0x0000, 0xFFFF, 0xFFFF, 0xFFFF, 
	0xFFFF, 0xFFFF, 0x0000, 0x8442, 0x8E17, 0x95AB, 0x99DD, 0xAA78, 0xBFFF, 
	0xCF40, 0xDB95, 0xEAB3, 0xFD19, 0x11FE, 0x28A3, 0x4088, 0x593C, 0x724D, 
	0x8B54, 0xA412, 0xBC52, 0xD3DE, 0xEA82, 0x0008, 0x143C, 0x26C8, 0x36DA, 
	0x4380, 0x4BC8, 0x4EC1, 0xFFFF, 0xFFFF, 0xFFFF, 0xFFFF, 0xFFFF, 0xFFFF, 
	0xFFFF, 0xFFFF, 0xFFFF, 0xFFFF, 0xFFFF, 0xFFFF, 0xFFFF, 0xFFFF, 0xFFFF, 
	0xFFFE, 0xFFFD, 0xFFFC, 0xFFFA, 0xFFF7, 0xFFF5, 0xFFF3, 0xFFF0, 0xFFEE, 
	0xFFED, 0xFFEC, 0xFFEB, 0x0000, 0x0000, 0x0000, 0x0000, 0x0000, 0x0000, 
	0x0000, 0x0000, 0x0000, 0x0000, 0x0000, 0x0000, 0x0000, 0x0000, 0x0000, 
	0xFFFF, 0xFFFE, 0xFFFC, 0xFFFA, 0xFFF8, 0xFFF6, 0xFFF4, 0xFFF2, 0xFFF0, 
	0xFFEE, 0xFFED, 0xFD3A, 0xFD80, 0xFDA5, 0xFDA5, 0xFDA5, 0xFDA5, 0xFDA5, 
	0xFDA5, 0xFDA5, 0xFEB4, 0x015A, 0x04CA, 0x083A, 0x0ADE, 0x0BED, 0x0BCD, 
	0x0B73, 0x0AEC, 0x0A42, 0x0981, 0x08B5, 0x07E9, 0x0728, 0x067F, 0x05F7, 
	0x059E, 0x057D, 0x0143, 0x0071, 0x0000, 0x0000, 0x0000, 0x0000, 0x0000, 
	0x0000, 0x0000, 0x0000, 0x0000, 0x0000, 0x0000, 0x0000, 0x0000, 0x0000, 
	0x0000, 0x0001, 0x0002, 0x0002, 0x0003, 0x0004, 0x0004, 0x0005, 0x0005, 
	0x0006, 0x0108, 0x005C, 0xFFFF, 0xFFFF, 0xFFFF, 0xFFFF, 0xFFFF, 0xFFFF, 
	0xFFFF, 0xFFFF, 0xFFFF, 0xFFFF, 0xFFFF, 0xFFFF, 0xFFFF, 0xFFFE, 0xFFFE, 
	0xFFFD, 0xFFFD, 0xFFFC, 0xFFFC, 0xFFFB, 0xFFFA, 0xFFFA, 0xFFFA, 0xFFF9, 
	0xE1F1, 0xF2F1, 0xFC18, 0xF067, 0xF067, 0xF067, 0xF067, 0xF067, 0xF067, 
	0xF52F, 0x0126, 0x10B2, 0x203D, 0x2C33, 0x30FB, 0x301E, 0x2DBB, 0x2A1F, 
	0x259A, 0x2078, 0x1B08, 0x1599, 0x1077, 0x0BF1, 0x0856, 0x05F3, 0x0516, 
	0xFFFE, 0xFFFF, 0x0000, 0x0001, 0x0000, 0xFFFF, 0xC111, 0xC05F, 0xBFFF, 
	0x4000, 0xBCE2, 0xBC70, 0xBC70, 0xD0D6, 0x671C, 0x694D, 0xE99C, 0xE99C, 
	0xE9B0, 0xE9E2, 0xEA23, 0xEA64, 0xEA96, 0xEAAA, 0xE891, 0xE2C3, 0xDA00, 
	0x4F04, 0x428C, 0x3557, 0x2822, 0x1BAA, 0x10AE, 0x07EA, 0x021D, 0x0004, 
	0xDC71, 0xAC71, 0xB555, 0xB555, 0xA38E, 0xEE38, 0xECD6, 0x948A, 0x948A, 
	0x94E2, 0x95CF, 0x972C, 0x98D4, 0x9AA2, 0x9C71, 0x9E21, 0x9FAC, 0xA113, 
	0xDDAB, 0xDC8F, 0xDB99, 0xDAC8, 0xDA1D, 0xD998, 0xD939, 0xD8FF, 0xD8EC, 
	0x5C71, 0xFC72, 0x0106, 0x0106, 0xE2C0, 0x4370, 0x4237, 0xC209, 0xC209, 
	0xC4F4, 0xCCE7, 0xD8B1, 0xE71E, 0xF6FD, 0x071C, 0x1678, 0x24D0, 0x3215, 
	0xBE37, 0xC927, 0xD2D5, 0xDB31, 0xE22B, 0xE7B4, 0xEBBB, 0xEE32, 0xEF07, 
	0x02C4, 0x07E7, 0x0AAB, 0x0AAB, 0xF761, 0xE419, 0xEC29, 0xF439, 0xF439, 
	0xF518, 0xF747, 0xFA1C, 0xFCF2, 0xFF20, 0x0000, 0x0000, 0x0000, 0x0000, 
	0x0000, 0x0000, 0x0000, 0x0000, 0x0000, 0x0000, 0x0000, 0x0000, 0xFFFF, 
	0xFD3B, 0xF818, 0xF554, 0xF554, 0xF56C, 0xF60E, 0xFB76, 0x0053, 0x0053, 
	0xFEB7, 0xFAB4, 0xF57E, 0xF047, 0xEC44, 0xEAAA, 0xEB15, 0xEC3E, 0xEDFF, 
	0xF032, 0xF2B0, 0xF554, 0xF7F9, 0xFA77, 0xFCAA, 0xFE6A, 0xFF94, 0x0000, 
	0xE1AC, 0xC03A, 0xAE38, 0xAE38, 0xD2DE, 0xFA1A, 0xFD1F, 0xFD8D, 0xFD8D, 
	0xFA93, 0xF320, 0xE971, 0xDFC2, 0xD84F, 0xD554, 0xD62B, 0xD87E, 0xDBFF, 
	0xE064, 0xE561, 0xEAAA, 0xEFF2, 0xF4EF, 0xF954, 0xFCD6, 0xFF28, 0x0000, 
	0xE028, 0xEDEB, 0xF554, 0xF554, 0xF04F, 0xE38D, 0xD3EF, 0xCC0E, 0xCC0E, 
	0xCC0C, 0xCBFF, 0xCBDE, 0xCBA0, 0xCB3C, 0xCAAA, 0xC9E3, 0xC8EF, 0xC7DB, 
	0xC6B2, 0xC580, 0xC451, 0xC330, 0xC229, 0xC149, 0xC099, 0xC028, 0xBFFF, 
	0xF0B0, 0xDEE8, 0xD555, 0xD555, 0xE71C, 0xF8E3, 0xEC8C, 0xE036, 0xE036, 
	0xE099, 0xE19A, 0xE2FE, 0xE487, 0xE5FB, 0xE71C, 0xE7ED, 0xE89B, 0xE92A, 
	0xE99C, 0xE9F5, 0xEA38, 0xEA68, 0xEA88, 0xEA9C, 0xEAA6, 0xEAA9, 0xEAAA, 
	0xFA96, 0x050A, 0x0AAB, 0x0AAB, 0xFE38, 0xF1C6, 0xFB86, 0x0547, 0x0547, 
	0x0392, 0xFF4C, 0xF9BF, 0xF432, 0xEFED, 0xEE38, 0xEEC7, 0xF053, 0xF2AA, 
	0xF598, 0xF8EB, 0xFC71, 0xFFF7, 0x034B, 0x0639, 0x088F, 0x0A1B, 0x0AAB, 
	0xFFFE, 0xFFFF, 0x0000, 0x0001, 0x0000, 0xFFFF, 0xC111, 0xC05F, 0xBFFF, 
	0x4000, 0x431C, 0x438D, 0x438D, 0x2F29, 0x98E3, 0x96B3, 0x1663, 0x1663, 
	0x164F, 0x161D, 0x15DC, 0x159B, 0x1569, 0x1555, 0x176F, 0x1D3C, 0x2600, 
	0xB0FD, 0xBD76, 0xCAAC, 0xD7E2, 0xE45A, 0xEF58, 0xF81C, 0xFDEA, 0x0004, 
	0x5C71, 0x4E0C, 0x4AAA, 0x4AAA, 0x5C71, 0x11C7, 0x1329, 0x6B74, 0x6B74, 
	0x6B1D, 0x6A31, 0x68D4, 0x672B, 0x655D, 0x638E, 0x61DD, 0x6050, 0x5EE8, 
	0x225A, 0x2378, 0x2471, 0x2543, 0x25F0, 0x2677, 0x26D8, 0x2712, 0x2726, 
	0xDC71, 0xF4F2, 0x0105, 0x0105, 0xE2C0, 0x4370, 0x4237, 0xC209, 0xC209, 
	0xC4F4, 0xCCE7, 0xD8B1, 0xE71E, 0xF6FD, 0x071C, 0x1678, 0x24D1, 0x3216, 
	0xBE39, 0xC92A, 0xD2D8, 0xDB35, 0xE230, 0xE7B9, 0xEBC1, 0xEE38, 0xEF0E, 
	0xFD3B, 0xF818, 0xF554, 0xF554, 0x089E, 0x1BE6, 0x13D6, 0x0BC6, 0x0BC6, 
	0x0AE7, 0x08B8, 0x05E3, 0x030D, 0x00DF, 0xFFFF, 0x0000, 0x0000, 0xFFFF, 
	0x0000, 0xFFFF, 0x0000, 0x0000, 0xFFFF, 0x02C4, 0x07E7, 0x0AAB, 0x0AAB, 
	0x0A93, 0x09F0, 0x0489, 0xFFAC, 0xFFAC, 0x0148, 0x054B, 0x0A81, 0x0FB8, 
	0x13BB, 0x1555, 0x14EA, 0x13C1, 0x1200, 0x0FCD, 0x0D4F, 0x0AAB, 0x0806, 
	0x0588, 0x0355, 0x0195, 0x006B, 0xFFFF, 0xD6ED, 0xBC77, 0xAE38, 0xAE38, 
	0xD2DE, 0xFA1A, 0xFD1F, 0xFD8D, 0xFD8D, 0xFA93, 0xF320, 0xE971, 0xDFC2, 
	0xD84F, 0xD554, 0xD62B, 0xD87E, 0xDBFF, 0xE064, 0xE561, 0xEAAA, 0xEFF2, 
	0xF4EF, 0xF954, 0xFCD6, 0xFF28, 0x0000, 0x3296, 0x18A3, 0x0AAB, 0x0AAB, 
	0x0FB0, 0x1C72, 0x2C10, 0x33F1, 0x33F1, 0x33F4, 0x3401, 0x3421, 0x345F, 
	0x34C3, 0x3555, 0x361C, 0x3710, 0x3824, 0x394D, 0x3A7F, 0x3BAE, 0x3CCF, 
	0x3DD6, 0x3EB6, 0x3F66, 0x3FD7, 0x4000, 0x1886, 0x2451, 0x2AAB, 0x2AAB, 
	0x18E3, 0x071C, 0x1373, 0x1FC9, 0x1FC9, 0x1F66, 0x1E64, 0x1D01, 0x1B77, 
	0x1A04, 0x18E3, 0x1812, 0x1764, 0x16D5, 0x1663, 0x160A, 0x15C7, 0x1597, 
	0x1577, 0x1563, 0x1559, 0x1556, 0x1555, 0x11C0, 0x0D25, 0x0AAB, 0x0AAB, 
	0xFE38, 0xF1C6, 0xFB86, 0x0548, 0x0548, 0x0393, 0xFF4C, 0xF9BF, 0xF432, 
	0xEFED, 0xEE38, 0xEEC7, 0xF053, 0xF2AA, 0xF598, 0xF8EB, 0xFC71, 0xFFF7, 
	0x034B, 0x0639, 0x088F, 0x0A1B, 0x0AAB, 0xFFFF, 0x0000, 0xFFFF, 0x0000, 
	0x0000, 0xFFFF, 0xFFFF, 0xFFFF, 0xFFFF, 0xFFFF, 0xFFFF, 0xFFFF, 0xFFFF, 
	0x0000, 0xFFFF, 0x0000, 0xFFFF, 0xFFFF, 0xFFFF, 0xFFFF, 0x0000, 0xFFFF, 
	0xFFFF, 0x0000, 0xFFFF, 0xFFFF, 0xFFFF, 0x0000, 0xFFFF, 0xC45C, 0xC186, 
	0xBFFF, 0xFCB4, 0xFF16, 0xFF7A, 0xFF7A, 0xFDF6, 0xFC71, 0xFC71, 0xFC71, 
	0xFC71, 0xFC71, 0xFC71, 0xFC71, 0xFC71, 0xFC71, 0xFC71, 0xFC69, 0xFC52, 
	0xFC30, 0xFC06, 0xFBD6, 0xFBA3, 0xFB70, 0xFB3F, 0xFB15, 0xFAF3, 0xFADD, 
	0xFAD5, 0xFAC0, 0xF644, 0xF1C8, 0xF1C8, 0xF8E4, 0xFFFF, 0xFFFF, 0xFFFF, 
	0xFFFF, 0xFFFF, 0xFFFF, 0xFFFF, 0xFFFF, 0x0000, 0x0000, 0xFFE0, 0xFF89, 
	0xFF06, 0xFE62, 0xFDA8, 0xFCE2, 0xFC1D, 0xFB63, 0xFABF, 0xFA3C, 0xF9E5, 
	0xF9C6, 0xA048, 0x8A14, 0x6BD8, 0x5B73, 0x7EB9, 0xB3AF, 0xC852, 0xCB45, 
	0xCB45, 0xC42C, 0xB26C, 0x9B59, 0x8446, 0x7286, 0x6B6D, 0x6BAB, 0x6C58, 
	0x6D5C, 0x6EA3, 0x7015, 0x719E, 0x7327, 0x749A, 0x75E0, 0x76E5, 0x7791, 
	0x77D0, 0xFFFF, 0xFFFF, 0xFFFF, 0xFFFF, 0x0118, 0x0291, 0x0300, 0x0310, 
	0x0310, 0x02B7, 0x01D7, 0x00B4, 0xFF90, 0xFEB1, 0xFE57, 0xFE70, 0xFEB6, 
	0xFF20, 0xFFA4, 0x003B, 0x00DA, 0x0179, 0x020F, 0x0293, 0x02FC, 0x0342, 
	0x035B, 0x0000, 0x0000, 0x0000, 0x0000, 0x006F, 0x013E, 0x01CF, 0x01FF, 
	0x01FF, 0x01E0, 0x0191, 0x012A, 0x00C4, 0x0075, 0x0056, 0x0062, 0x0085, 
	0x00BB, 0x00FD, 0x0149, 0x0199, 0x01E9, 0x0235, 0x0278, 0x02AD, 0x02D0, 
	0x02DD, 0x4D7A, 0x5795, 0x5BF3, 0x5BF3, 0x404E, 0x1CE6, 0x13D6, 0x128B, 
	0x128B, 0x173B, 0x22F5, 0x3233, 0x4171, 0x4D2B, 0x51DB, 0x5068, 0x4C65, 
	0x4655, 0x3EBC, 0x361D, 0x2CFA, 0x23D8, 0x1B38, 0x139F, 0x0D8F, 0x098C, 
	0x0819, 0xFFFF, 0xFFFF, 0xFFFF, 0xFFFF, 0x007A, 0x00F5, 0x004B, 0xFFA0, 
	0xFFA0, 0xFFCA, 0x0033, 0x00B9, 0x0140, 0x01A8, 0x01D1, 0xFFFF, 0xFFFF, 
	0x0000, 0xFFFF, 0x0045, 0x008A, 0x0034, 0xFFDE, 0xFFDE, 0x0001, 0x0056, 
	0x00C5, 0x0133, 0x0188, 0x01AA, 0xE467, 0xEF44, 0xF1C6, 0xF1C6, 0xEC0C, 
	0xE652, 0xEE48, 0xF63F, 0xF63F, 0xF3CA, 0xEDA3, 0xE5A4, 0xDDA5, 0xD77F, 
	0xD509, 0x0000, 0x0000, 0xBF88, 0xBFD6, 0xBFFF, 0x01D6, 0x00AF, 0x0085, 
	0x0085, 0x0209, 0x038E, 0x038E, 0x038E, 0x038E, 0x038E, 0x038E, 0x038E, 
	0x038E, 0x038E, 0x038E, 0x03DB, 0x04AF, 0x05EF, 0x0780, 0x0947, 0x0B29, 
	0x0D0C, 0x0ED3, 0x1064, 0x11A4, 0x1278, 0x12C4, 0x02BF, 0x087B, 0x0E37, 
	0x0E37, 0x071B, 0xFFFF, 0xFFFF, 0xFFFF, 0xFFFF, 0xFFFF, 0xFFFF, 0x0000, 
	0x0000, 0x0000, 0x0000, 0x0041, 0x00F4, 0x0202, 0x0354, 0x04D5, 0x066C, 
	0x0803, 0x0983, 0x0AD6, 0x0BE4, 0x0C97, 0x0CD7, 0xADFE, 0x8C92, 0x6BD8, 
	0x5B73, 0x7EB9, 0xB3AF, 0xC852, 0xCB45, 0xCB45, 0xC42C, 0xB26C, 0x9B59, 
	0x8446, 0x7286, 0x6B6D, 0x6BCF, 0x6CDF, 0x6E7B, 0x707E, 0x72C7, 0x7533, 
	0x779F, 0x79E8, 0x7BEB, 0x7D87, 0x7E97, 0x7EF9, 0x0000, 0x0000, 0x0000, 
	0x0000, 0xFEE7, 0xFD6E, 0xFCFF, 0xFCEF, 0xFCEF, 0xFD48, 0xFE28, 0xFF4B, 
	0x006F, 0x014E, 0x01A8, 0x018F, 0x0149, 0x00DF, 0x005B, 0xFFC4, 0xFF25, 
	0xFE86, 0xFDF0, 0xFD6C, 0xFD03, 0xFCBD, 0xFCA4, 0xFFFF, 0x0000, 0x0000, 
	0x0000, 0xFF90, 0xFEC1, 0xFE30, 0xFE00, 0xFE00, 0xFE1F, 0xFE6E, 0xFED5, 
	0xFF3B, 0xFF8A, 0xFFA9, 0xFF9D, 0xFF7A, 0xFF44, 0xFF02, 0xFEB6, 0xFE66, 
	0xFE16, 0xFDCA, 0xFD87, 0xFD52, 0xFD2F, 0xFD22, 0x446E, 0x55E3, 0x5BF3, 
	0x5BF3, 0x404E, 0x1CE6, 0x13D6, 0x128B, 0x128B, 0x173B, 0x22F5, 0x3233, 
	0x4171, 0x4D2B, 0x51DB, 0x5068, 0x4C65, 0x4655, 0x3EBC, 0x361D, 0x2CFA, 
	0x23D8, 0x1B38, 0x139F, 0x0D8F, 0x098C, 0x0819, 0xFFFF, 0x0000, 0xFFFF, 
	0x0000, 0xFF85, 0xFF0A, 0xFFB4, 0x005F, 0x005F, 0x0035, 0xFFCC, 0xFF46, 
	0xFEBF, 0xFE57, 0xFE2E, 0x0000, 0x0000, 0x0000, 0x0000, 0xFFBA, 0xFF75, 
	0xFFCB, 0x0021, 0x0021, 0xFFFE, 0xFFA9, 0xFF3A, 0xFECC, 0xFE77, 0xFE55, 
	0xDBAE, 0xEDA2, 0xF1C6, 0xF1C6, 0xEC0C, 0xE652, 0xEE48, 0xF63F, 0xF63F, 
	0xF3CA, 0xEDA3, 0xE5A4, 0xDDA5, 0xD77F, 0xD509, 
},{ 
	0x0001, 0x0000, 0x0019, 0x0001, 0x001B, 0x001A, 0x0001, 0x0035, 0x0002, 
	0x0036, 0x0001, 0x0038, 0x001B, 0x0039, 0x001B, 0x0054, 0x001B, 0x006F, 
	0x001B, 0x008A, 0x001A, 0x00A5, 0x001B, 0x00BF, 0x001A, 0x00DA, 0x001A, 
	0x00F4, 0x001B, 0x010E, 0x0003, 0x0129, 0x0003, 0x012C, 0x0003, 0x012F, 
	0x001B, 0x0132, 0x001B, 0x014D, 0x001B, 0x0168, 0x001B, 0x0183, 0x001B, 
	0x019E, 0x001B, 0x01B9, 0x001B, 0x01D4, 0x001B, 0x01EF, 0x001B, 0x020A, 
	0x0003, 0x0225, 0x0003, 0x0228, 0x0003, 0x022B, 0x001B, 0x022E, 0x001B, 
	0x0249, 0x001B, 0x0264, 0x0017, 0x027F, 0x001B, 0x0296, 0x001B, 0x02B1, 
	0x001B, 0x02CC, 0x001B, 0x02E7, 0x001B, 0x0302, 0x0002, 0x031D, 0x001B, 
	0x031F, 0x0003, 0x033A, 0x001B, 0x033D, 0x001B, 0x0358, 0x001B, 0x0373, 
	0x001B, 0x038E, 0x001B, 0x03A9, 0x001B, 0x03C4, 0x000F, 0x03DF, 0x000F, 
	0x03EE, 0x000F, 0x03FD, 0x0001, 0x040C, 0x0001, 0x040D, 0x0003, 0x040E, 
	0x001B, 0x0411, 0x001B, 0x042C, 0x001B, 0x0447, 0x001B, 0x0462, 0x001B, 
	0x047D, 0x001B, 0x0498, 0x000F, 0x04B3, 0x000F, 0x04C2, 0x000F, 0x04D1, 
});
smlua_anim_util_register_animation('cr_anim_j355_fludd_hover', 0, 0, 0, 0, 10, { 
	0x0000, 0x0098, 0x0000, 0x0000, 0x3FFF, 0x0000, 0xFFFF, 0x0000, 0x40A1, 
	0xFFFF, 0xFFFF, 0x0000, 0xFFFF, 0xFFFF, 0x0000, 0x0000, 0x0000, 0x0000, 
	0x0000, 0x0000, 0x0000, 0x0000, 0xFFFF, 0xFFFF, 0xFFFF, 0xFFFF, 0xFFFF, 
	0xFFFF, 0x0000, 0xFFFF, 0x1555, 0x1617, 0x1777, 0x1863, 0x18CC, 0x18E3, 
	0x18CC, 0x1863, 0x1777, 0x1617, 0x1555, 0xFFFE, 0x0001, 0xC170, 0xB555, 
	0xB53F, 0xC600, 0xD9FF, 0xEAC0, 0xF1C6, 0xEAC0, 0xD9FF, 0xC600, 0xB53F, 
	0xB555, 0xBFFF, 0xC17A, 0xC501, 0xC937, 0xCCBD, 0xCE38, 0xCCBD, 0xC937, 
	0xC501, 0xC17A, 0xBFFF, 0x0000, 0x0016, 0xEF54, 0xDB55, 0xCA94, 0xC38D, 
	0xCA94, 0xDB55, 0xEF54, 0x0016, 0x0000, 0x2000, 0x15B7, 0x029D, 0xF853, 
	0xFDF0, 0x038E, 0xFFF3, 0xF942, 0xF5A7, 0x0AD4, 0x2000, 0x3C72, 0x3A06, 
	0x33E3, 0x2BB9, 0x23B5, 0x2000, 0x23E1, 0x2C81, 0x355C, 0x3AC4, 0x3C72, 
	0x2000, 0x14D8, 0x0021, 0xF4F9, 0xF8B5, 0xFC71, 0xFA2A, 0xF5F1, 0xF3AA, 
	0x09D6, 0x2000, 0x11C7, 0x0D57, 0x02C2, 0xF620, 0xEB8B, 0xE71C, 0xEB8B, 
	0xF620, 0x02C2, 0x0D57, 0x11C7, 0x071C, 0x0954, 0x0E9F, 0x14EF, 0x1A3A, 
	0x1C72, 0x1A3A, 0x14EF, 0x0E9F, 0x0954, 0x071C, 0x0000, 0x0000, 0xFFFF, 
	0xFFFF, 0xFFFF, 0x0000, 0xFFFF, 0x0000, 0xFFFE, 0x0001, 0xC170, 0x4AAA, 
	0x4AC0, 0x39FF, 0x2600, 0x153F, 0x0E39, 0x153F, 0x2600, 0x39FF, 0x4AC0, 
	0x4AAA, 0x4000, 0x3E85, 0x3AFE, 0x36C8, 0x3342, 0x31C7, 0x3342, 0x36C8, 
	0x3AFE, 0x3E85, 0x4000, 0x0000, 0x0016, 0xEF54, 0xDB55, 0xCA94, 0xC38D, 
	0xCA94, 0xDB55, 0xEF54, 0x0016, 0x0000, 0xDFFF, 0xEA48, 0xFD62, 0x07AC, 
	0x020F, 0xFC71, 0x000C, 0x06BD, 0x0A58, 0xF52B, 0xDFFF, 0xC38D, 0xC5F9, 
	0xCC1C, 0xD446, 0xDC4A, 0xDFFF, 0xDC1E, 0xD37E, 0xCAA3, 0xC53B, 0xC38D, 
	0x2000, 0x14D8, 0x0021, 0xF4F8, 0xF8B4, 0xFC71, 0xFA2A, 0xF5F0, 0xF3AA, 
	0x09D5, 0x2000, 0x11C7, 0x1284, 0x1448, 0x1663, 0x1826, 0x18E3, 0x1826, 
	0x1663, 0x1448, 0x1284, 0x11C7, 0x071C, 0x036A, 0xFA97, 0xF011, 0xE740, 
	0xE38D, 0xE740, 0xF011, 0xFA97, 0x036A, 0x071C, 0x0000, 0xFFFF, 0xFFFF, 
	0xFFFF, 0x0000, 0x0000, 0x0000, 0x0000, 0xFFFF, 0x0000, 0x0000, 0xFFFF, 
	0xBF5E, 0x000F, 0xEB4F, 0x72E2, 0xFFFF, 0xFFFF, 0x4C54, 0xFFFF, 0x0000, 
	0xE040, 0xFFFF, 0x0000, 0xBF5E, 0x0D37, 0x0693, 0xB48E, 0x0000, 0x0000, 
	0x1624, 0xFF80, 0xFF5A, 0xE4BC, 
},{ 
	0x0001, 0x0000, 0x0001, 0x0001, 0x0001, 0x0002, 0x0001, 0x0003, 0x0001, 
	0x0004, 0x0001, 0x0005, 0x0001, 0x0006, 0x0001, 0x0007, 0x0001, 0x0008, 
	0x0001, 0x0009, 0x0001, 0x000A, 0x0001, 0x000B, 0x000B, 0x000C, 0x0007, 
	0x0017, 0x000B, 0x001E, 0x0001, 0x0029, 0x0001, 0x002A, 0x0001, 0x002B, 
	0x000B, 0x002C, 0x000B, 0x0037, 0x000B, 0x0042, 0x000B, 0x004D, 0x000B, 
	0x0058, 0x000B, 0x0063, 0x000B, 0x006E, 0x000B, 0x0079, 0x0008, 0x0084, 
	0x0001, 0x008C, 0x0001, 0x008D, 0x0001, 0x008E, 0x000B, 0x008F, 0x000B, 
	0x009A, 0x000B, 0x00A5, 0x000B, 0x00B0, 0x000B, 0x00BB, 0x000B, 0x00C6, 
	0x000B, 0x00D1, 0x000B, 0x00DC, 0x000A, 0x00E7, 0x0001, 0x00F1, 0x0001, 
	0x00F2, 0x0001, 0x00F3, 0x0001, 0x00F4, 0x0001, 0x00F5, 0x0001, 0x00F6, 
	0x0001, 0x00F7, 0x0001, 0x00F8, 0x0001, 0x00F9, 0x0001, 0x00FA, 0x0001, 
	0x00FB, 0x0001, 0x00FC, 0x0001, 0x00FD, 0x0001, 0x00FE, 0x0001, 0x00FF, 
	0x0001, 0x0100, 0x0001, 0x0101, 0x0001, 0x0102, 0x0001, 0x0103, 0x0001, 
	0x0104, 0x0001, 0x0105, 0x0001, 0x0106, 0x0001, 0x0107, 0x0001, 0x0108, 
});
smlua_anim_util_register_animation('cr_anim_j355_galaxy_spin', 1, 0, 0, 0, 20, { 
	0x0000, 0x00BE, 0x0000, 0x0000, 0x4000, 0x0000, 0x0000, 0x2BD5, 0x5755, 
	0x822D, 0xAC08, 0xD491, 0xFB76, 0x2062, 0x42FF, 0x62FB, 0x7FFF, 0x99CC, 
	0xB06B, 0xC3F7, 0xD48D, 0xE248, 0xED46, 0xF5A1, 0xFB76, 0xFEE1, 0x0000, 
	0x0000, 0x0000, 0xFFFF, 0x0000, 0x0000, 0xFFFF, 0x0000, 0xFFFF, 0x0000, 
	0xFFFF, 0x0000, 0xFFFF, 0xFFFF, 0xFFFF, 0xFFFF, 0x0000, 0xFFFF, 0xFFFF, 
	0xFFFF, 0xFFFF, 0x0000, 0x4000, 0x0000, 0xFFFF, 0xFFFF, 0x0000, 0x0000, 
	0xFFFF, 0x0000, 0xFFFF, 0xFFFF, 0xFFFF, 0xFFFF, 0xFFFF, 0x0000, 0x0000, 
	0x0000, 0xFFFF, 0xFFFF, 0x0000, 0xFFFF, 0xFFFF, 0x0000, 0x0000, 0xFFFF, 
	0x0000, 0xFFFF, 0x0000, 0x0000, 0x0000, 0xFFFF, 0xFFFF, 0x0000, 0x0000, 
	0xFFFF, 0xFFFF, 0xFFFF, 0xFFFF, 0x0000, 0x0000, 0x0000, 0xFFFF, 0x0000, 
	0xF8E3, 0xF8FA, 0xF93D, 0xF9A4, 0xFA27, 0xFABF, 0xFB66, 0xFC14, 0xFCC2, 
	0xFD69, 0xFE02, 0xFE85, 0xFEEC, 0xFF2E, 0xFF46, 0xFFFF, 0xFFFF, 0xFFFF, 
	0xFFFF, 0xFFFF, 0xFFFF, 0xFFFF, 0x0000, 0x0000, 0x0000, 0xFFFF, 0xFFFF, 
	0x0000, 0x0000, 0x0000, 0xFFFF, 0xFFFF, 0xFFFF, 0x0000, 0xFFFF, 0x0000, 
	0xFFFF, 0xE71C, 0xE71C, 0xE71C, 0xE71C, 0xE71C, 0xE71C, 0xE71C, 0xE71C, 
	0xE71C, 0xE7F1, 0xEB1C, 0xF19C, 0xFC71, 0x0A72, 0x11C7, 0x0000, 0xFFFF, 
	0xBFFF, 0xFFFF, 0x0000, 0x0000, 0xFFFF, 0xFFFF, 0x0482, 0x0FC8, 0x1E73, 
	0xAD25, 0xB880, 0xBD24, 0xBD3D, 0xBD40, 0xBC8C, 0xBAB3, 0xB815, 0xB515, 
	0xB215, 0xAF77, 0xAD9E, 0xACEA, 0xBC71, 0xBC71, 0xBC71, 0xBC71, 0xBC71, 
	0xBDF3, 0xC1F8, 0xC7BF, 0xB17B, 0xAA79, 0xA3FD, 0x9EF0, 0x9CE1, 0x9EE5, 
	0xA435, 0xABB9, 0xB457, 0xBCF4, 0xC478, 0xC9C9, 0xCBCD, 0xBFFF, 0xBFFF, 
	0xBFFF, 0xBFFF, 0xBFFF, 0xBB64, 0xAFDE, 0xA0E0, 0x11DE, 0x064A, 0x0195, 
	0x0184, 0x0181, 0x0248, 0x0453, 0x0737, 0x0A87, 0x0DD6, 0x10BA, 0x12C5, 
	0x138C, 0xFFFF, 0xFFFF, 0x0000, 0x0000, 0xFFFF, 0xFF65, 0xFDDE, 0xFBD3, 
	0xF9AC, 0xF7D3, 0xF6B0, 0xF650, 0xF642, 0xF6AD, 0xF7C8, 0xF957, 0xFB21, 
	0xFCEA, 0xFE7A, 0xFF94, 0xFFFF, 0xFFFF, 0xFFFF, 0xFFFF, 0xFFFF, 0xFFFF, 
	0x004A, 0x0103, 0x01F7, 0x02F1, 0x03BC, 0x0424, 0x0439, 0x043B, 0x040D, 
	0x0392, 0x02E5, 0x021E, 0x0157, 0x00A9, 0x002F, 0x0000, 0x0000, 0xFFFF, 
	0xFFFF, 0xFFFF, 0x0000, 0xFCDA, 0xF4AE, 0xE95D, 0xDCCA, 0xD0D6, 0xC766, 
	0xC1F0, 0xC042, 0xC2FF, 0xCA37, 0xD46D, 0xE020, 0xEBD4, 0xF609, 0xFD42, 
	0x0000, 0xF1A6, 0xF1A6, 0xF1A6, 0xF1A6, 0xF1A6, 0xF164, 0xF0B8, 0xEFC6, 
	0xEEB3, 0xEDA3, 0xECBB, 0xEC0C, 0xEB5A, 0xEA65, 0xE938, 0xE7ED, 0xE6A1, 
	0xE56F, 0xE472, 0xE3C6, 0xE387, 0xF75C, 0xF75C, 0xF75C, 0xF75C, 0xF75C, 
	0xF76E, 0xF7A4, 0xF7FC, 0xF875, 0xF90E, 0xF9C5, 0xFA85, 0xFAE1, 0xFA02, 
	0xF7B7, 0xF479, 0xF0C2, 0xED0B, 0xE9CD, 0xE782, 0xE6A3, 0xF311, 0xF311, 
	0xF311, 0xF311, 0xF311, 0xF1D2, 0xEE7A, 0xE9A2, 0xE3E1, 0xDDCE, 0xD803, 
	0xD34C, 0xD150, 0xD302, 0xD77B, 0xDDCD, 0xE50C, 0xEC4B, 0xF29D, 0xF715, 
	0xF8C8, 0x0000, 0xFFFF, 0xBFFF, 0xEF47, 0xEF47, 0xEF47, 0xEF47, 0xEF47, 
	0xEF47, 0xEF47, 0xEF47, 0xEF47, 0xEF47, 0xEF47, 0xEDFD, 0xEA7D, 0xE556, 
	0xDF13, 0xD843, 0x5174, 0x4B32, 0x460A, 0x428A, 0x4141, 0x4355, 0x4355, 
	0x4355, 0x4355, 0x4355, 0x4355, 0x4355, 0x4355, 0x4355, 0x4355, 0x4355, 
	0x427C, 0x4030, 0x3CCE, 0x38B2, 0x3439, 0x5040, 0x545C, 0x57BE, 0x5A0A, 
	0x5AE3, 0xB17B, 0xB17B, 0xB17B, 0xB17B, 0xB17B, 0xB17B, 0xB17B, 0xB17B, 
	0xB17B, 0xB17B, 0xB17B, 0xB090, 0xAE11, 0xAA63, 0xA5EC, 0xA10F, 0x1C34, 
	0x17BC, 0x140F, 0x1190, 0x10A4, 0x0000, 0xFFFF, 0xFFFF, 0xFFFF, 0xFFFF, 
	0xFFFF, 0x0000, 0xFFFF, 0xFFFF, 0xFFFF, 0x0000, 0x0032, 0x00B8, 0x017E, 
	0x026F, 0x0375, 0x047B, 0x056C, 0x0632, 0x06B9, 0x06EA, 0x0000, 0x0000, 
	0xFFFF, 0xFFFF, 0xFFFF, 0x0000, 0x0000, 0xFFFF, 0xFFFF, 0xFFFF, 0x0000, 
	0xFFED, 0xFFBC, 0xFF74, 0xFF1C, 0xFEBC, 0xFE5D, 0xFE05, 0xFDBD, 0xFD8C, 
	0xFD7A, 0xFFFF, 0x0000, 0xFFFF, 0xFFFF, 0x0000, 0x0000, 0x0000, 0xFFFF, 
	0x0000, 0x0000, 0x0000, 0xFE69, 0xFA19, 0xF3BF, 0xEC09, 0xE3A5, 0xDB40, 
	0xD38A, 0xCD30, 0xC8E1, 0xC74B, 0x0E46, 0x0E46, 0x0E46, 0x0E46, 0x0E46, 
	0x0E46, 0x0E46, 0x0E46, 0x0E46, 0x0E46, 0x0E46, 0x0E60, 0x0EA8, 0x0F11, 
	0x0F92, 0x101E, 0x10A9, 0x112A, 0x1193, 0x11DB, 0x11F6, 0x08DD, 0x08DD, 
	0x08DD, 0x08DD, 0x08DD, 0x08DD, 0x08DD, 0x08DD, 0x08DD, 0x08DD, 0x08DD, 
	0x08D3, 0x08B6, 0x088B, 0x0857, 0x081E, 0x07E6, 0x07B2, 0x0787, 0x076A, 
	0x075F, 0xF31D, 0xF31D, 0xF31D, 0xF31D, 0xF31D, 0xF31D, 0xF31D, 0xF31D, 
	0xF31D, 0xF31D, 0xF31D, 0xF259, 0xF042, 0xED2F, 0xE973, 0xE563, 0xE153, 
	0xDD97, 0xDA84, 0xD86E, 0xD7A9, 0x0000, 0xFFFF, 0x0000, 0x0000, 0x0000, 
	0xFFFF, 0xFFFF, 0x0000, 0xFFFF, 0x0000, 0xFFFF, 0xFFFF, 0x0000, 0x0000, 
	0xFFFF, 0x0000, 0xFFFF, 0x0000, 0xFFFF, 0x0000, 0x0000, 0x0000, 0xFFFF, 
	0xBFFF, 0xFE7E, 0xFE7E, 0xFE7E, 0xFE7E, 0xFE7E, 0xFE7E, 0xFE7E, 0xFE7E, 
	0xFE7E, 0xFE9F, 0xFEF2, 0xFF5F, 0xFFCB, 0x0020, 0x0041, 0x0339, 0x0339, 
	0x0339, 0x0339, 0x0339, 0x0339, 0x0339, 0x0339, 0x0339, 0x0330, 0x031A, 
	0x02FD, 0x02E0, 0x02CA, 0x02C2, 0xAE29, 0xAE29, 0xAE29, 0xAE29, 0xAE29, 
	0xAE29, 0xAE29, 0xAE29, 0xAE29, 0xAD22, 0xAA91, 0xA73B, 0xA3E5, 0xA154, 
	0xA04D, 0x0000, 0x0000, 0x0000, 0x0000, 0xFFFF, 0x0000, 0x0000, 0x0000, 
	0x0000, 0xFFFF, 0x0000, 0xFFFF, 0x0000, 0x0000, 0x0000, 0x0000, 0xFFFF, 
	0x0000, 0x0000, 0x0000, 0xFFFF, 0xFFFF, 0xFFFF, 0x0000, 0xFFFF, 0xFFFF, 
	0xFFFF, 0xFFFF, 0x0000, 0xFFFF, 0xFFFF, 0xFFFF, 0xFFFF, 0xFFFF, 0xFFFF, 
	0xFFFF, 0x0000, 0xFFFF, 0x31C7, 0x31C7, 0x31C7, 0x31C7, 0x31C7, 0x31C7, 
	0x31C7, 0x31C7, 0x31C7, 0x3373, 0x37A2, 0x3D13, 0x4283, 0x46B2, 0x485F, 
	0xFFFF, 0xFFFF, 0xFFFF, 0xFFFF, 0xFFFF, 0x0000, 0x0000, 0xFFFF, 0xFFFF, 
	0x0000, 0xFFFF, 0xFFFF, 0xFFFF, 0xFFFF, 0xFFFF, 0x0000, 0xFFFF, 0x0000, 
	0xFFFF, 0xFFFF, 0xFFFF, 0xFFFF, 0xFFFF, 0xFFFF, 0x0000, 0xFFFF, 0xE3E8, 
	0xFFFF, 0x0000, 0xFFFF, 0x0000, 0x0000, 0x0000, 0xFFFF, 0xFFFF, 0x0000, 
	0x0000, 0x0000, 0x0000, 0x0000, 0x0000, 0x0000, 0x0000, 0xFFFF, 0xFFFF, 
	0x0000, 0xFFFF, 0x0000, 0x0000, 0xFFFF, 0xFFFF, 0xFFFF, 0xFFFF, 0xFFFF, 
	0xFFFF, 0xFFFF, 0x0000, 0xFFFF, 0xFFFF, 0x0000, 0x0000, 0xFFFF, 0xFFFF, 
	0x0000, 0x0000, 0xFFFF, 0xBFFF, 0x0050, 0x0050, 0x0050, 0x0050, 0x0050, 
	0x0050, 0x0050, 0x0050, 0x0050, 0x0074, 0x00CF, 0x0145, 0x01BB, 0x0216, 
	0x023A, 0xFC74, 0xFC74, 0xFC74, 0xFC74, 0xFC74, 0xFC74, 0xFC74, 0xFC74, 
	0xFC74, 0xFC83, 0xFCA7, 0xFCD7, 0xFD06, 0xFD2B, 0xFD39, 0xBC6E, 0xBC6E, 
	0xBC6E, 0xBC6E, 0xBC6E, 0xBC6E, 0xBC6E, 0xBC6E, 0xBC6E, 0xBAA5, 0xB631, 
	0xB067, 0xAA9C, 0xA628, 0xA460, 0x0000, 0xFFFF, 0xFFFF, 0x0000, 0x0000, 
	0xFFFF, 0x0000, 0x0000, 0x0000, 0xFFFF, 0x0000, 0xFFFF, 0x0000, 0x0000, 
	0x0000, 0xFFFF, 0x0000, 0xFFFF, 0x0000, 0xFFFF, 0xFFFF, 0x0000, 0xFFFF, 
	0xFFFF, 0xFFFF, 0xFFFF, 0xFFFF, 0xFFFF, 0xFFFF, 0xFFFF, 0xFFFF, 0xFFFF, 
	0xFFFF, 0xFFFF, 0x0000, 0x0000, 0xFFFF, 0x0E39, 0xFFFF, 0x0000, 0x0000, 
	0xFFFF, 0x0000, 0xFFFF, 0xFFFF, 0xFFFF, 0x0000, 0x0000, 0xFFFF, 0x0000, 
	0xFFFF, 0xFFFF, 0x0000, 0x0000, 0xFFFF, 0x0000, 0xFFFF, 0xFFFF, 0x0000, 
	0x0000, 0xFFFF, 0xFFFF, 0xFFFF, 0x0000, 0xFFFF, 0x0000, 0xFFFF, 0xFFFF, 
	0xFFFF, 0xFFFF, 0xFFFF, 0x0000, 0xFFFF, 0xEE93, 0xEE93, 0xEE93, 0xEE93, 
	0xEE93, 0xEE93, 0xEE93, 0xEE93, 0xEE93, 0xEADB, 0xE18F, 0xD579, 0xC962, 
	0xC016, 0xBC5E, 
},{ 
	0x0001, 0x0000, 0x0001, 0x0001, 0x0001, 0x0002, 0x0001, 0x0003, 0x0001, 
	0x0004, 0x0001, 0x0005, 0x0015, 0x0006, 0x0015, 0x001B, 0x0001, 0x0030, 
	0x0015, 0x0031, 0x0014, 0x0046, 0x000F, 0x005A, 0x000B, 0x0069, 0x000B, 
	0x0074, 0x000F, 0x007F, 0x0001, 0x008E, 0x0001, 0x008F, 0x0001, 0x0090, 
	0x0015, 0x0091, 0x0015, 0x00A6, 0x0015, 0x00BB, 0x0015, 0x00D0, 0x0015, 
	0x00E5, 0x0015, 0x00FA, 0x0015, 0x010F, 0x0015, 0x0124, 0x0015, 0x0139, 
	0x0001, 0x014E, 0x0001, 0x014F, 0x0001, 0x0150, 0x0015, 0x0151, 0x0015, 
	0x0166, 0x0015, 0x017B, 0x0015, 0x0190, 0x0015, 0x01A5, 0x0015, 0x01BA, 
	0x0015, 0x01CF, 0x0015, 0x01E4, 0x0015, 0x01F9, 0x0002, 0x020E, 0x0015, 
	0x0210, 0x0001, 0x0225, 0x000F, 0x0226, 0x000F, 0x0235, 0x000F, 0x0244, 
	0x0015, 0x0253, 0x0011, 0x0268, 0x000F, 0x0279, 0x0013, 0x0288, 0x0007, 
	0x029B, 0x0001, 0x02A2, 0x0014, 0x02A3, 0x0013, 0x02B7, 0x0001, 0x02CA, 
	0x000F, 0x02CB, 0x000F, 0x02DA, 0x000F, 0x02E9, 0x0013, 0x02F8, 0x0012, 
	0x030B, 0x0001, 0x031D, 0x0012, 0x031E, 0x0011, 0x0330, 0x000F, 0x0341, 
});
smlua_anim_util_register_animation('cr_anim_j355_slideflip', 1, 0, 0, 0, 25, { 
	0x0000, 0x0061, 0x0066, 0x0075, 0x008A, 0x00A4, 0x00C0, 0x00DD, 0x00F7, 
	0x010C, 0x011B, 0x0120, 0x011E, 0x0119, 0x0111, 0x0106, 0x00FA, 0x00EC, 
	0x00DD, 0x00CE, 0x00C0, 0x00B2, 0x00A5, 0x009B, 0x0093, 0x008D, 0x008B, 
	0x0000, 0x0000, 0x3FFF, 0x0000, 0x3519, 0x37EC, 0x3D2C, 0x3FFF, 0x3FDB, 
	0x3F7F, 0x3F00, 0x3E76, 0x3DF8, 0x3D9B, 0x3D77, 0x3E50, 0x40B3, 0x4463, 
	0x4923, 0xCEB7, 0xD4E2, 0xDB69, 0xE20D, 0xE894, 0xEEBF, 0xF453, 0xF914, 
	0xFCC3, 0xFF26, 0x8000, 0xFD27, 0xFDB6, 0xFEE8, 0x0001, 0x00B1, 0x0130, 
	0x0185, 0x01B8, 0x01D2, 0x01DC, 0x01DD, 0x01D7, 0x01C6, 0x01AC, 0x018A, 
	0x7E9E, 0x7ECA, 0x7EF9, 0x7F29, 0x7F57, 0x7F84, 0x7FAC, 0x7FCE, 0x7FE8, 
	0x7FF9, 0xFFFF, 0x2C37, 0x2978, 0x226D, 0x18E3, 0x0E5E, 0x033B, 0xF790, 
	0xEB75, 0xDEFF, 0xD245, 0xC55C, 0xB85C, 0xAB63, 0x9E94, 0x920F, 0x05F5, 
	0xFA64, 0xEF81, 0xE56A, 0xDC42, 0xD428, 0xCD3E, 0xC7A4, 0xC37B, 0xC0E4, 
	0x4000, 0x0898, 0x06E8, 0x034E, 0x0000, 0xFDAE, 0xFB93, 0xF9AC, 0xF7F5, 
	0xF66C, 0xF50F, 0xF3DA, 0xF2CD, 0xF1E3, 0xF11B, 0xF071, 0xEFE3, 0xEF70, 
	0xEF13, 0xEECB, 0xEE94, 0xEE6D, 0xEE53, 0xEE43, 0xEE3B, 0xEE38, 0xFE93, 
	0xFEF1, 0xFFA1, 0xFFFF, 0xFFFF, 0xFFFF, 0xFFFF, 0x0000, 0xFFFF, 0x0000, 
	0x0000, 0xFFFF, 0x0000, 0x0000, 0xFFFF, 0xFFFF, 0xFFFF, 0x0000, 0xFFFF, 
	0xFFFF, 0x0000, 0xFFFF, 0xFFFF, 0xFFFF, 0xFFFF, 0x0000, 0x0D34, 0x09C8, 
	0x036C, 0xFFFF, 0x0000, 0xFFFF, 0xFFFF, 0xFFFF, 0x0000, 0xFFFF, 0xFFFF, 
	0xFFFF, 0x0000, 0x0000, 0x0000, 0x0000, 0xFFFF, 0xFFFF, 0xFFFF, 0xFFFF, 
	0xFFFF, 0xFFFF, 0xFFFF, 0x0000, 0x0000, 0xFFFF, 0x1E20, 0x1718, 0x0A0B, 
	0x0303, 0x031F, 0x036C, 0x03E6, 0x0484, 0x0541, 0x0616, 0x06FD, 0x07EF, 
	0x08E8, 0x09E5, 0x0AE3, 0x0BDD, 0x0CD0, 0x0DB9, 0x0E94, 0x0F5D, 0x1011, 
	0x10AC, 0x112B, 0x118A, 0x11C6, 0x11DB, 0x0357, 0x015F, 0xFD3A, 0xF98F, 
	0xF75A, 0xF5C6, 0xF4B7, 0xF413, 0xF3BE, 0xF39F, 0xF39B, 0xF3B2, 0xF3F2, 
	0xF456, 0xF4D7, 0xF56E, 0xF616, 0xF6C6, 0xF77B, 0xF82B, 0xF8D3, 0xF96A, 
	0xF9EB, 0xFA4F, 0xFA8F, 0xFAA6, 0xFC71, 0xF80F, 0xEFCF, 0xEB0A, 0xEA8A, 
	0xEA2E, 0xE9F0, 0xE9CB, 0xE9B7, 0xE9B0, 0xE9AF, 0xEA25, 0xEB6F, 0xED6D, 
	0xEFFF, 0xF304, 0xF65A, 0xF9E1, 0xFD79, 0x0102, 0x0458, 0x075C, 0x09EE, 
	0x0BED, 0x0D37, 0x0DAC, 0x0000, 0xFFFF, 0xBFFF, 0xAFA4, 0x2743, 0x17B2, 
	0x0F50, 0x0F50, 0x0F50, 0x0F50, 0x0F50, 0x0F50, 0x0F50, 0x0F50, 0x0E72, 
	0x0C03, 0x0841, 0x0368, 0xFDB6, 0xF76B, 0xF0C3, 0xE9FC, 0xE354, 0xDD08, 
	0xD758, 0xD27F, 0xCEBC, 0xCC4D, 0xCB70, 0x9A4F, 0xE62E, 0xE71A, 0xE798, 
	0xE798, 0xE798, 0xE798, 0xE798, 0xE798, 0xE798, 0xE798, 0xE764, 0xE6D1, 
	0xE5EF, 0xE4CA, 0xE373, 0xE1F7, 0xE065, 0xDECD, 0xDD3B, 0xDBBF, 0xDA68, 
	0xD943, 0xD861, 0xD7CE, 0xD79A, 0x016C, 0x6DE0, 0x4993, 0x3607, 0x3607, 
	0x3607, 0x3607, 0x3607, 0x3607, 0x3607, 0x3607, 0x38D2, 0x40AF, 0x4CD6, 
	0x5C80, 0x6EE4, 0x833B, 0x98BE, 0xAEA5, 0xC428, 0xD87F, 0xEAE3, 0xFA8D, 
	0x06B5, 0x0E92, 0x115E, 0xFFFF, 0xFFFF, 0x0000, 0x0000, 0x0000, 0x0000, 
	0x0000, 0x0000, 0x0000, 0x0000, 0x0000, 0x0000, 0x0000, 0x0000, 0xFFFF, 
	0xFFFF, 0x0000, 0xCCCC, 0xD961, 0xF0C0, 0xFD55, 0xFD55, 0xFD55, 0xFD55, 
	0xFD55, 0xFD55, 0xFD55, 0xFD55, 0xFA62, 0xF2C6, 0xE85F, 0xDD0A, 0xD2A3, 
	0xCB07, 0xC814, 0xC974, 0xCD16, 0xD238, 0xD81A, 0xDDFC, 0xE31E, 0xE6C0, 
	0xE820, 0x1233, 0x0331, 0xDC82, 0x0000, 0xFFFF, 0xBFFF, 0x238E, 0x5949, 
	0xBD12, 0xF2CD, 0xF2CD, 0xF2CD, 0xF2CD, 0xF2CD, 0xF2CD, 0xF2CD, 0xF2CD, 
	0xF3B9, 0xF650, 0xFA51, 0xFF7B, 0x058B, 0x0C3F, 0x1356, 0x1A8E, 0x21A4, 
	0x2858, 0x2E68, 0x3391, 0x3793, 0x3A2A, 0x3B16, 0x3651, 0x2B49, 0x16CC, 
	0x0BC3, 0x0BC3, 0x0BC3, 0x0BC3, 0x0BC3, 0x0BC3, 0x0BC3, 0x0BC3, 0x0C31, 
	0x0D64, 0x0F40, 0x11A5, 0x1475, 0x1791, 0x1ADB, 0x1E34, 0x217E, 0x249A, 
	0x276A, 0x29CF, 0x2BAB, 0x2CDF, 0x2D4C, 0xF554, 0x066C, 0x2629, 0x3740, 
	0x3740, 0x3740, 0x3740, 0x3740, 0x3740, 0x3740, 0x3740, 0x3A10, 0x41F8, 
	0x4E31, 0x5DF1, 0x7070, 0x84E4, 0x9A86, 0xB08D, 0xC62F, 0xDAA3, 0xED22, 
	0xFCE2, 0x091C, 0x1104, 0x13D4, 0xFFFF, 0xFFFF, 0xFFFF, 0x0000, 0x0000, 
	0x0000, 0x0000, 0xFFFF, 0x0000, 0x0000, 0x0000, 0x0000, 0x0000, 0x0000, 
	0xFFFF, 0xFFFF, 0x0000, 0x0000, 0x0000, 0xFFFF, 0xFFFF, 0x0000, 0x0000, 
	0xFFFF, 0xFFFF, 0x0000, 0xFFFF, 0xFFFF, 0x0000, 0xD748, 0xE125, 0xF377, 
	0xFD55, 0xFD55, 0xFD55, 0xFD55, 0xFD55, 0xFD55, 0xFD55, 0xFD55, 0xFA62, 
	0xF2C6, 0xE85F, 0xDD0A, 0xD2A3, 0xCB07, 0xC814, 0xC974, 0xCD16, 0xD238, 
	0xD81A, 0xDDFC, 0xE31E, 0xE6C0, 0xE820, 0xFC71, 0x038E, 0xEE38, 0xFFFF, 
	0x0000, 0x0000, 0xFFFF, 0xFFFF, 0x0000, 0x0000, 0xFFFF, 0x0000, 0xFFFF, 
	0xFFFF, 0xFFFF, 0xFFFF, 0xFFFF, 0x0000, 0xFFFF, 0xFFFF, 0xFFFF, 0xFFFF, 
	0xFFFF, 0x0000, 0xFFFF, 0xFFFF, 0x0000, 0x0000, 0xFFFF, 0x0000, 0x0000, 
	0x0000, 0xFFFF, 0x0000, 0x0000, 0x0000, 0xFFFF, 0xFFFF, 0x0000, 0x0000, 
	0x0000, 0xFFFF, 0xFFFF, 0xFFFF, 0xFFFF, 0xFFFF, 0x0000, 0xFFFF, 0x0000, 
	0xBFFF, 0x0000, 0x0053, 0x0116, 0x01F8, 0x02B8, 0x034D, 0x03BA, 0x0407, 
	0x0437, 0x0450, 0x0457, 0x0442, 0x0405, 0x03A9, 0x0331, 0x02A4, 0x0209, 
	0x0164, 0x00BD, 0x0019, 0xFF7C, 0xFEEF, 0xFE78, 0xFE1B, 0xFDDF, 0xFDC9, 
	0x14F6, 0x0E65, 0x01A6, 0xF929, 0xF6AD, 0xF4E4, 0xF3B3, 0xF2F9, 0xF29A, 
	0xF277, 0xF272, 0xF2A1, 0xF327, 0xF3F6, 0xF501, 0xF63B, 0xF795, 0xF904, 
	0xFA79, 0xFBE7, 0xFD42, 0xFE7B, 0xFF86, 0x0056, 0x00DC, 0x010C, 0x8AA3, 
	0x957E, 0xA9A6, 0xB481, 0xB481, 0xB480, 0xB47E, 0xB47A, 0xB473, 0xB469, 
	0xB45B, 0xB3F6, 0xB2F7, 0xB175, 0xAF89, 0xAD4A, 0xAAD1, 0xA835, 0xA58E, 
	0xA2F4, 0xA07F, 0x9E47, 0x9C63, 0x9AEC, 0x99FA, 0x99A4, 0x0000, 0x0000, 
	0xFFFF, 0x0000, 0x0000, 0x0000, 0x0000, 0x0000, 0x0000, 0x0000, 0x0000, 
	0x0000, 0x0000, 0x0000, 0x0000, 0x0000, 0x0000, 0xFFFF, 0xFFFF, 0x0000, 
	0xFFFF, 0x0000, 0x0000, 0xFFFF, 0x0000, 0xFFFF, 0x4A8E, 0x3D50, 0x24B9, 
	0x177C, 0x177C, 0x177C, 0x177C, 0x177C, 0x177C, 0x177C, 0x177C, 0x1740, 
	0x169A, 0x1598, 0x144D, 0x12C7, 0x1118, 0x0F51, 0x0D81, 0x0BB9, 0x0A0A, 
	0x0885, 0x0739, 0x0638, 0x0591, 0x0556, 0x00D0, 0x009A, 0x0036, 0xFFFF, 
	0xFFFF, 0xFFFF, 0xFFFF, 0xFFFF, 0xFFFF, 0xFFFF, 0xFFFF, 0xFFFF, 0xFFFF, 
	0xFFFF, 0x0000, 0xFFFF, 0xFFFF, 0xFFFF, 0x0000, 0xFFFF, 0x0000, 0x0000, 
	0xFFFF, 0xFFFF, 0xFFFF, 0x0000, 0xFE93, 0xFEF1, 0xFFA1, 0xFFFF, 0xC1A9, 
	0xCB75, 0xDDA6, 0xE772, 0xE74E, 0xE6E6, 0xE640, 0xE564, 0xE458, 0xE324, 
	0xE1CD, 0xE05B, 0xDED5, 0xDD41, 0xDBA6, 0xDA0C, 0xD878, 0xD6F1, 0xD580, 
	0xD429, 0xD2F4, 0xD1E9, 0xD10D, 0xD067, 0xCFFF, 0xCFDA, 0xFFFF, 0x0000, 
	0x0000, 0xFFFF, 0xFFFF, 0x0000, 0x0000, 0xFFFF, 0x0000, 0xFFFF, 0xFFFF, 
	0xFFFF, 0xFFFF, 0xFFFF, 0x0000, 0xFFFF, 0xFFFF, 0xFFFF, 0xFFFF, 0xFFFF, 
	0x0000, 0xFFFF, 0xFFFF, 0x0000, 0x0000, 0xFFFF, 0x0000, 0x0000, 0x0000, 
	0xFFFF, 0x0000, 0x0000, 0x0000, 0xFFFF, 0xFFFF, 0x0000, 0x0000, 0x0000, 
	0xFFFF, 0xFFFF, 0xFFFF, 0xFFFF, 0xFFFF, 0x0000, 0xFFFF, 0x0000, 0xBFFF, 
	0x2327, 0x1A8C, 0x0A93, 0x01F8, 0x0206, 0x022E, 0x026E, 0x02C7, 0x0337, 
	0x03BD, 0x0457, 0x0504, 0x05C1, 0x0689, 0x0759, 0x082C, 0x08FE, 0x09CC, 
	0x0A90, 0x0B47, 0x0BEE, 0x0C7F, 0x0CF7, 0x0D52, 0x0D8B, 0x0D9F, 0x1955, 
	0x11A2, 0x02C9, 0xF929, 0xF6AD, 0xF4E4, 0xF3B3, 0xF2F9, 0xF29A, 0xF277, 
	0xF272, 0xF281, 0xF2AE, 0xF2F2, 0xF34A, 0xF3B2, 0xF424, 0xF49D, 0xF518, 
	0xF591, 0xF604, 0xF66B, 0xF6C3, 0xF707, 0xF734, 0xF743, 0xAF95, 0xB0DC, 
	0xB33A, 0xB481, 0xB47F, 0xB479, 0xB472, 0xB46A, 0xB463, 0xB45D, 0xB45B, 
	0xB4BC, 0xB5CD, 0xB773, 0xB993, 0xBC12, 0xBED4, 0xC1BF, 0xC4B8, 0xC7A3, 
	0xCA65, 0xCCE4, 0xCF04, 0xD0AA, 0xD1BB, 0xD21C, 0x0000, 0x0000, 0x0000, 
	0x0000, 0x0000, 0x0000, 0x0000, 0x0000, 0x0000, 0x0000, 0x0000, 0x0000, 
	0x0000, 0x0000, 0x0000, 0x0000, 0x0000, 0xFFFF, 0xFFFF, 0xFFFF, 0x0000, 
	0x0000, 0xFFFF, 0x0000, 0x0000, 0xFFFF, 0x0000, 0x0000, 0x0000, 0xFFFF, 
	0x071C, 0x0B5B, 0x133D, 0x177C, 0x177C, 0x177C, 0x177C, 0x177C, 0x177C, 
	0x177C, 0x177C, 0x1830, 0x1A2A, 0x1D38, 0x2129, 0x25C9, 0x2AE7, 0x3050, 
	0x35D2, 0x3B3B, 0x4059, 0x44F9, 0x48EA, 0x4BF8, 0x4DF3, 0x4EA7, 0xFFFF, 
	0xFFFF, 0x0000, 0xFFFF, 0xFFFF, 0xFFFF, 0xFFFF, 0xFFFF, 0xFFFF, 0x0000, 
	0xFFFF, 0xFFFF, 0xFFFF, 0xFFFF, 0xFFFF, 0xFFFF, 0xFFFF, 0xFFFF, 0xFFFF, 
	0xFFFF, 0x0000, 0xFFFF, 0x0000, 0xFFFF, 0xFFFF, 0x0000, 0x0255, 0x01BA, 
	0x009B, 0xFFFF, 0xC302, 0xCC75, 0xDE00, 0xE772, 
},{ 
	0x0001, 0x0000, 0x001A, 0x0001, 0x0001, 0x001B, 0x0001, 0x001C, 0x0001, 
	0x001D, 0x0001, 0x001E, 0x001A, 0x001F, 0x001A, 0x0039, 0x001A, 0x0053, 
	0x0019, 0x006D, 0x001A, 0x0086, 0x001A, 0x00A0, 0x001A, 0x00BA, 0x001A, 
	0x00D4, 0x001A, 0x00EE, 0x0001, 0x0108, 0x0001, 0x0109, 0x0001, 0x010A, 
	0x001A, 0x010B, 0x001A, 0x0125, 0x001A, 0x013F, 0x000F, 0x0159, 0x0002, 
	0x0168, 0x001A, 0x016A, 0x0001, 0x0184, 0x0001, 0x0185, 0x0001, 0x0186, 
	0x0001, 0x0187, 0x0001, 0x0188, 0x0001, 0x0189, 0x001A, 0x018A, 0x001A, 
	0x01A4, 0x001A, 0x01BE, 0x001A, 0x01D8, 0x0003, 0x01F2, 0x001A, 0x01F5, 
	0x0001, 0x020F, 0x0001, 0x0210, 0x0001, 0x0211, 0x0018, 0x0212, 0x0016, 
	0x022A, 0x0001, 0x0240, 0x001A, 0x0241, 0x001A, 0x025B, 0x001A, 0x0275, 
	0x0016, 0x028F, 0x0004, 0x02A5, 0x001A, 0x02A9, 0x001A, 0x02C3, 0x0004, 
	0x02DD, 0x001A, 0x02E1, 0x0018, 0x02FB, 0x0016, 0x0313, 0x0001, 0x0329, 
	0x001A, 0x032A, 0x001A, 0x0344, 0x001A, 0x035E, 0x001A, 0x0378, 0x0004, 
	0x0392, 0x001A, 0x0396, 0x001A, 0x03B0, 0x0004, 0x03CA, 0x0004, 0x03CE, 
});
smlua_anim_util_register_animation('cr_anim_j355_gp_jump', 1, 0, 0, 0, 30, { 
	0x0000, 0x0078, 0x0078, 0x0078, 0x0078, 0x0078, 0x0079, 0x007D, 0x0083, 
	0x008A, 0x0091, 0x0098, 0x009E, 0x00A2, 0x00A4, 0x00A4, 0x00A5, 0x00A7, 
	0x00A8, 0x00A9, 0x00A9, 0x00A7, 0x00A6, 0x00A4, 0x00A1, 0x009F, 0x009D, 
	0x009B, 0x009A, 0x0099, 0x0098, 0x0000, 0x0000, 0x0000, 0x0000, 0x0000, 
	0x0000, 0x0000, 0x0000, 0x0000, 0x0000, 0x0000, 0x0000, 0x0000, 0x0000, 
	0x0000, 0x0000, 0x0000, 0x0000, 0xFFFF, 0xFFFF, 0xFFFF, 0xFFFE, 0xFFFE, 
	0xFFFE, 0xFFFE, 0xFFFE, 0xFFFE, 0xFFFF, 0xFFFF, 0x0000, 0x0000, 0x3FFF, 
	0x0000, 0xFFFF, 0x0615, 0x16B5, 0x2F6E, 0x4DD3, 0x6F72, 0x91DC, 0xB2A0, 
	0xCF50, 0xE57B, 0xF2B0, 0xF91E, 0xFCFE, 0xFEF9, 0xFFB8, 0xFFE4, 0x0007, 
	0x0032, 0x005E, 0x0080, 0x008E, 0x007C, 0x0052, 0x0020, 0xFFF5, 0xFFE4, 
	0xFFE7, 0xFFED, 0xFFF5, 0xFFFC, 0xFFFF, 0x0000, 0x0022, 0x0080, 0x010A, 
	0x01B1, 0x0267, 0x031D, 0x03C4, 0x044E, 0x04AB, 0x04CE, 0x0486, 0x03CA, 
	0x02C4, 0x019D, 0x0080, 0xFF8E, 0xFED2, 0xFE4A, 0xFDF8, 0xFDDD, 0xFE23, 
	0xFECA, 0xFF92, 0x003A, 0x0080, 0x0073, 0x0053, 0x002D, 0x000D, 0x0000, 
	0x411C, 0x411B, 0x4117, 0x410B, 0x40F4, 0x40CE, 0x4096, 0x4047, 0x3FDE, 
	0x3F57, 0x3EAF, 0x3DB6, 0x3C70, 0x3B1D, 0x3A01, 0x3960, 0x3920, 0x38FA, 
	0x38E6, 0x38DF, 0x38DE, 0x38DF, 0x38E6, 0x38FA, 0x3920, 0x3960, 0x3A53, 
	0x3C26, 0x3E39, 0x3FEC, 0x40A1, 0x002B, 0x002B, 0x002B, 0x002B, 0x002A, 
	0x0026, 0x0020, 0x0019, 0x0012, 0x000B, 0x0005, 0x0001, 0x0000, 0xFFFF, 
	0xFFFF, 0xFFFF, 0xFFFF, 0xFFFF, 0xFFFF, 0xFFFF, 0xFFFF, 0xFFFF, 0xFFFF, 
	0xFFFF, 0xFFFF, 0xFFFF, 0x0103, 0x036D, 0x064E, 0x08B8, 0x09BB, 0xFFE8, 
	0xFFE8, 0xFFE8, 0xFFE8, 0xFFE9, 0xFFEB, 0xFFEE, 0xFFF1, 0xFFF5, 0xFFF9, 
	0xFFFC, 0xFFFE, 0x0000, 0x1E92, 0x1E92, 0x1E92, 0x1E92, 0x1DD5, 0x1BCB, 
	0x18BB, 0x14E9, 0x109C, 0x0C18, 0x07A4, 0x0385, 0xFFFF, 0xFD53, 0xFBA4, 
	0xFB0E, 0xFB32, 0xFB92, 0xFC1F, 0xFCCB, 0xFD87, 0xFE42, 0xFEEE, 0xFF7B, 
	0xFFDC, 0x0000, 0xFFFF, 0xFFFF, 0x0000, 0xFFFF, 0x0000, 0x0000, 0x0000, 
	0x0000, 0x0000, 0xFFFF, 0xFFFE, 0xFFFD, 0xFFFC, 0xFFFB, 0xFFFA, 0xFFFA, 
	0xFFFC, 0x0000, 0x0000, 0x0000, 0x0000, 0x0000, 0x0000, 0x0000, 0x0000, 
	0x0000, 0x0000, 0x0000, 0x0000, 0x0000, 0x0000, 0xFF1C, 0xFCFE, 0xFA77, 
	0xF85A, 0xF777, 0xFFDA, 0xFFDA, 0xFFDA, 0xFFDA, 0xFFDB, 0xFFDC, 0xFFDF, 
	0xFFE3, 0xFFE8, 0xFFEE, 0xFFF5, 0xFFFC, 0x0000, 0xFFFF, 0xFFFF, 0xFFFF, 
	0xFFFF, 0xFFFF, 0xFFFF, 0xFFFF, 0xFFFF, 0xFFFF, 0xFFFF, 0xFFFF, 0xFFFF, 
	0x0000, 0x005F, 0x0140, 0x024E, 0x0330, 0x038E, 0x0557, 0x0557, 0x0557, 
	0x0557, 0x067B, 0x096C, 0x0D72, 0x11D4, 0x15DA, 0x18CB, 0x19EF, 0x1333, 
	0x071C, 0xFF77, 0xFC7B, 0xFBF8, 0xFBFB, 0xFC0F, 0xFC45, 0xFCAE, 0xFD5C, 
	0xFE60, 0xFFCA, 0x01AD, 0x0418, 0x071C, 0x0B4F, 0x107C, 0x158A, 0x1961, 
	0x1AE7, 0x0000, 0x0000, 0x0001, 0x0001, 0x0001, 0x0001, 0x0001, 0x0001, 
	0x0001, 0x0001, 0x0001, 0x0001, 0x0001, 0x0001, 0x0001, 0x0001, 0x0001, 
	0x0001, 0x0001, 0x0001, 0x0001, 0x0001, 0x0001, 0x0001, 0x0001, 0x0001, 
	0x0001, 0x0000, 0xFFFF, 0xFFFE, 0xFFFF, 0xFFFF, 0xFFFE, 0xFFFE, 0xFFFE, 
	0xFFFE, 0xFFFE, 0xFFFE, 0xFFFE, 0xFFFE, 0xFFFE, 0xFFFE, 0xFFFE, 0xFFFE, 
	0xFFFE, 0xFFFE, 0xFFFE, 0xFFFE, 0xFFFE, 0xFFFE, 0xFFFE, 0xFFFE, 0xFFFE, 
	0xFFFE, 0xFFFE, 0xFFFE, 0xFFFE, 0xFFFF, 0x0000, 0x0001, 0xBFFF, 0xC05F, 
	0xC111, 0xC170, 0xC71C, 0xC71C, 0xC71C, 0xC71C, 0xC71C, 0xC286, 0xB671, 
	0xA55C, 0x11C7, 0xFE31, 0xED1C, 0x6107, 0x5C71, 0x610D, 0x699D, 0x6E38, 
	0x6E34, 0x6E14, 0x6DBE, 0x6D15, 0x6C00, 0x6A61, 0x681F, 0x651E, 0x6143, 
	0x5C71, 0x5413, 0xC7D5, 0xBB02, 0xB0E6, 0xACCC, 0x9C71, 0x9C71, 0x9C71, 
	0x9C71, 0x9C71, 0x9E05, 0xA24C, 0xA895, 0xCFCB, 0xC78A, 0xBF53, 0xC827, 
	0xCE38, 0xD258, 0xD4A0, 0xD555, 0xD53A, 0xD4EF, 0xD477, 0xD3DA, 0xD31C, 
	0xD242, 0xD153, 0xD053, 0xCF48, 0xCE38, 0xCD2B, 0xB3CB, 0xB497, 0xB522, 
	0xB555, 0x038E, 0x038E, 0x038E, 0x038E, 0x038E, 0x04A0, 0x0772, 0x0B6E, 
	0x8FFF, 0x9491, 0x988E, 0x1B60, 0x1C72, 0x18C2, 0x11E9, 0x0E39, 0x0E3C, 
	0x0E56, 0x0E9B, 0x0F22, 0x1000, 0x114B, 0x131A, 0x1581, 0x1897, 0x1C72, 
	0x2A14, 0xC46B, 0xE26E, 0xFB10, 0x054A, 0x0000, 0x0000, 0x0000, 0xFFFF, 
	0xFFFF, 0xFF8A, 0xFE54, 0xFC9F, 0xFAAA, 0xF8B4, 0xF6FF, 0xF5CA, 0xF554, 
	0xF554, 0xF554, 0xF554, 0xF554, 0xF554, 0xF554, 0xF554, 0xF554, 0xF554, 
	0xF554, 0xF554, 0xF554, 0xF554, 0xF670, 0xF916, 0xFC3E, 0xFEE3, 0x0000, 
	0xFFFF, 0xFFFF, 0x0000, 0x0000, 0x0000, 0xFFD8, 0xFF71, 0xFEDF, 0xFE38, 
	0xFD91, 0xFCFF, 0xFC98, 0xFC71, 0xFC71, 0xFC71, 0xFC71, 0xFC71, 0xFC71, 
	0xFC71, 0xFC71, 0xFC71, 0xFC71, 0xFC71, 0xFC71, 0xFC71, 0xFC71, 0xFCCF, 
	0xFDB1, 0xFEBF, 0xFFA0, 0x0000, 0xCE38, 0xCE38, 0xCE38, 0xCE38, 0xCE38, 
	0xD035, 0xD571, 0xDCD8, 0xE554, 0xEDD1, 0xF538, 0xFA74, 0xFC71, 0xFC71, 
	0xFC71, 0xFC71, 0xFC71, 0xFC71, 0xFC71, 0xFC71, 0xFC71, 0xFC71, 0xFC71, 
	0xFC71, 0xFC71, 0xFC71, 0xF902, 0xF0D1, 0xE70B, 0xDEDA, 0xDB6B, 0x00AB, 
	0x00AB, 0x00AB, 0x00AB, 0x00AB, 0x00A4, 0x0090, 0x0075, 0x0055, 0x0036, 
	0x001B, 0x0007, 0x0000, 0x0000, 0x0000, 0xFFFF, 0xFFFF, 0xFFFF, 0x0000, 
	0x0000, 0xFFFF, 0xFFFF, 0xFFFF, 0x0000, 0xFFFF, 0x0000, 0xFFFF, 0xFFFF, 
	0x0000, 0xF984, 0xF984, 0xF984, 0xF984, 0xF984, 0xF956, 0xF8DD, 0xF832, 
	0xF76E, 0xF6AA, 0xF5FF, 0xF587, 0xF559, 0xF559, 0xF559, 0xF559, 0xF559, 
	0xF559, 0xF559, 0xF559, 0xF559, 0xF559, 0xF559, 0xF559, 0xF559, 0xF559, 
	0xF5C7, 0xF6CD, 0xF806, 0xF90D, 0xF97B, 0xE956, 0xE956, 0xE956, 0xE956, 
	0xE956, 0xE97D, 0xE9E4, 0xEA75, 0xEB1B, 0xEBC2, 0xEC53, 0xECB9, 0xECE0, 
	0xECE0, 0xECE0, 0xECE0, 0xECE0, 0xECE0, 0xECE0, 0xECE0, 0xECE0, 0xECE0, 
	0xECE0, 0xECE0, 0xECE0, 0xECE0, 0xECF2, 0xED1C, 0xED4F, 0xED79, 0xED8B, 
	0x0000, 0xFFFF, 0xBFFF, 0x38E3, 0x38E3, 0x38E3, 0x38E3, 0x38E3, 0x3D79, 
	0x498E, 0x5AA3, 0xEE38, 0x01CE, 0x12E3, 0x9EF8, 0xA38E, 0x9EF2, 0x9662, 
	0x91C7, 0x91CB, 0x91EB, 0x9241, 0x92EA, 0x93FF, 0x959E, 0x97E0, 0x9AE1, 
	0x9EBC, 0xA38E, 0xA971, 0xAFC5, 0xB588, 0xB9BA, 0x3B5A, 0x638E, 0x638E, 
	0x638E, 0x638E, 0x638E, 0x61FA, 0x5DB3, 0x576A, 0x3034, 0x3875, 0x40AC, 
	0x37D8, 0x31C7, 0x2DA7, 0x2B5F, 0x2AAB, 0x2AD9, 0x2B56, 0x2C11, 0x2CF7, 
	0x2DF5, 0x2EF8, 0x2FEE, 0x30C4, 0x3168, 0x31C7, 0x31F3, 0x320E, 0x321C, 
	0x3221, 0x4DDE, 0x038E, 0x038E, 0x038E, 0x038E, 0x038E, 0x04A0, 0x0772, 
	0x0B6E, 0x8FFF, 0x9491, 0x988E, 0x1B60, 0x1C72, 0x18C2, 0x11E9, 0x0E39, 
	0x0E3C, 0x0E56, 0x0E9B, 0x0F22, 0x1000, 0x114B, 0x131A, 0x1581, 0x1897, 
	0x1C72, 0x2405, 0x2FE9, 0x3CAD, 0x46DC, 0xCB05, 0x0000, 0x0000, 0xFFFF, 
	0x0000, 0xFFFF, 0x0075, 0x01AB, 0x0360, 0x0555, 0x074B, 0x0900, 0x0A35, 
	0x0AAB, 0x0AAB, 0x0AAB, 0x0AAB, 0x0AAB, 0x0AAB, 0x0AAB, 0x0AAB, 0x0AAB, 
	0x0AAB, 0x0AAB, 0x0AAB, 0x0AAB, 0x0AAB, 0x098F, 0x06E9, 0x03C1, 0x011C, 
	0xFFFF, 0xFFFF, 0xFFFF, 0xFFFF, 0x0000, 0xFFFF, 0x0027, 0x008E, 0x0120, 
	0x01C7, 0x026E, 0x0300, 0x0367, 0x038E, 0x038E, 0x038E, 0x038E, 0x038E, 
	0x038E, 0x038E, 0x038E, 0x038E, 0x038E, 0x038E, 0x038E, 0x038E, 0x038E, 
	0x0330, 0x024E, 0x0140, 0x005F, 0xFFFF, 0xCE38, 0xCE38, 0xCE38, 0xCE38, 
	0xCE38, 0xD035, 0xD571, 0xDCD8, 0xE554, 0xEDD1, 0xF538, 0xFA74, 0xFC71, 
	0xFC71, 0xFC71, 0xFC71, 0xFC71, 0xFC71, 0xFC71, 0xFC71, 0xFC71, 0xFC71, 
	0xFC71, 0xFC71, 0xFC71, 0xFC71, 0xFB4B, 0xF890, 0xF54C, 0xF291, 0xF16B, 
	0x0000, 0x0000, 0x0000, 0x0000, 0x0000, 0xFFFF, 0xFFFF, 0xFFFF, 0x0000, 
	0x0000, 0x0000, 0x0000, 0x0000, 0x0000, 0x0000, 0xFFFF, 0x0000, 0x0000, 
	0xFFFF, 0xFFFF, 0xFFFF, 0x0000, 0xFFFF, 0xFFFF, 0xFFFF, 0x0000, 0x0000, 
	0xFFFF, 0x0000, 0xFFFF, 0x0000, 0xFFFF, 0xFFFF, 0xFFFF, 0x0000, 0x0000, 
	0x0075, 0x01AB, 0x0360, 0x0555, 0x074B, 0x0900, 0x0A35, 0x0AAB, 0x0AAB, 
	0x0AAB, 0x0AAB, 0x0AAB, 0x0AAB, 0x0AAB, 0x0AAB, 0x0AAB, 0x0AAB, 0x0AAB, 
	0x0AAB, 0x0AAB, 0x0AAB, 0x098F, 0x06E9, 0x03C1, 0x011C, 0x0000, 0xE9FE, 
	0xE9FE, 0xE9FE, 0xE9FE, 0xE9FE, 0xEA1D, 0xEA6E, 0xEAE1, 0xEB65, 0xEBE9, 
	0xEC5C, 0xECAD, 0xECCC, 0xECCC, 0xECCC, 0xECCC, 0xECCC, 0xECCC, 0xECCC, 
	0xECCC, 0xECCC, 0xECCC, 0xECCC, 0xECCC, 0xECCC, 0xECCC, 0xEDAE, 0xEFC8, 
	0xF24B, 0xF466, 0xF548, 0xFFFF, 0xFFFF, 0xFFFF, 0xFFFF, 0x0000, 0xFFFF, 
	0xFFFF, 0x0000, 0xFFFF, 0x0000, 0xFFFF, 0xFFFF, 0x0000, 0xFFFF, 0x0000, 
	0x0000, 0xFFFF, 0xFFFF, 0xFFFF, 0x0000, 0xFFFF, 0xFFFF, 0x0000, 0x0000, 
	0xFFFF, 0x0000, 0x0000, 0x0000, 0xFFFF, 0xFFFF, 0x0000, 0xFFFF, 0xFFFF, 
	0xFFFF, 0x0000, 0xFFFF, 0xFFFF, 0xFFFF, 0xFFFF, 0x0000, 0x0000, 0xFFFF, 
	0x0000, 0xFFFF, 0xFFFF, 0x0000, 0x0000, 0x0000, 0xFFFF, 0x0000, 0x0000, 
	0xFFFF, 0x0000, 0x0000, 0xFFFF, 0xFFFF, 0x0000, 0x0000, 0xFFFF, 0xFFFF, 
	0xFFFF, 0x0000, 0xBF5E, 0x0000, 0x0000, 0x0000, 0x0000, 0xFFAA, 0xFEC5, 
	0xFD74, 0xFBDD, 0xFA25, 0xF872, 0xF6E8, 0xF5AE, 0xF4E7, 0xF48E, 0xF46D, 
	0xF468, 0xF468, 0xF468, 0xF468, 0xF46A, 0xF46F, 0xF478, 0xF487, 0xF49E, 
	0xF4BD, 0xF4E7, 0xF62D, 0xF8F1, 0xFC2E, 0xFEDF, 0x0000, 0x0000, 0x0000, 
	0x0000, 0x0000, 0xFF7F, 0xFE22, 0xFC21, 0xF9B0, 0xF708, 0xF45F, 0xF1EC, 
	0xEFE6, 0xEE82, 0xEDCF, 0xED8D, 0xED83, 0xED83, 0xED83, 0xED8E, 0xEDAB, 
	0xEDD4, 0xEE03, 0xEE32, 0xEE5B, 0xEE78, 0xEE82, 0xEE2D, 0xED62, 0xEC6F, 
	0xEBA4, 0xEB4F, 0x816C, 0x816C, 0x816C, 0x816C, 0x8218, 0x83EA, 0x8697, 
	0x89D2, 0x8D50, 0x90C5, 0x93E5, 0x9664, 0x97F7, 0x98AD, 0x98F0, 0x98FA, 
	0x98FA, 0x98FA, 0x98F9, 0x98F6, 0x98EC, 0x98DA, 0x98BB, 0x988D, 0x984C, 
	0x97F7, 0x93DD, 0x8AA3, 0x7FC1, 0x76AD, 0x72E2, 0x0000, 0xFFFF, 0xFFFF, 
	0x0000, 0x0000, 0x0000, 0xFFFF, 0xFFFF, 0x0000, 0xFFFF, 0x0000, 0xFFFF, 
	0xFFFF, 0x0000, 0xFFFF, 0xFFFF, 0xFFFF, 0x0000, 0x0000, 0x0000, 0xFFFF, 
	0x0000, 0x0000, 0xFFFF, 0xFFFF, 0xFFFF, 0x0000, 0x0000, 0xFFFF, 0x0000, 
	0x0000, 0xFFFF, 0x0000, 0xFFFF, 0xFFFF, 0xFFFF, 0xFFFF, 0x0000, 0xFFFF, 
	0xFFFF, 0xFFFF, 0x0000, 0x0000, 0x0000, 0x0000, 0x0000, 0x0000, 0x0000, 
	0x0000, 0x0000, 0x0000, 0x0000, 0x0000, 0x0000, 0xFFFF, 0x0000, 0xFFFF, 
	0x0000, 0x49C7, 0x49C7, 0x49C7, 0x49C7, 0x473F, 0x4077, 0x36A6, 0x2B03, 
	0x1EC4, 0x1321, 0x0950, 0x0288, 0xFFFF, 0x0003, 0x0007, 0x000A, 0x000A, 
	0x000A, 0x0016, 0x0069, 0x0149, 0x02FF, 0x05D1, 0x0A06, 0x0FE5, 0x17B6, 
	0x22DD, 0x309F, 0x3E11, 0x4846, 0x4C54, 0x0000, 0x0000, 0x0000, 0x0000, 
	0x0000, 0x0000, 0x0000, 0x0000, 0x0000, 0x0000, 0x0000, 0x0000, 0x0000, 
	0x0089, 0x0187, 0x020F, 0x020F, 0x020F, 0x01D6, 0x013D, 0x0066, 0xFF6F, 
	0xFE78, 0xFDA1, 0xFD08, 0xFCCF, 0xFD24, 0xFDEE, 0xFEE0, 0xFFAA, 0x0000, 
	0xFFFF, 0xFFFF, 0xFFFF, 0xFFFF, 0xFFB6, 0xFEF0, 0xFDC8, 0xFC5D, 0xFACC, 
	0xF933, 0xF7AD, 0xF659, 0xF554, 0xF4B3, 0xF464, 0xF44F, 0xF44F, 0xF44F, 
	0xF450, 0xF455, 0xF463, 0xF47F, 0xF4AD, 0xF4F1, 0xF550, 0xF5CF, 0xF73A, 
	0xF9CC, 0xFCAE, 0xFF07, 0xFFFF, 0xD8E3, 0xD8E3, 0xD8E3, 0xD8E3, 0xD866, 
	0xD717, 0xD533, 0xD2F4, 0xD098, 0xCE5A, 0xCC75, 0xCB27, 0xCAAA, 0xCB82, 
	0xCD12, 0xCDEA, 0xCDEA, 0xCDEA, 0xCE0E, 0xCE7B, 0xCF31, 0xD032, 0xD17E, 
	0xD315, 0xD4F9, 0xD72A, 0xD99C, 0xDC0D, 0xDE2E, 0xDFAE, 0xE040, 0x0000, 
	0xFFFF, 0xFFFF, 0x0000, 0xFFFF, 0x0000, 0x0000, 0x0000, 0x0000, 0xFFFF, 
	0x0000, 0xFFFF, 0x0000, 0xFFFF, 0x0000, 0x0000, 0xFFFF, 0xFFFF, 0xFFFF, 
	0x0000, 0x0000, 0x0000, 0x0000, 0x0000, 0x0000, 0x0000, 0xFFFF, 0x0000, 
	0x0000, 0x0000, 0xFFFF, 0x0000, 0xFFFF, 0xFFFF, 0x0000, 0xFFFF, 0xFFFF, 
	0xFFFF, 0x0000, 0xFFFF, 0x0000, 0xFFFF, 0xFFFF, 0xFFFF, 0xFFFF, 0xFFFF, 
	0x0000, 0x0000, 0x0000, 0xFFFF, 0x0000, 0xFFFF, 0x0000, 0xFFFF, 0xFFFF, 
	0xFFFF, 0x0000, 0x0000, 0x0000, 0x0000, 0xFFFF, 0x0000, 0xBF5E, 0x0000, 
	0x0000, 0x0000, 0x0000, 0x0050, 0x0128, 0x0268, 0x03ED, 0x0595, 0x073E, 
	0x08C7, 0x0A0E, 0x0AF1, 0x0B66, 0x0B91, 0x0B97, 0x0B97, 0x0B97, 0x0BCA, 
	0x0C52, 0x0D11, 0x0DED, 0x0EC8, 0x0F88, 0x100F, 0x1042, 0x0FF1, 0x0F30, 
	0x0E49, 0x0D88, 0x0D37, 0xFFFF, 0xFFFF, 0x0000, 0x0000, 0x0087, 0x01F5, 
	0x040E, 0x0698, 0x0955, 0x0C0B, 0x0E7F, 0x1074, 0x11B0, 0x123F, 0x1274, 
	0x127C, 0x127C, 0x127C, 0x126C, 0x123A, 0x11DF, 0x1157, 0x109D, 0x0FAA, 
	0x0E7A, 0x0D08, 0x0B58, 0x099E, 0x0816, 0x06FE, 0x0693, 0x7F49, 0x7F49, 
	0x7F49, 0x7F49, 0x7FD1, 0x8148, 0x837B, 0x863A, 0x8953, 0x8C94, 0x8FCB, 
	0x92C7, 0x9557, 0x974C, 0x988A, 0x98FA, 0x98FA, 0x98FA, 0x9902, 0x992E, 
	0x999C, 0x9A69, 0x9BB3, 0x9D96, 0xA031, 0xA3A2, 0xA7E2, 0xAC64, 0xB078, 
	0xB36B, 0xB48E, 0x0000, 0x0000, 0x0000, 0xFFFF, 0x0000, 0x0000, 0x0000, 
	0x0000, 0x0000, 0xFFFF, 0xFFFF, 0x0000, 0xFFFF, 0x0000, 0xFFFF, 0xFFFF, 
	0xFFFF, 0xFFFF, 0xFFFF, 0xFFFF, 0xFFFF, 0xFFFF, 0xFFFF, 0xFFFF, 0xFFFF, 
	0xFFFF, 0x0000, 0xFFFF, 0x0000, 0xFFFF, 0x0000, 0x0000, 0xFFFF, 0xFFFF, 
	0x0000, 0x0000, 0x0000, 0xFFFF, 0x0000, 0xFFFF, 0xFFFF, 0x0000, 0xFFFF, 
	0xFFFF, 0xFFFF, 0xFFFF, 0xFFFF, 0x0000, 0x0000, 0x0000, 0x0000, 0x0000, 
	0x0000, 0x0000, 0xFFFF, 0x0000, 0x484B, 0x484B, 0x484B, 0x484B, 0x45D0, 
	0x3F2B, 0x358D, 0x2A25, 0x1E25, 0x12BE, 0x0920, 0x027B, 0xFFFF, 0x0030, 
	0x0089, 0x00B9, 0x00B9, 0x00B9, 0x0181, 0x0397, 0x0692, 0x0A0D, 0x0D9F, 
	0x10E3, 0x1371, 0x14E3, 0x157F, 0x15DE, 0x160F, 0x1621, 0x1624, 0x0000, 
	0x0000, 0x0000, 0x0000, 0x0000, 0x0000, 0x0000, 0x0000, 0xFFFF, 0x0000, 
	0x0000, 0x0000, 0x0000, 0xFF76, 0xFE78, 0xFDEF, 0xFDEF, 0xFDEF, 0xFE2D, 
	0xFECF, 0xFFB4, 0x00BB, 0x01C2, 0x02A7, 0x0349, 0x0386, 0x0328, 0x0249, 
	0x013E, 0x005E, 0x0000, 0x0000, 0x0000, 0x0000, 0x0000, 0x0049, 0x010F, 
	0x0237, 0x03A2, 0x0533, 0x06CC, 0x0852, 0x09A6, 0x0AAB, 0x0B4C, 0x0B9B, 
	0x0BB0, 0x0BB0, 0x0BB0, 0x0BAF, 0x0BA9, 0x0B9A, 0x0B7C, 0x0B4B, 0x0B02, 
	0x0A9C, 0x0A15, 0x08A5, 0x0619, 0x0342, 0x00F4, 0x0000, 0xD8E3, 0xD8E3, 
	0xD8E3, 0xD8E3, 0xD866, 0xD717, 0xD533, 0xD2F4, 0xD098, 0xCE5A, 0xCC75, 
	0xCB27, 0xCAAA, 0xCB82, 0xCD12, 0xCDEA, 0xCDEA, 0xCDEA, 0xCE0A, 0xCE70, 
	0xCF26, 0xD033, 0xD1A1, 0xD379, 0xD5C2, 0xD887, 0xDBBB, 0xDF00, 0xE1E3, 
	0xE3F3, 0xE4BC, 
},{ 
	0x0001, 0x0000, 0x001E, 0x0001, 0x001E, 0x001F, 0x0001, 0x003D, 0x0001, 
	0x003E, 0x0001, 0x003F, 0x001F, 0x0040, 0x001F, 0x005F, 0x001F, 0x007E, 
	0x001F, 0x009D, 0x000D, 0x00BC, 0x001F, 0x00C9, 0x001F, 0x00E8, 0x001F, 
	0x0107, 0x001F, 0x0126, 0x001E, 0x0145, 0x001E, 0x0163, 0x0004, 0x0181, 
	0x001F, 0x0185, 0x001F, 0x01A4, 0x001F, 0x01C3, 0x001F, 0x01E2, 0x001F, 
	0x0201, 0x001F, 0x0220, 0x001D, 0x023F, 0x001F, 0x025C, 0x001F, 0x027B, 
	0x0001, 0x029A, 0x0001, 0x029B, 0x0001, 0x029C, 0x001F, 0x029D, 0x001F, 
	0x02BC, 0x001F, 0x02DB, 0x001F, 0x02FA, 0x001F, 0x0319, 0x001F, 0x0338, 
	0x001F, 0x0357, 0x001F, 0x0376, 0x001F, 0x0395, 0x001F, 0x03B4, 0x001F, 
	0x03D3, 0x0001, 0x03F2, 0x001F, 0x03F3, 0x001F, 0x0412, 0x001F, 0x0431, 
	0x001D, 0x0450, 0x001D, 0x046D, 0x001F, 0x048A, 0x001F, 0x04A9, 0x001F, 
	0x04C8, 0x001F, 0x04E7, 0x001F, 0x0506, 0x001F, 0x0525, 0x0001, 0x0544, 
	0x001F, 0x0545, 0x001F, 0x0564, 0x001F, 0x0583, 0x001E, 0x05A2, 0x001A, 
	0x05C0, 0x001F, 0x05DA, 0x001F, 0x05F9, 0x001F, 0x0618, 0x001F, 0x0637, 
});
smlua_anim_util_register_animation('cr_anim_j355_gp_start',1, 0, 0, 0, 10, { 
	0x0000, 0x003B, 0x003D, 0x004A, 0x00B2, 0x010F, 0x00C3, 0x005E, 0x003F, 
	0x003B, 0x0019, 0xFFF3, 0xFFCD, 0xFFD0, 0xFFE5, 0x0023, 0x0050, 0x0034, 
	0x0019, 0x0000, 0x3FFF, 0x0000, 0x0000, 0x0000, 0x0000, 0xFFFF, 0xFFFF, 
	0xFFFF, 0x0000, 0xFFFF, 0xFFFF, 0xFFFF, 0xFFFF, 0x0000, 0x0000, 0x0000, 
	0xFFFF, 0x1B25, 0x2625, 0x4325, 0x6C25, 0x9B24, 0xCA24, 0xF324, 0x1025, 
	0x1B25, 0xFF9D, 0xFCCD, 0x18D7, 0x0046, 0x0409, 0x15EB, 0x0001, 0xFFFE, 
	0xC170, 0x9C71, 0xA0B8, 0xABFF, 0xBBF1, 0xCE39, 0xE080, 0xF072, 0xFBB9, 
	0x0001, 0xEAAA, 0xEA05, 0xE852, 0xE5EC, 0xE32C, 0xE06C, 0xDE06, 0xDC53, 
	0xDBAE, 0x238E, 0x1EF0, 0x12C4, 0x018F, 0xEDD4, 0xDA1A, 0xC8E5, 0xBCB9, 
	0xB81B, 0x0000, 0x0000, 0xFFFF, 0x0000, 0xFFFF, 0x0000, 0xFFFF, 0xFFFF, 
	0x0000, 0x0000, 0xFFFF, 0xFFFF, 0xFFFF, 0x0000, 0xFFFF, 0x0000, 0xF1C6, 
	0xF02B, 0xEBED, 0xE5EF, 0xDF10, 0xD832, 0xD233, 0xCDF6, 0xCC5B, 0xD554, 
	0xD619, 0xD81F, 0xDAFB, 0xDE43, 0xE18A, 0xE467, 0xE66D, 0xE731, 0xE38D, 
	0xE445, 0xE62A, 0xE8D8, 0xEBEA, 0xEEFC, 0xF1A9, 0xF38E, 0xF446, 0xF554, 
	0xF51A, 0xF47F, 0xF3A4, 0xF2A9, 0xF1AE, 0xF0D3, 0xF038, 0xEFFD, 0x0001, 
	0xFFFE, 0xC170, 0x58A1, 0x555C, 0x4CBF, 0x4090, 0x329A, 0x24A3, 0x1875, 
	0x0FD7, 0x0C93, 0x14BF, 0x151E, 0x1619, 0x177B, 0x1911, 0x1AA7, 0x1C0A, 
	0x1D04, 0x1D63, 0x1AB9, 0x1718, 0x0D85, 0xFFFB, 0xF077, 0xE0F2, 0xD369, 
	0xC9D6, 0xC635, 0xFFFF, 0x0000, 0x0000, 0x0000, 0x0000, 0xFFFF, 0xFFFF, 
	0xFFFF, 0xFFFF, 0xFFFF, 0x0000, 0x0000, 0x0000, 0xFFFF, 0xF1C6, 0xEFFD, 
	0xEB48, 0xE4A0, 0xDCFE, 0xD55D, 0xCEB5, 0xC9FF, 0xC836, 0x2AAB, 0x2994, 
	0x26B4, 0x22A5, 0x1DFE, 0x1956, 0x1547, 0x1267, 0x1151, 0x1C72, 0x1BD3, 
	0x1A31, 0x17E2, 0x153C, 0x1297, 0x1048, 0x0EA6, 0x0E07, 0xF554, 0xF4DC, 
	0xF39F, 0xF1DF, 0xEFDD, 0xEDDB, 0xEC1A, 0xEADD, 0xEA65, 0x0000, 0x0000, 
	0x0000, 0xFFFF, 0xFFFF, 0x0000, 0xFFFF, 0x0000, 0xFFFF, 0x0000, 0x0000, 
	0xFFFF, 0x0000, 0x0000, 0xFFFF, 0xBF5E, 0xFFCA, 0xF3C9, 0x8660, 0x0000, 
	0xFFFF, 0x0000, 0x0000, 0x0000, 0x0000, 0x0000, 0xFFFF, 0x0000, 0xFFFF, 
	0x0000, 0x0000, 0xFFFF, 0x0000, 0xFFFF, 0xFFFF, 0x0000, 0x3426, 0x0095, 
	0xFF08, 0xCC41, 0x0000, 0x0000, 0x0000, 0xFFFF, 0xFFFF, 0x0000, 0xFFFF, 
	0x0000, 0xFFFF, 0x0000, 0x0000, 0xFFFF, 0x0000, 0x0000, 0xFFFF, 0xBF5E, 
	0xF7EE, 0x07D6, 0x7ACB, 0xFFFF, 0x0000, 0xFFFF, 0xFFFF, 0xFFFF, 0xFFFF, 
	0x0000, 0xFFFF, 0x0000, 0xFFFF, 0x0000, 0x0000, 0x0000, 0x0000, 0xFFFF, 
	0x385D, 0x001B, 0x025B, 0xCB24, 
	},{ 
	0x0001, 0x0000, 0x0009, 0x0001, 0x0009, 0x000A, 0x0001, 0x0013, 0x0001, 
	0x0014, 0x0001, 0x0015, 0x0007, 0x0016, 0x0008, 0x001D, 0x0009, 0x0025, 
	0x0001, 0x002E, 0x0001, 0x002F, 0x0001, 0x0030, 0x0001, 0x0031, 0x0001, 
	0x0032, 0x0001, 0x0033, 0x0001, 0x0034, 0x0001, 0x0035, 0x0001, 0x0036, 
	0x0009, 0x0037, 0x0009, 0x0040, 0x0009, 0x0049, 0x0009, 0x0052, 0x0007, 
	0x005B, 0x0009, 0x0062, 0x0009, 0x006B, 0x0009, 0x0074, 0x0009, 0x007D, 
	0x0001, 0x0086, 0x0001, 0x0087, 0x0001, 0x0088, 0x0009, 0x0089, 0x0009, 
	0x0092, 0x0009, 0x009B, 0x0006, 0x00A4, 0x0008, 0x00AA, 0x0009, 0x00B2, 
	0x0009, 0x00BB, 0x0009, 0x00C4, 0x0009, 0x00CD, 0x0006, 0x00D6, 0x0009, 
	0x00DC, 0x0001, 0x00E5, 0x0001, 0x00E6, 0x0001, 0x00E7, 0x0001, 0x00E8, 
	0x0008, 0x00E9, 0x0009, 0x00F1, 0x0001, 0x00FA, 0x0001, 0x00FB, 0x0001, 
	0x00FC, 0x0001, 0x00FD, 0x0006, 0x00FE, 0x0009, 0x0104, 0x0001, 0x010D, 
	0x0001, 0x010E, 0x0001, 0x010F, 0x0001, 0x0110, 0x0008, 0x0111, 0x0007, 
	0x0119, 0x0001, 0x0120, 0x0001, 0x0121, 0x0001, 0x0122, 0x0001, 0x0123, 
});
smlua_anim_util_register_animation('cr_anim_j355_gp',1, 0, 0, 0, 1, { 
	0x0000, 0x003B, 0x0019, 0x0000, 0x3FFF, 0x0000, 0x0000, 0xFFFF, 0x1B25, 
	0xFF9D, 0xFCCD, 0x18D7, 0x0046, 0x0409, 0x15EB, 0x0001, 0xFFFE, 0xC170, 
	0x0001, 0xDBAE, 0xB81B, 0x0000, 0x0000, 0xCC5B, 0xE731, 0xF446, 0xEFFD, 
	0x0001, 0xFFFE, 0xC170, 0x0C93, 0x1D63, 0xC635, 0xFFFF, 0xFFFF, 0xC836, 
	0x1151, 0x0E07, 0xEA65, 0x0000, 0xFFFF, 0xBF5E, 0xFFCA, 0xF3C9, 0x8660, 
	0xFFFF, 0x0000, 0x3426, 0x0095, 0xFF08, 0xCC41, 0x0000, 0xFFFF, 0xBF5E, 
	0xF7EE, 0x07D6, 0x7ACB, 0xFFFF, 0xFFFF, 0x385D, 0x001B, 0x025B, 0xCB24, 
	},{ 
	0x0001, 0x0000, 0x0001, 0x0001, 0x0001, 0x0002, 0x0001, 0x0003, 0x0001, 
	0x0004, 0x0001, 0x0005, 0x0001, 0x0006, 0x0001, 0x0007, 0x0001, 0x0008, 
	0x0001, 0x0009, 0x0001, 0x000A, 0x0001, 0x000B, 0x0001, 0x000C, 0x0001, 
	0x000D, 0x0001, 0x000E, 0x0001, 0x000F, 0x0001, 0x0010, 0x0001, 0x0011, 
	0x0001, 0x0012, 0x0001, 0x0013, 0x0001, 0x0014, 0x0001, 0x0015, 0x0001, 
	0x0016, 0x0001, 0x0017, 0x0001, 0x0018, 0x0001, 0x0019, 0x0001, 0x001A, 
	0x0001, 0x001B, 0x0001, 0x001C, 0x0001, 0x001D, 0x0001, 0x001E, 0x0001, 
	0x001F, 0x0001, 0x0020, 0x0001, 0x0021, 0x0001, 0x0022, 0x0001, 0x0023, 
	0x0001, 0x0024, 0x0001, 0x0025, 0x0001, 0x0026, 0x0001, 0x0027, 0x0001, 
	0x0028, 0x0001, 0x0029, 0x0001, 0x002A, 0x0001, 0x002B, 0x0001, 0x002C, 
	0x0001, 0x002D, 0x0001, 0x002E, 0x0001, 0x002F, 0x0001, 0x0030, 0x0001, 
	0x0031, 0x0001, 0x0032, 0x0001, 0x0033, 0x0001, 0x0034, 0x0001, 0x0035, 
	0x0001, 0x0036, 0x0001, 0x0037, 0x0001, 0x0038, 0x0001, 0x0039, 0x0001, 
	0x003A, 0x0001, 0x003B, 0x0001, 0x003C, 0x0001, 0x003D, 0x0001, 0x003E, 
});
smlua_anim_util_register_animation('cr_anim_j355_gp_land',1, 0, 0, 0, 5, { 
	0x0000, 0x003B, 0x003A, 0x0039, 0x0038, 0x0037, 0x0036, 0x0019, 0x0016, 
	0x0010, 0x0009, 0x0003, 0x0000, 0x0000, 0x3FFF, 0x0000, 0x0000, 0xFFFF, 
	0x1B25, 0x1B7C, 0x1C4B, 0x1D42, 0x1E11, 0x1E68, 0xFFA4, 0xFFAD, 0xFFC4, 
	0xFFDF, 0xFFF6, 0xFFFF, 0xFCCD, 0xFCCB, 0xFCC7, 0xFCC3, 0xFCBF, 0xFCBD, 
	0x18D7, 0x1854, 0x171C, 0x15A7, 0x146F, 0x13EC, 0x0046, 0x003F, 0x002D, 
	0x0019, 0x0007, 0x0000, 0x0409, 0x03F4, 0x03C3, 0x0388, 0x0357, 0x0342, 
	0x15EB, 0x1624, 0x16AE, 0x1752, 0x17DB, 0x1815, 0x0001, 0xFFFE, 0xC170, 
	0x0000, 0x10C7, 0xB8C7, 0xE887, 0x1089, 0x2150, 0xDBAE, 0xDA1C, 0xA9A1, 
	0xAE19, 0xB1D8, 0xB36A, 0xB81B, 0xACC6, 0x11C1, 0xF180, 0xD67A, 0xCB25, 
	0xFFFF, 0xFFFF, 0xFFFF, 0x0000, 0xFFFF, 0x0000, 0xFFFF, 0xFFFF, 0xFFFF, 
	0xFFFF, 0xFFFF, 0x0000, 0xCC5B, 0xCD5C, 0xCFC3, 0xD2A1, 0xD507, 0xD609, 
	0xE731, 0xF446, 0xEFFD, 0x0001, 0xFFFE, 0xC170, 0x0C93, 0x1060, 0x1973, 
	0x2447, 0x2D59, 0x3127, 0x1D63, 0x1F7E, 0x2481, 0x2A7C, 0x2F80, 0x319A, 
	0xC635, 0xCEC7, 0xE338, 0xFB9D, 0x100F, 0x18A1, 0x0000, 0xFFFF, 0xFFFF, 
	0x0000, 0xFFFF, 0xC836, 0xCA3E, 0xCF16, 0xD4DE, 0xD9B5, 0xDBBD, 0x1151, 
	0x0F84, 0x0B38, 0x0618, 0x01CD, 0xFFFF, 0x0E07, 0x0C92, 0x0917, 0x04F0, 
	0x0175, 0xFFFF, 0xEA65, 0xEAB9, 0xEB81, 0xEC6F, 0xED37, 0xED8B, 0x0000, 
	0x0000, 0xFFFF, 0x0000, 0x0000, 0x0000, 0x0000, 0xFFFF, 0xBF5E, 0xFFCA, 
	0xFFD0, 0xFFDD, 0xFFEC, 0xFFF9, 0x0000, 0xF3C9, 0xF519, 0xF83B, 0xFBF9, 
	0xFF1B, 0x006C, 0x8660, 0x892B, 0x8FD3, 0x97C4, 0x9E6C, 0xA136, 0x0000, 
	0xFFFF, 0xFFFF, 0xFFFF, 0x0000, 0xFFFF, 0x0000, 0x0000, 0x0000, 0xFFFF, 
	0x3426, 0x2FBE, 0x253C, 0x18B1, 0x0E2F, 0x09C7, 0x0095, 0xFF08, 0xCC41, 
	0x0000, 0x0000, 0xFFFF, 0x0000, 0x0000, 0x0000, 0x0000, 0xFFFF, 0xBF5E, 
	0xF7EE, 0xF8BF, 0xFAB0, 0xFD02, 0xFEF3, 0xFFC4, 0x07D6, 0x06E3, 0x049E, 
	0x01E9, 0xFFA3, 0xFEB0, 0x7ACB, 0x7E42, 0x8686, 0x9064, 0x98A9, 0x9C20, 
	0xFFFF, 0x0000, 0xFFFF, 0xFFFF, 0x0000, 0xFFFF, 0x0000, 0xFFFF, 0xFFFF, 
	0xFFFF, 0x0000, 0x385D, 0x3327, 0x26B9, 0x17E4, 0x0B76, 0x0640, 0x001B, 
	0x025B, 0xCB24, 
	},{ 
	0x0001, 0x0000, 0x0006, 0x0001, 0x0006, 0x0007, 0x0001, 0x000D, 0x0001, 
	0x000E, 0x0001, 0x000F, 0x0001, 0x0010, 0x0001, 0x0011, 0x0006, 0x0012, 
	0x0006, 0x0018, 0x0006, 0x001E, 0x0006, 0x0024, 0x0006, 0x002A, 0x0006, 
	0x0030, 0x0006, 0x0036, 0x0001, 0x003C, 0x0001, 0x003D, 0x0001, 0x003E, 
	0x0006, 0x003F, 0x0006, 0x0045, 0x0006, 0x004B, 0x0006, 0x0051, 0x0006, 
	0x0057, 0x0006, 0x005D, 0x0001, 0x0063, 0x0001, 0x0064, 0x0001, 0x0065, 
	0x0001, 0x0066, 0x0001, 0x0067, 0x0001, 0x0068, 0x0006, 0x0069, 0x0006, 
	0x006F, 0x0006, 0x0075, 0x0001, 0x007B, 0x0004, 0x007C, 0x0006, 0x0080, 
	0x0006, 0x0086, 0x0006, 0x008C, 0x0006, 0x0092, 0x0004, 0x0098, 0x0004, 
	0x009C, 0x0001, 0x00A0, 0x0006, 0x00A1, 0x0006, 0x00A7, 0x0006, 0x00AD, 
	0x0006, 0x00B3, 0x0004, 0x00B9, 0x0006, 0x00BD, 0x0001, 0x00C3, 0x0001, 
	0x00C4, 0x0001, 0x00C5, 0x0004, 0x00C6, 0x0004, 0x00CA, 0x0001, 0x00CE, 
	0x0006, 0x00CF, 0x0006, 0x00D5, 0x0006, 0x00DB, 0x0005, 0x00E1, 0x0006, 
	0x00E6, 0x0006, 0x00EC, 0x0001, 0x00F2, 0x0001, 0x00F3, 0x0001, 0x00F4, 
});